sample_ID,Collection,MouseID,pool_ID,genome,BS,barcode_N,barcode,age,age_units,sex,tissue,treatment
C1_L4.1,C1,L4.1,LEAP_TS-Blood_Pool1,mm10,BS,1,AAAGA,6.88,years,male,blood,no_drug
C1_L3.3,C1,L3.3,LEAP_TS-Blood_Pool1,mm10,BS,2,AAGTA,6.88,years,male,blood,no_drug
C1_L3.2,C1,L3.2,LEAP_TS-Blood_Pool1,mm10,BS,3,AATTG,6.88,years,male,blood,no_drug
C1_L3.1,C1,L3.1,LEAP_TS-Blood_Pool1,mm10,BS,4,AGATG,6.88,years,male,blood,no_drug
C1_L2.3,C1,L2.3,LEAP_TS-Blood_Pool1,mm10,BS,5,AGGTT,6.88,years,male,blood,no_drug
C1_L2.2,C1,L2.2,LEAP_TS-Blood_Pool1,mm10,BS,6,AGTAA,6.88,years,male,blood,no_drug
C1_L1.3,C1,L1.3,LEAP_TS-Blood_Pool1,mm10,BS,7,ATTAG,6.88,years,male,blood,no_drug
C1_L1.1,C1,L1.1,LEAP_TS-Blood_Pool1,mm10,BS,8,GTTGT,6.88,years,male,blood,no_drug
C1_L7.4,C1,L7.4,LEAP_TS-Blood_Pool1,mm10,BS,9,AGTGA,6.88,years,male,blood,no_drug
C1_L7.3,C1,L7.3,LEAP_TS-Blood_Pool1,mm10,BS,10,ATGTG,6.88,years,male,blood,no_drug
C1_L7.2,C1,L7.2,LEAP_TS-Blood_Pool1,mm10,BS,11,GTAGA,6.88,years,male,blood,no_drug
C1_L6.1,C1,L6.1,LEAP_TS-Blood_Pool1,mm10,BS,12,GTGGG,6.88,years,male,blood,no_drug
C1_L5.2,C1,L5.2,LEAP_TS-Blood_Pool1,mm10,BS,13,GTGAA,6.88,years,male,blood,no_drug
C1_L5.1,C1,L5.1,LEAP_TS-Blood_Pool1,mm10,BS,14,GTTTG,6.88,years,male,blood,no_drug
C1_L4.3,C1,L4.3,LEAP_TS-Blood_Pool1,mm10,BS,15,GAGTG,6.88,years,male,blood,no_drug
C1_L4.2,C1,L4.2,LEAP_TS-Blood_Pool1,mm10,BS,16,ATTGG,6.88,years,male,blood,no_drug
C1_L10.2,C1,L10.2,LEAP_TS-Blood_Pool1,mm10,BS,17,GAAGT,6.88,years,male,blood,no_drug
C1_L10.1,C1,L10.1,LEAP_TS-Blood_Pool1,mm10,BS,18,GAGGG,6.88,years,male,blood,no_drug
C1_L9.3,C1,L9.3,LEAP_TS-Blood_Pool1,mm10,BS,19,GAGGA,6.88,years,male,blood,no_drug
C1_L9.2,C1,L9.2,LEAP_TS-Blood_Pool1,mm10,BS,20,GATGG,6.88,years,male,blood,no_drug
C1_L9.1,C1,L9.1,LEAP_TS-Blood_Pool1,mm10,BS,21,GATTT,6.88,years,male,blood,no_drug
C1_L8.3,C1,L8.3,LEAP_TS-Blood_Pool1,mm10,BS,22,GTAGG,6.88,years,male,blood,no_drug
C1_L8.2,C1,L8.2,LEAP_TS-Blood_Pool1,mm10,BS,23,GTATA,6.88,years,male,blood,no_drug
C1_L8.1,C1,L8.1,LEAP_TS-Blood_Pool1,mm10,BS,24,GTGAG,6.88,years,male,blood,no_drug
C1_L13.2,C1,L13.2,LEAP_TS-Blood_Pool1,mm10,BS,50,TTAAG,6.88,years,male,blood,no_drug
C1_L13.1,C1,L13.1,LEAP_TS-Blood_Pool1,mm10,BS,26,TAGAG,6.88,years,male,blood,no_drug
C1_L12.3,C1,L12.3,LEAP_TS-Blood_Pool1,mm10,BS,27,TATAA,6.88,years,male,blood,no_drug
C1_L12.2,C1,L12.2,LEAP_TS-Blood_Pool1,mm10,BS,28,TGATT,6.88,years,male,blood,no_drug
C1_L12.1,C1,L12.1,LEAP_TS-Blood_Pool1,mm10,BS,29,TGGAA,6.88,years,male,blood,no_drug
C1_L11.2,C1,L11.2,LEAP_TS-Blood_Pool1,mm10,BS,30,ATGAG,6.88,years,male,blood,no_drug
C1_L11.1,C1,L11.1,LEAP_TS-Blood_Pool1,mm10,BS,31,TTAGG,6.88,years,male,blood,no_drug
C1_L10.3,C1,L10.3,LEAP_TS-Blood_Pool1,mm10,BS,32,TGAGG,6.88,years,male,blood,no_drug
C1_L15.3,C1,L15.3,LEAP_TS-Blood_Pool1,mm10,BS,33,AGAGT,6.88,years,male,blood,no_drug
C1_L15.2,C1,L15.2,LEAP_TS-Blood_Pool1,mm10,BS,34,GAGAT,6.88,years,male,blood,no_drug
C1_L15.1,C1,L15.1,LEAP_TS-Blood_Pool1,mm10,BS,35,AGTTG,6.88,years,male,blood,no_drug
C1_L14.4,C1,L14.4,LEAP_TS-Blood_Pool1,mm10,BS,36,GATGA,6.88,years,male,blood,no_drug
C1_L14.3,C1,L14.3,LEAP_TS-Blood_Pool1,mm10,BS,37,ATGTA,6.88,years,male,blood,no_drug
C1_L14.2,C1,L14.2,LEAP_TS-Blood_Pool1,mm10,BS,38,AGATA,6.88,years,male,blood,no_drug
C1_L14.1,C1,L14.1,LEAP_TS-Blood_Pool1,mm10,BS,39,TGAGT,6.88,years,male,blood,no_drug
C1_L13.3,C1,L13.3,LEAP_TS-Blood_Pool1,mm10,BS,40,TGGTT,6.88,years,male,blood,no_drug
C1_L18.1,C1,L18.1,LEAP_TS-Blood_Pool1,mm10,BS,41,AATAT,6.88,years,male,blood,no_drug
C1_L17.3,C1,L17.3,LEAP_TS-Blood_Pool1,mm10,BS,42,ATAAG,6.88,years,male,blood,no_drug
C1_L17.2,C1,L17.2,LEAP_TS-Blood_Pool1,mm10,BS,43,AGTAT,6.88,years,male,blood,no_drug
C1_L17.1,C1,L17.1,LEAP_TS-Blood_Pool1,mm10,BS,44,TGTTG,6.88,years,male,blood,no_drug
C1_L16.3,C1,L16.3,LEAP_TS-Blood_Pool1,mm10,BS,45,GATAG,6.88,years,male,blood,no_drug
C1_L16.2,C1,L16.2,LEAP_TS-Blood_Pool1,mm10,BS,46,TAGTG,6.88,years,male,blood,no_drug
C1_L16.1,C1,L16.1,LEAP_TS-Blood_Pool1,mm10,BS,47,GGTAT,6.88,years,male,blood,no_drug
C1_L15.4,C1,L15.4,LEAP_TS-Blood_Pool1,mm10,BS,48,GTATG,6.88,years,male,blood,no_drug
C2_L2.1,C2,L2.1,LEAP_TS-Blood_Pool2,mm10,BS,1,AAAGA,7.38,years,male,blood,no_drug
C2_L1.2,C2,L1.2,LEAP_TS-Blood_Pool2,mm10,BS,2,AAGTA,7.38,years,male,blood,no_drug
C2_L1.3,C2,L1.3,LEAP_TS-Blood_Pool2,mm10,BS,3,AATTG,7.38,years,male,blood,no_drug
C2_L1.1,C2,L1.1,LEAP_TS-Blood_Pool2,mm10,BS,4,AGATG,7.38,years,male,blood,no_drug
C1_L19.3,C1,L19.3,LEAP_TS-Blood_Pool2,mm10,BS,5,AGGTT,6.88,years,male,blood,no_drug
C1_L19.2,C1,L19.2,LEAP_TS-Blood_Pool2,mm10,BS,6,AGTAA,6.88,years,male,blood,no_drug
C1_L18.4,C1,L18.4,LEAP_TS-Blood_Pool2,mm10,BS,7,ATTAG,6.88,years,male,blood,no_drug
C1_L18.2,C1,L18.2,LEAP_TS-Blood_Pool2,mm10,BS,8,GTTGT,6.88,years,male,blood,no_drug
C2_L4.3,C2,L4.3,LEAP_TS-Blood_Pool2,mm10,BS,9,AGTGA,7.38,years,male,blood,no_drug
C2_L4.2,C2,L4.2,LEAP_TS-Blood_Pool2,mm10,BS,10,ATGTG,7.38,years,male,blood,no_drug
C2_L4.1,C2,L4.1,LEAP_TS-Blood_Pool2,mm10,BS,11,GTAGA,7.38,years,male,blood,no_drug
C2_L3.3,C2,L3.3,LEAP_TS-Blood_Pool2,mm10,BS,12,GTGGG,7.38,years,male,blood,no_drug
C2_L3.2,C2,L3.2,LEAP_TS-Blood_Pool2,mm10,BS,13,GTGAA,7.38,years,male,blood,no_drug
C2_L3.1,C2,L3.1,LEAP_TS-Blood_Pool2,mm10,BS,14,GTTTG,7.38,years,male,blood,no_drug
C2_L2.3,C2,L2.3,LEAP_TS-Blood_Pool2,mm10,BS,15,GAGTG,7.38,years,male,blood,no_drug
C2_L2.2,C2,L2.2,LEAP_TS-Blood_Pool2,mm10,BS,16,ATTGG,7.38,years,male,blood,no_drug
C2_L7.4,C2,L7.4,LEAP_TS-Blood_Pool2,mm10,BS,17,GAAGT,7.38,years,male,blood,no_drug
C2_L7.3,C2,L7.3,LEAP_TS-Blood_Pool2,mm10,BS,18,GAGGG,7.38,years,male,blood,no_drug
C2_L7.2,C2,L7.2,LEAP_TS-Blood_Pool2,mm10,BS,19,GAGGA,7.38,years,male,blood,no_drug
C2_L7.1,C2,L7.1,LEAP_TS-Blood_Pool2,mm10,BS,20,GATGG,7.38,years,male,blood,no_drug
C2_L6.1,C2,L6.1,LEAP_TS-Blood_Pool2,mm10,BS,21,GATTT,7.38,years,male,blood,no_drug
C2_L5.2,C2,L5.2,LEAP_TS-Blood_Pool2,mm10,BS,22,GTAGG,7.38,years,male,blood,no_drug
C2_L5.1,C2,L5.1,LEAP_TS-Blood_Pool2,mm10,BS,23,GTATA,7.38,years,male,blood,no_drug
C2_L4.4,C2,L4.4,LEAP_TS-Blood_Pool2,mm10,BS,24,GTGAG,7.38,years,male,blood,no_drug
C2_L10.2,C2,L10.2,LEAP_TS-Blood_Pool2,mm10,BS,50,TTAAG,7.38,years,male,blood,no_drug
C2_L10.1,C2,L10.1,LEAP_TS-Blood_Pool2,mm10,BS,26,TAGAG,7.38,years,male,blood,no_drug
C2_L9.3,C2,L9.3,LEAP_TS-Blood_Pool2,mm10,BS,27,TATAA,7.38,years,male,blood,no_drug
C2_L9.2,C2,L9.2,LEAP_TS-Blood_Pool2,mm10,BS,28,TGATT,7.38,years,male,blood,no_drug
C2_L9.1,C2,L9.1,LEAP_TS-Blood_Pool2,mm10,BS,29,TGGAA,7.38,years,male,blood,no_drug
C2_L8.3,C2,L8.3,LEAP_TS-Blood_Pool2,mm10,BS,30,ATGAG,7.38,years,male,blood,no_drug
C2_L8.2,C2,L8.2,LEAP_TS-Blood_Pool2,mm10,BS,31,TTAGG,7.38,years,male,blood,no_drug
C2_L8.1,C2,L8.1,LEAP_TS-Blood_Pool2,mm10,BS,32,TGAGG,7.38,years,male,blood,no_drug
C2_L13.2,C2,L13.2,LEAP_TS-Blood_Pool2,mm10,BS,33,AGAGT,7.38,years,male,blood,no_drug
C2_L13.1,C2,L13.1,LEAP_TS-Blood_Pool2,mm10,BS,34,GAGAT,7.38,years,male,blood,no_drug
C2_L12.3,C2,L12.3,LEAP_TS-Blood_Pool2,mm10,BS,35,AGTTG,7.38,years,male,blood,no_drug
C2_L12.1,C2,L12.1,LEAP_TS-Blood_Pool2,mm10,BS,36,GATGA,7.38,years,male,blood,no_drug
C2_L11.3,C2,L11.3,LEAP_TS-Blood_Pool2,mm10,BS,37,ATGTA,7.38,years,male,blood,no_drug
C2_L11.2,C2,L11.2,LEAP_TS-Blood_Pool2,mm10,BS,38,AGATA,7.38,years,male,blood,no_drug
C2_L11.1,C2,L11.1,LEAP_TS-Blood_Pool2,mm10,BS,39,TGAGT,7.38,years,male,blood,no_drug
C2_L10.3,C2,L10.3,LEAP_TS-Blood_Pool2,mm10,BS,40,TGGTT,7.38,years,male,blood,no_drug
C2_L15.4,C2,L15.4,LEAP_TS-Blood_Pool2,mm10,BS,41,AATAT,7.38,years,male,blood,no_drug
C2_L15.2,C2,L15.2,LEAP_TS-Blood_Pool2,mm10,BS,42,ATAAG,7.38,years,male,blood,no_drug
C2_L14.4,C2,L14.4,LEAP_TS-Blood_Pool2,mm10,BS,43,AGTAT,7.38,years,male,blood,no_drug
C2_L14.3,C2,L14.3,LEAP_TS-Blood_Pool2,mm10,BS,44,TGTTG,7.38,years,male,blood,no_drug
C2_L14.2,C2,L14.2,LEAP_TS-Blood_Pool2,mm10,BS,45,GATAG,7.38,years,male,blood,no_drug
C2_L14.1,C2,L14.1,LEAP_TS-Blood_Pool2,mm10,BS,46,TAGTG,7.38,years,male,blood,no_drug
C2_L13.4,C2,L13.4,LEAP_TS-Blood_Pool2,mm10,BS,47,GGTAT,7.38,years,male,blood,no_drug
C2_L13.3,C2,L13.3,LEAP_TS-Blood_Pool2,mm10,BS,48,GTATG,7.38,years,male,blood,no_drug
C2_L17.3,C2,L17.3,LEAP_TS-Blood_Pool3,mm10,BS,1,AAAGA,7.38,years,male,blood,no_drug
C2_L17.2,C2,L17.2,LEAP_TS-Blood_Pool3,mm10,BS,2,AAGTA,7.38,years,male,blood,no_drug
C2_L17.1,C2,L17.1,LEAP_TS-Blood_Pool3,mm10,BS,3,AATTG,7.38,years,male,blood,no_drug
C2_L16.3,C2,L16.3,LEAP_TS-Blood_Pool3,mm10,BS,4,AGATG,7.38,years,male,blood,no_drug
C2_L16.2,C2,L16.2,LEAP_TS-Blood_Pool3,mm10,BS,5,AGGTT,7.38,years,male,blood,no_drug
C2_L16.1,C2,L16.1,LEAP_TS-Blood_Pool3,mm10,BS,6,AGTAA,7.38,years,male,blood,no_drug
C2_L15.3,C2,L15.3,LEAP_TS-Blood_Pool3,mm10,BS,7,ATTAG,7.38,years,male,blood,no_drug
C2_L15.1,C2,L15.1,LEAP_TS-Blood_Pool3,mm10,BS,8,GTTGT,7.38,years,male,blood,no_drug
C2_L12.2,C2,L12.2,LEAP_TS-Blood_Pool3,mm10,BS,9,AGTGA,7.38,years,male,blood,no_drug
C2_L19.3,C2,L19.3,LEAP_TS-Blood_Pool3,mm10,BS,10,ATGTG,7.38,years,male,blood,no_drug
C2_L19.2,C2,L19.2,LEAP_TS-Blood_Pool3,mm10,BS,11,GTAGA,7.38,years,male,blood,no_drug
C2_L19.1,C2,L19.1,LEAP_TS-Blood_Pool3,mm10,BS,12,GTGGG,7.38,years,male,blood,no_drug
C2_L18.4,C2,L18.4,LEAP_TS-Blood_Pool3,mm10,BS,13,GTGAA,7.38,years,male,blood,no_drug
C2_L18.3,C2,L18.3,LEAP_TS-Blood_Pool3,mm10,BS,14,GTTTG,7.38,years,male,blood,no_drug
C2_L18.2,C2,L18.2,LEAP_TS-Blood_Pool3,mm10,BS,15,GAGTG,7.38,years,male,blood,no_drug
C2_L18.1,C2,L18.1,LEAP_TS-Blood_Pool3,mm10,BS,16,ATTGG,7.38,years,male,blood,no_drug
C3_L3.2,C3,L3.2,LEAP_TS-Blood_Pool3,mm10,BS,17,GAAGT,7.84,years,male,blood,acarbose
C3_L3.1,C3,L3.1,LEAP_TS-Blood_Pool3,mm10,BS,18,GAGGG,7.84,years,male,blood,acarbose
C3_L2.3,C3,L2.3,LEAP_TS-Blood_Pool3,mm10,BS,19,GAGGA,7.84,years,male,blood,acarbose
C3_L2.2,C3,L2.2,LEAP_TS-Blood_Pool3,mm10,BS,20,GATGG,7.84,years,male,blood,acarbose
C3_L2.1,C3,L2.1,LEAP_TS-Blood_Pool3,mm10,BS,21,GATTT,7.84,years,male,blood,acarbose
C3_L1.3,C3,L1.3,LEAP_TS-Blood_Pool3,mm10,BS,22,GTAGG,7.84,years,male,blood,acarbose
C3_L1.2,C3,L1.2,LEAP_TS-Blood_Pool3,mm10,BS,23,GTATA,7.84,years,male,blood,acarbose
C3_L1.1,C3,L1.1,LEAP_TS-Blood_Pool3,mm10,BS,24,GTGAG,7.84,years,male,blood,acarbose
C3_L6.1,C3,L6.1,LEAP_TS-Blood_Pool3,mm10,BS,50,TTAAG,7.84,years,male,blood,estradiol
C3_L5.2,C3,L5.2,LEAP_TS-Blood_Pool3,mm10,BS,26,TAGAG,7.84,years,male,blood,estradiol
C3_L5.1,C3,L5.1,LEAP_TS-Blood_Pool3,mm10,BS,27,TATAA,7.84,years,male,blood,estradiol
C3_L4.4,C3,L4.4,LEAP_TS-Blood_Pool3,mm10,BS,28,TGATT,7.84,years,male,blood,no_drug
C3_L4.3,C3,L4.3,LEAP_TS-Blood_Pool3,mm10,BS,29,TGGAA,7.84,years,male,blood,no_drug
C3_L4.2,C3,L4.2,LEAP_TS-Blood_Pool3,mm10,BS,30,ATGAG,7.84,years,male,blood,no_drug
C3_L4.1,C3,L4.1,LEAP_TS-Blood_Pool3,mm10,BS,31,TTAGG,7.84,years,male,blood,no_drug
C3_L3.3,C3,L3.3,LEAP_TS-Blood_Pool3,mm10,BS,32,TGAGG,7.84,years,male,blood,acarbose
C3_L9.1,C3,L9.1,LEAP_TS-Blood_Pool3,mm10,BS,33,AGAGT,7.84,years,male,blood,no_drug
C3_L8.3,C3,L8.3,LEAP_TS-Blood_Pool3,mm10,BS,34,GAGAT,7.84,years,male,blood,rapamycin
C3_L8.2,C3,L8.2,LEAP_TS-Blood_Pool3,mm10,BS,35,AGTTG,7.84,years,male,blood,rapamycin
C3_L8.1,C3,L8.1,LEAP_TS-Blood_Pool3,mm10,BS,36,GATGA,7.84,years,male,blood,rapamycin
C3_L7.4,C3,L7.4,LEAP_TS-Blood_Pool3,mm10,BS,37,ATGTA,7.84,years,male,blood,no_drug
C3_L7.3,C3,L7.3,LEAP_TS-Blood_Pool3,mm10,BS,38,AGATA,7.84,years,male,blood,no_drug
C3_L7.2,C3,L7.2,LEAP_TS-Blood_Pool3,mm10,BS,39,TGAGT,7.84,years,male,blood,no_drug
C3_L7.1,C3,L7.1,LEAP_TS-Blood_Pool3,mm10,BS,40,TGGTT,7.84,years,male,blood,no_drug
C3_L11.3,C3,L11.3,LEAP_TS-Blood_Pool3,mm10,BS,41,AATAT,7.84,years,male,blood,rapamycin
C3_L11.2,C3,L11.2,LEAP_TS-Blood_Pool3,mm10,BS,42,ATAAG,7.84,years,male,blood,rapamycin
C3_L11.1,C3,L11.1,LEAP_TS-Blood_Pool3,mm10,BS,43,AGTAT,7.84,years,male,blood,rapamycin
C3_L10.3,C3,L10.3,LEAP_TS-Blood_Pool3,mm10,BS,44,TGTTG,7.84,years,male,blood,rapamycin
C3_L10.2,C3,L10.2,LEAP_TS-Blood_Pool3,mm10,BS,45,GATAG,7.84,years,male,blood,rapamycin
C3_L10.1,C3,L10.1,LEAP_TS-Blood_Pool3,mm10,BS,46,TAGTG,7.84,years,male,blood,rapamycin
C3_L9.3,C3,L9.3,LEAP_TS-Blood_Pool3,mm10,BS,47,GGTAT,7.84,years,male,blood,no_drug
C3_L9.2,C3,L9.2,LEAP_TS-Blood_Pool3,mm10,BS,48,GTATG,7.84,years,male,blood,no_drug
C3_L14.1,C3,L14.1,LEAP_TS-Blood_Pool4,mm10,BS,1,AAAGA,7.84,years,male,blood,estradiol
C3_L13.4,C3,L13.4,LEAP_TS-Blood_Pool4,mm10,BS,2,AAGTA,7.84,years,male,blood,estradiol
C3_L13.3,C3,L13.3,LEAP_TS-Blood_Pool4,mm10,BS,3,AATTG,7.84,years,male,blood,estradiol
C3_L13.2,C3,L13.2,LEAP_TS-Blood_Pool4,mm10,BS,4,AGATG,7.84,years,male,blood,estradiol
C3_L13.1,C3,L13.1,LEAP_TS-Blood_Pool4,mm10,BS,5,AGGTT,7.84,years,male,blood,estradiol
C3_L12.3,C3,L12.3,LEAP_TS-Blood_Pool4,mm10,BS,6,AGTAA,7.84,years,male,blood,rapamycin
C3_L12.2,C3,L12.2,LEAP_TS-Blood_Pool4,mm10,BS,7,ATTAG,7.84,years,male,blood,rapamycin
C3_L12.1,C3,L12.1,LEAP_TS-Blood_Pool4,mm10,BS,8,GTTGT,7.84,years,male,blood,rapamycin
C3_L16.1,C3,L16.1,LEAP_TS-Blood_Pool4,mm10,BS,9,AGTGA,7.84,years,male,blood,rapamycin
C3_L15.4,C3,L15.4,LEAP_TS-Blood_Pool4,mm10,BS,10,ATGTG,7.84,years,male,blood,estradiol
C3_L15.3,C3,L15.3,LEAP_TS-Blood_Pool4,mm10,BS,11,GTAGA,7.84,years,male,blood,estradiol
C3_L15.2,C3,L15.2,LEAP_TS-Blood_Pool4,mm10,BS,12,GTGGG,7.84,years,male,blood,estradiol
C3_L15.1,C3,L15.1,LEAP_TS-Blood_Pool4,mm10,BS,13,GTGAA,7.84,years,male,blood,estradiol
C3_L14.4,C3,L14.4,LEAP_TS-Blood_Pool4,mm10,BS,14,GTTTG,7.84,years,male,blood,estradiol
C3_L14.3,C3,L14.3,LEAP_TS-Blood_Pool4,mm10,BS,15,GAGTG,7.84,years,male,blood,estradiol
C3_L14.2,C3,L14.2,LEAP_TS-Blood_Pool4,mm10,BS,16,ATTGG,7.84,years,male,blood,estradiol
C3_L18.3,C3,L18.3,LEAP_TS-Blood_Pool4,mm10,BS,17,GAAGT,7.84,years,male,blood,no_drug
C3_L18.2,C3,L18.2,LEAP_TS-Blood_Pool4,mm10,BS,18,GAGGG,7.84,years,male,blood,no_drug
C3_L18.1,C3,L18.1,LEAP_TS-Blood_Pool4,mm10,BS,19,GAGGA,7.84,years,male,blood,no_drug
C3_L17.3,C3,L17.3,LEAP_TS-Blood_Pool4,mm10,BS,20,GATGG,7.84,years,male,blood,acarbose
C3_L17.2,C3,L17.2,LEAP_TS-Blood_Pool4,mm10,BS,21,GATTT,7.84,years,male,blood,acarbose
C3_L17.1,C3,L17.1,LEAP_TS-Blood_Pool4,mm10,BS,22,GTAGG,7.84,years,male,blood,acarbose
C3_L16.3,C3,L16.3,LEAP_TS-Blood_Pool4,mm10,BS,23,GTATA,7.84,years,male,blood,rapamycin
C3_L16.2,C3,L16.2,LEAP_TS-Blood_Pool4,mm10,BS,24,GTGAG,7.84,years,male,blood,rapamycin
C4_L2.1,C4,L2.1,LEAP_TS-Blood_Pool4,mm10,BS,50,TTAAG,8.31,years,male,blood,acarbose
C4_L1.3,C4,L1.3,LEAP_TS-Blood_Pool4,mm10,BS,26,TAGAG,8.31,years,male,blood,acarbose
C4_L1.2,C4,L1.2,LEAP_TS-Blood_Pool4,mm10,BS,27,TATAA,8.31,years,male,blood,acarbose
C4_L1.1,C4,L1.1,LEAP_TS-Blood_Pool4,mm10,BS,28,TGATT,8.31,years,male,blood,acarbose
C3_L19.3,C3,L19.3,LEAP_TS-Blood_Pool4,mm10,BS,29,TGGAA,7.84,years,male,blood,acarbose
C3_L19.2,C3,L19.2,LEAP_TS-Blood_Pool4,mm10,BS,30,ATGAG,7.84,years,male,blood,acarbose
C3_L19.1,C3,L19.1,LEAP_TS-Blood_Pool4,mm10,BS,31,TTAGG,7.84,years,male,blood,acarbose
C3_L18.4,C3,L18.4,LEAP_TS-Blood_Pool4,mm10,BS,32,TGAGG,7.84,years,male,blood,no_drug
C4_L4.3,C4,L4.3,LEAP_TS-Blood_Pool4,mm10,BS,33,AGAGT,8.31,years,male,blood,no_drug
C4_L4.2,C4,L4.2,LEAP_TS-Blood_Pool4,mm10,BS,34,GAGAT,8.31,years,male,blood,no_drug
C4_L4.1,C4,L4.1,LEAP_TS-Blood_Pool4,mm10,BS,35,AGTTG,8.31,years,male,blood,no_drug
C4_L3.3,C4,L3.3,LEAP_TS-Blood_Pool4,mm10,BS,36,GATGA,8.31,years,male,blood,acarbose
C4_L3.2,C4,L3.2,LEAP_TS-Blood_Pool4,mm10,BS,37,ATGTA,8.31,years,male,blood,acarbose
C4_L3.1,C4,L3.1,LEAP_TS-Blood_Pool4,mm10,BS,38,AGATA,8.31,years,male,blood,acarbose
C4_L2.3,C4,L2.3,LEAP_TS-Blood_Pool4,mm10,BS,39,TGAGT,8.31,years,male,blood,acarbose
C4_L2.2,C4,L2.2,LEAP_TS-Blood_Pool4,mm10,BS,40,TGGTT,8.31,years,male,blood,acarbose
C4_L7.4,C4,L7.4,LEAP_TS-Blood_Pool4,mm10,BS,41,AATAT,8.31,years,male,blood,no_drug
C4_L7.3,C4,L7.3,LEAP_TS-Blood_Pool4,mm10,BS,42,ATAAG,8.31,years,male,blood,no_drug
C4_L7.2,C4,L7.2,LEAP_TS-Blood_Pool4,mm10,BS,43,AGTAT,8.31,years,male,blood,no_drug
C4_L7.1,C4,L7.1,LEAP_TS-Blood_Pool4,mm10,BS,44,TGTTG,8.31,years,male,blood,no_drug
C4_L6.1,C4,L6.1,LEAP_TS-Blood_Pool4,mm10,BS,45,GATAG,8.31,years,male,blood,estradiol
C4_L5.2,C4,L5.2,LEAP_TS-Blood_Pool4,mm10,BS,46,TAGTG,8.31,years,male,blood,estradiol
C4_L5.1,C4,L5.1,LEAP_TS-Blood_Pool4,mm10,BS,47,GGTAT,8.31,years,male,blood,estradiol
C4_L4.4,C4,L4.4,LEAP_TS-Blood_Pool4,mm10,BS,48,GTATG,8.31,years,male,blood,no_drug
C5_L7.1,C5,L7.1,LEAP_TS-Blood_Pool6,mm10,BS,1,AAAGA,8.8,years,male,blood,no_drug
C5_L6.1,C5,L6.1,LEAP_TS-Blood_Pool6,mm10,BS,2,AAGTA,8.8,years,male,blood,estradiol
C5_L5.2,C5,L5.2,LEAP_TS-Blood_Pool6,mm10,BS,3,AATTG,8.8,years,male,blood,estradiol
C5_L5.1,C5,L5.1,LEAP_TS-Blood_Pool6,mm10,BS,4,AGATG,8.8,years,male,blood,estradiol
C5_L4.4,C5,L4.4,LEAP_TS-Blood_Pool6,mm10,BS,5,AGGTT,8.8,years,male,blood,no_drug
C5_L4.2,C5,L4.2,LEAP_TS-Blood_Pool6,mm10,BS,6,AGTAA,8.8,years,male,blood,no_drug
C5_L4.1,C5,L4.1,LEAP_TS-Blood_Pool6,mm10,BS,7,ATTAG,8.8,years,male,blood,no_drug
C5_L3.3,C5,L3.3,LEAP_TS-Blood_Pool6,mm10,BS,8,GTTGT,8.8,years,male,blood,acarbose
C5_L9.2,C5,L9.2,LEAP_TS-Blood_Pool6,mm10,BS,9,AGTGA,8.8,years,male,blood,no_drug
C5_L9.1,C5,L9.1,LEAP_TS-Blood_Pool6,mm10,BS,10,ATGTG,8.8,years,male,blood,no_drug
C5_L8.3,C5,L8.3,LEAP_TS-Blood_Pool6,mm10,BS,11,GTAGA,8.8,years,male,blood,rapamycin
C5_L8.2,C5,L8.2,LEAP_TS-Blood_Pool6,mm10,BS,12,GTGGG,8.8,years,male,blood,rapamycin
C5_L8.1,C5,L8.1,LEAP_TS-Blood_Pool6,mm10,BS,13,GTGAA,8.8,years,male,blood,rapamycin
C5_L7.4,C5,L7.4,LEAP_TS-Blood_Pool6,mm10,BS,14,GTTTG,8.8,years,male,blood,no_drug
C5_L7.3,C5,L7.3,LEAP_TS-Blood_Pool6,mm10,BS,15,GAGTG,8.8,years,male,blood,no_drug
C5_L7.2,C5,L7.2,LEAP_TS-Blood_Pool6,mm10,BS,16,ATTGG,8.8,years,male,blood,no_drug
C5_L12.1,C5,L12.1,LEAP_TS-Blood_Pool6,mm10,BS,17,GAAGT,8.8,years,male,blood,rapamycin
C5_L11.3,C5,L11.3,LEAP_TS-Blood_Pool6,mm10,BS,18,GAGGG,8.8,years,male,blood,rapamycin
C5_L11.2,C5,L11.2,LEAP_TS-Blood_Pool6,mm10,BS,19,GAGGA,8.8,years,male,blood,rapamycin
C5_L11.1,C5,L11.1,LEAP_TS-Blood_Pool6,mm10,BS,20,GATGG,8.8,years,male,blood,rapamycin
C5_L10.3,C5,L10.3,LEAP_TS-Blood_Pool6,mm10,BS,21,GATTT,8.8,years,male,blood,rapamycin
C5_L10.2,C5,L10.2,LEAP_TS-Blood_Pool6,mm10,BS,22,GTAGG,8.8,years,male,blood,rapamycin
C5_L10.1,C5,L10.1,LEAP_TS-Blood_Pool6,mm10,BS,23,GTATA,8.8,years,male,blood,rapamycin
C5_L9.3,C5,L9.3,LEAP_TS-Blood_Pool6,mm10,BS,24,GTGAG,8.8,years,male,blood,no_drug
C5_L14.2,C5,L14.2,LEAP_TS-Blood_Pool6,mm10,BS,50,TTAAG,8.8,years,male,blood,estradiol
C5_L14.1,C5,L14.1,LEAP_TS-Blood_Pool6,mm10,BS,26,TAGAG,8.8,years,male,blood,estradiol
C5_L13.4,C5,L13.4,LEAP_TS-Blood_Pool6,mm10,BS,27,TATAA,8.8,years,male,blood,estradiol
C5_L13.3,C5,L13.3,LEAP_TS-Blood_Pool6,mm10,BS,28,TGATT,8.8,years,male,blood,estradiol
C5_L13.2,C5,L13.2,LEAP_TS-Blood_Pool6,mm10,BS,29,TGGAA,8.8,years,male,blood,estradiol
C5_L13.1,C5,L13.1,LEAP_TS-Blood_Pool6,mm10,BS,30,ATGAG,8.8,years,male,blood,estradiol
C5_L12.3,C5,L12.3,LEAP_TS-Blood_Pool6,mm10,BS,31,TTAGG,8.8,years,male,blood,rapamycin
C5_L12.2,C5,L12.2,LEAP_TS-Blood_Pool6,mm10,BS,32,TGAGG,8.8,years,male,blood,rapamycin
C5_L16.2,C5,L16.2,LEAP_TS-Blood_Pool6,mm10,BS,33,AGAGT,8.8,years,male,blood,rapamycin
C5_L16.1,C5,L16.1,LEAP_TS-Blood_Pool6,mm10,BS,34,GAGAT,8.8,years,male,blood,rapamycin
C5_L15.4,C5,L15.4,LEAP_TS-Blood_Pool6,mm10,BS,35,AGTTG,8.8,years,male,blood,estradiol
C5_L15.3,C5,L15.3,LEAP_TS-Blood_Pool6,mm10,BS,36,GATGA,8.8,years,male,blood,estradiol
C5_L15.2,C5,L15.2,LEAP_TS-Blood_Pool6,mm10,BS,37,ATGTA,8.8,years,male,blood,estradiol
C5_L15.1,C5,L15.1,LEAP_TS-Blood_Pool6,mm10,BS,38,AGATA,8.8,years,male,blood,estradiol
C5_L14.4,C5,L14.4,LEAP_TS-Blood_Pool6,mm10,BS,39,TGAGT,8.8,years,male,blood,estradiol
C5_L14.3,C5,L14.3,LEAP_TS-Blood_Pool6,mm10,BS,40,TGGTT,8.8,years,male,blood,estradiol
C5_L18.4,C5,L18.4,LEAP_TS-Blood_Pool6,mm10,BS,41,AATAT,8.8,years,male,blood,no_drug
C5_L18.3,C5,L18.3,LEAP_TS-Blood_Pool6,mm10,BS,42,ATAAG,8.8,years,male,blood,no_drug
C5_L18.2,C5,L18.2,LEAP_TS-Blood_Pool6,mm10,BS,43,AGTAT,8.8,years,male,blood,no_drug
C5_L18.1,C5,L18.1,LEAP_TS-Blood_Pool6,mm10,BS,44,TGTTG,8.8,years,male,blood,no_drug
C5_L17.3,C5,L17.3,LEAP_TS-Blood_Pool6,mm10,BS,45,GATAG,8.8,years,male,blood,acarbose
C5_L17.2,C5,L17.2,LEAP_TS-Blood_Pool6,mm10,BS,46,TAGTG,8.8,years,male,blood,acarbose
C5_L17.1,C5,L17.1,LEAP_TS-Blood_Pool6,mm10,BS,47,GGTAT,8.8,years,male,blood,acarbose
C5_L16.3,C5,L16.3,LEAP_TS-Blood_Pool6,mm10,BS,48,GTATG,8.8,years,male,blood,rapamycin
C6_L2.2,C6,L2.2,LEAP_TS-Blood_Pool7,mm10,BS,1,AAAGA,9.24,years,male,blood,acarbose
C6_L2.1,C6,L2.1,LEAP_TS-Blood_Pool7,mm10,BS,2,AAGTA,9.24,years,male,blood,acarbose
C6_L1.3,C6,L1.3,LEAP_TS-Blood_Pool7,mm10,BS,3,AATTG,9.24,years,male,blood,acarbose
C6_L1.2,C6,L1.2,LEAP_TS-Blood_Pool7,mm10,BS,4,AGATG,9.24,years,male,blood,acarbose
C6_L1.1,C6,L1.1,LEAP_TS-Blood_Pool7,mm10,BS,5,AGGTT,9.24,years,male,blood,acarbose
C5_L19.1,C5,L19.1,LEAP_TS-Blood_Pool7,mm10,BS,6,AGTAA,8.8,years,male,blood,acarbose
C5_L19.3,C5,L19.3,LEAP_TS-Blood_Pool7,mm10,BS,7,ATTAG,8.8,years,male,blood,acarbose
C5_L19.2,C5,L19.2,LEAP_TS-Blood_Pool7,mm10,BS,8,GTTGT,8.8,years,male,blood,acarbose
C6_L5.1,C6,L5.1,LEAP_TS-Blood_Pool7,mm10,BS,9,AGTGA,9.24,years,male,blood,estradiol
C6_L4.4,C6,L4.4,LEAP_TS-Blood_Pool7,mm10,BS,10,ATGTG,9.24,years,male,blood,no_drug
C6_L4.2,C6,L4.2,LEAP_TS-Blood_Pool7,mm10,BS,11,GTAGA,9.24,years,male,blood,no_drug
C6_L4.1,C6,L4.1,LEAP_TS-Blood_Pool7,mm10,BS,12,GTGGG,9.24,years,male,blood,no_drug
C6_L3.3,C6,L3.3,LEAP_TS-Blood_Pool7,mm10,BS,13,GTGAA,9.24,years,male,blood,acarbose
C6_L3.2,C6,L3.2,LEAP_TS-Blood_Pool7,mm10,BS,14,GTTTG,9.24,years,male,blood,acarbose
C6_L3.1,C6,L3.1,LEAP_TS-Blood_Pool7,mm10,BS,15,GAGTG,9.24,years,male,blood,acarbose
C6_L2.3,C6,L2.3,LEAP_TS-Blood_Pool7,mm10,BS,16,ATTGG,9.24,years,male,blood,acarbose
C6_L8.2,C6,L8.2,LEAP_TS-Blood_Pool7,mm10,BS,17,GAAGT,9.24,years,male,blood,rapamycin
C6_L8.1,C6,L8.1,LEAP_TS-Blood_Pool7,mm10,BS,18,GAGGG,9.24,years,male,blood,rapamycin
C6_L7.4,C6,L7.4,LEAP_TS-Blood_Pool7,mm10,BS,19,GAGGA,9.24,years,male,blood,no_drug
C6_L7.3,C6,L7.3,LEAP_TS-Blood_Pool7,mm10,BS,20,GATGG,9.24,years,male,blood,no_drug
C6_L7.2,C6,L7.2,LEAP_TS-Blood_Pool7,mm10,BS,21,GATTT,9.24,years,male,blood,no_drug
C6_L7.1,C6,L7.1,LEAP_TS-Blood_Pool7,mm10,BS,22,GTAGG,9.24,years,male,blood,no_drug
C6_L6.1,C6,L6.1,LEAP_TS-Blood_Pool7,mm10,BS,23,GTATA,9.24,years,male,blood,estradiol
C6_L5.2,C6,L5.2,LEAP_TS-Blood_Pool7,mm10,BS,24,GTGAG,9.24,years,male,blood,estradiol
C6_L11.1,C6,L11.1,LEAP_TS-Blood_Pool7,mm10,BS,50,TTAAG,9.24,years,male,blood,rapamycin
C6_L10.3,C6,L10.3,LEAP_TS-Blood_Pool7,mm10,BS,26,TAGAG,9.24,years,male,blood,rapamycin
C6_L10.2,C6,L10.2,LEAP_TS-Blood_Pool7,mm10,BS,27,TATAA,9.24,years,male,blood,rapamycin
C6_L10.1,C6,L10.1,LEAP_TS-Blood_Pool7,mm10,BS,28,TGATT,9.24,years,male,blood,rapamycin
C6_L9.3,C6,L9.3,LEAP_TS-Blood_Pool7,mm10,BS,29,TGGAA,9.24,years,male,blood,no_drug
C6_L9.2,C6,L9.2,LEAP_TS-Blood_Pool7,mm10,BS,30,ATGAG,9.24,years,male,blood,no_drug
C6_L9.1,C6,L9.1,LEAP_TS-Blood_Pool7,mm10,BS,31,TTAGG,9.24,years,male,blood,no_drug
C6_L8.3,C6,L8.3,LEAP_TS-Blood_Pool7,mm10,BS,32,TGAGG,9.24,years,male,blood,rapamycin
C6_L13.3,C6,L13.3,LEAP_TS-Blood_Pool7,mm10,BS,33,AGAGT,9.24,years,male,blood,estradiol
C6_L13.2,C6,L13.2,LEAP_TS-Blood_Pool7,mm10,BS,34,GAGAT,9.24,years,male,blood,estradiol
C6_L13.1,C6,L13.1,LEAP_TS-Blood_Pool7,mm10,BS,35,AGTTG,9.24,years,male,blood,estradiol
C6_L12.3,C6,L12.3,LEAP_TS-Blood_Pool7,mm10,BS,36,GATGA,9.24,years,male,blood,rapamycin
C6_L12.2,C6,L12.2,LEAP_TS-Blood_Pool7,mm10,BS,37,ATGTA,9.24,years,male,blood,rapamycin
C6_L12.1,C6,L12.1,LEAP_TS-Blood_Pool7,mm10,BS,38,AGATA,9.24,years,male,blood,rapamycin
C6_L11.3,C6,L11.3,LEAP_TS-Blood_Pool7,mm10,BS,39,TGAGT,9.24,years,male,blood,rapamycin
C6_L11.2,C6,L11.2,LEAP_TS-Blood_Pool7,mm10,BS,40,TGGTT,9.24,years,male,blood,rapamycin
C6_L15.3,C6,L15.3,LEAP_TS-Blood_Pool7,mm10,BS,41,AATAT,9.24,years,male,blood,estradiol
C6_L15.2,C6,L15.2,LEAP_TS-Blood_Pool7,mm10,BS,42,ATAAG,9.24,years,male,blood,estradiol
C6_L15.1,C6,L15.1,LEAP_TS-Blood_Pool7,mm10,BS,43,AGTAT,9.24,years,male,blood,estradiol
C6_L14.4,C6,L14.4,LEAP_TS-Blood_Pool7,mm10,BS,44,TGTTG,9.24,years,male,blood,estradiol
C6_L14.3,C6,L14.3,LEAP_TS-Blood_Pool7,mm10,BS,45,GATAG,9.24,years,male,blood,estradiol
C6_L14.2,C6,L14.2,LEAP_TS-Blood_Pool7,mm10,BS,46,TAGTG,9.24,years,male,blood,estradiol
C6_L14.1,C6,L14.1,LEAP_TS-Blood_Pool7,mm10,BS,47,GGTAT,9.24,years,male,blood,estradiol
C6_L13.4,C6,L13.4,LEAP_TS-Blood_Pool7,mm10,BS,48,GTATG,9.24,years,male,blood,estradiol
C6_L18.1,C6,L18.1,LEAP_TS-Blood_Pool8,mm10,BS,1,AAAGA,9.24,years,male,blood,no_drug
C6_L17.3,C6,L17.3,LEAP_TS-Blood_Pool8,mm10,BS,2,AAGTA,9.24,years,male,blood,acarbose
C6_L17.2,C6,L17.2,LEAP_TS-Blood_Pool8,mm10,BS,3,AATTG,9.24,years,male,blood,acarbose
C6_L17.1,C6,L17.1,LEAP_TS-Blood_Pool8,mm10,BS,4,AGATG,9.24,years,male,blood,acarbose
C6_L16.3,C6,L16.3,LEAP_TS-Blood_Pool8,mm10,BS,5,AGGTT,9.24,years,male,blood,rapamycin
C6_L16.2,C6,L16.2,LEAP_TS-Blood_Pool8,mm10,BS,6,AGTAA,9.24,years,male,blood,rapamycin
C6_L16.1,C6,L16.1,LEAP_TS-Blood_Pool8,mm10,BS,7,ATTAG,9.24,years,male,blood,rapamycin
C6_L15.4,C6,L15.4,LEAP_TS-Blood_Pool8,mm10,BS,8,GTTGT,9.24,years,male,blood,estradiol
C7_L1.2,C7,L1.2,LEAP_TS-Blood_Pool8,mm10,BS,9,AGTGA,9.7,years,male,blood,acarbose
C7_L1.1,C7,L1.1,LEAP_TS-Blood_Pool8,mm10,BS,10,ATGTG,9.7,years,male,blood,acarbose
C6_L19.3,C6,L19.3,LEAP_TS-Blood_Pool8,mm10,BS,11,GTAGA,9.24,years,male,blood,acarbose
C6_L19.2,C6,L19.2,LEAP_TS-Blood_Pool8,mm10,BS,12,GTGGG,9.24,years,male,blood,acarbose
C6_L19.1,C6,L19.1,LEAP_TS-Blood_Pool8,mm10,BS,13,GTGAA,9.24,years,male,blood,acarbose
C6_L18.4,C6,L18.4,LEAP_TS-Blood_Pool8,mm10,BS,14,GTTTG,9.24,years,male,blood,no_drug
C6_L18.3,C6,L18.3,LEAP_TS-Blood_Pool8,mm10,BS,15,GAGTG,9.24,years,male,blood,no_drug
C6_L18.2,C6,L18.2,LEAP_TS-Blood_Pool8,mm10,BS,16,ATTGG,9.24,years,male,blood,no_drug
C7_L4.1,C7,L4.1,LEAP_TS-Blood_Pool8,mm10,BS,17,GAAGT,9.7,years,male,blood,no_drug
C7_L3.3,C7,L3.3,LEAP_TS-Blood_Pool8,mm10,BS,18,GAGGG,9.7,years,male,blood,acarbose
C7_L3.2,C7,L3.2,LEAP_TS-Blood_Pool8,mm10,BS,19,GAGGA,9.7,years,male,blood,acarbose
C7_L3.1,C7,L3.1,LEAP_TS-Blood_Pool8,mm10,BS,20,GATGG,9.7,years,male,blood,acarbose
C7_L2.3,C7,L2.3,LEAP_TS-Blood_Pool8,mm10,BS,21,GATTT,9.7,years,male,blood,acarbose
C7_L2.2,C7,L2.2,LEAP_TS-Blood_Pool8,mm10,BS,22,GTAGG,9.7,years,male,blood,acarbose
C7_L2.1,C7,L2.1,LEAP_TS-Blood_Pool8,mm10,BS,23,GTATA,9.7,years,male,blood,acarbose
C7_L1.3,C7,L1.3,LEAP_TS-Blood_Pool8,mm10,BS,24,GTGAG,9.7,years,male,blood,acarbose
C7_L7.3,C7,L7.3,LEAP_TS-Blood_Pool8,mm10,BS,50,TTAAG,9.7,years,male,blood,no_drug
C7_L7.2,C7,L7.2,LEAP_TS-Blood_Pool8,mm10,BS,26,TAGAG,9.7,years,male,blood,no_drug
C7_L7.1,C7,L7.1,LEAP_TS-Blood_Pool8,mm10,BS,27,TATAA,9.7,years,male,blood,no_drug
C7_L6.1,C7,L6.1,LEAP_TS-Blood_Pool8,mm10,BS,28,TGATT,9.7,years,male,blood,estradiol
C7_L5.2,C7,L5.2,LEAP_TS-Blood_Pool8,mm10,BS,29,TGGAA,9.7,years,male,blood,estradiol
C7_L5.1,C7,L5.1,LEAP_TS-Blood_Pool8,mm10,BS,30,ATGAG,9.7,years,male,blood,estradiol
C7_L4.4,C7,L4.4,LEAP_TS-Blood_Pool8,mm10,BS,31,TTAGG,9.7,years,male,blood,no_drug
C7_L4.2,C7,L4.2,LEAP_TS-Blood_Pool8,mm10,BS,32,TGAGG,9.7,years,male,blood,no_drug
C7_L10.1,C7,L10.1,LEAP_TS-Blood_Pool8,mm10,BS,33,AGAGT,9.7,years,male,blood,rapamycin
C7_L9.3,C7,L9.3,LEAP_TS-Blood_Pool8,mm10,BS,34,GAGAT,9.7,years,male,blood,no_drug
C7_L9.2,C7,L9.2,LEAP_TS-Blood_Pool8,mm10,BS,35,AGTTG,9.7,years,male,blood,no_drug
C7_L9.1,C7,L9.1,LEAP_TS-Blood_Pool8,mm10,BS,36,GATGA,9.7,years,male,blood,no_drug
C7_L8.3,C7,L8.3,LEAP_TS-Blood_Pool8,mm10,BS,37,ATGTA,9.7,years,male,blood,rapamycin
C7_L8.2,C7,L8.2,LEAP_TS-Blood_Pool8,mm10,BS,38,AGATA,9.7,years,male,blood,rapamycin
C7_L8.1,C7,L8.1,LEAP_TS-Blood_Pool8,mm10,BS,39,TGAGT,9.7,years,male,blood,rapamycin
C7_L7.4,C7,L7.4,LEAP_TS-Blood_Pool8,mm10,BS,40,TGGTT,9.7,years,male,blood,no_drug
C7_L12.3,C7,L12.3,LEAP_TS-Blood_Pool8,mm10,BS,41,AATAT,9.7,years,male,blood,rapamycin
C7_L12.2,C7,L12.2,LEAP_TS-Blood_Pool8,mm10,BS,42,ATAAG,9.7,years,male,blood,rapamycin
C7_L12.1,C7,L12.1,LEAP_TS-Blood_Pool8,mm10,BS,43,AGTAT,9.7,years,male,blood,rapamycin
C7_L11.3,C7,L11.3,LEAP_TS-Blood_Pool8,mm10,BS,44,TGTTG,9.7,years,male,blood,rapamycin
C7_L11.2,C7,L11.2,LEAP_TS-Blood_Pool8,mm10,BS,45,GATAG,9.7,years,male,blood,rapamycin
C7_L11.1,C7,L11.1,LEAP_TS-Blood_Pool8,mm10,BS,46,TAGTG,9.7,years,male,blood,rapamycin
C7_L10.3,C7,L10.3,LEAP_TS-Blood_Pool8,mm10,BS,47,GGTAT,9.7,years,male,blood,rapamycin
C7_L10.2,C7,L10.2,LEAP_TS-Blood_Pool8,mm10,BS,48,GTATG,9.7,years,male,blood,rapamycin
C7_L14.4,C7,L14.4,LEAP_TS-Blood_Pool9,mm10,BS,1,AAAGA,9.7,years,male,blood,estradiol
C7_L14.3,C7,L14.3,LEAP_TS-Blood_Pool9,mm10,BS,2,AAGTA,9.7,years,male,blood,estradiol
C7_L14.2,C7,L14.2,LEAP_TS-Blood_Pool9,mm10,BS,3,AATTG,9.7,years,male,blood,estradiol
C7_L14.1,C7,L14.1,LEAP_TS-Blood_Pool9,mm10,BS,4,AGATG,9.7,years,male,blood,estradiol
C7_L13.4,C7,L13.4,LEAP_TS-Blood_Pool9,mm10,BS,5,AGGTT,9.7,years,male,blood,estradiol
C7_L13.3,C7,L13.3,LEAP_TS-Blood_Pool9,mm10,BS,6,AGTAA,9.7,years,male,blood,estradiol
C7_L13.2,C7,L13.2,LEAP_TS-Blood_Pool9,mm10,BS,7,ATTAG,9.7,years,male,blood,estradiol
C7_L13.1,C7,L13.1,LEAP_TS-Blood_Pool9,mm10,BS,8,GTTGT,9.7,years,male,blood,estradiol
C7_L17.1,C7,L17.1,LEAP_TS-Blood_Pool9,mm10,BS,9,AGTGA,9.7,years,male,blood,acarbose
C7_L16.3,C7,L16.3,LEAP_TS-Blood_Pool9,mm10,BS,10,ATGTG,9.7,years,male,blood,rapamycin
C7_L16.2,C7,L16.2,LEAP_TS-Blood_Pool9,mm10,BS,11,GTAGA,9.7,years,male,blood,rapamycin
C7_L16.1,C7,L16.1,LEAP_TS-Blood_Pool9,mm10,BS,12,GTGGG,9.7,years,male,blood,rapamycin
C7_L15.4,C7,L15.4,LEAP_TS-Blood_Pool9,mm10,BS,13,GTGAA,9.7,years,male,blood,estradiol
C7_L15.3,C7,L15.3,LEAP_TS-Blood_Pool9,mm10,BS,14,GTTTG,9.7,years,male,blood,estradiol
C7_L15.2,C7,L15.2,LEAP_TS-Blood_Pool9,mm10,BS,15,GAGTG,9.7,years,male,blood,estradiol
C7_L15.1,C7,L15.1,LEAP_TS-Blood_Pool9,mm10,BS,16,ATTGG,9.7,years,male,blood,estradiol
C7_L19.3,C7,L19.3,LEAP_TS-Blood_Pool9,mm10,BS,17,GAAGT,9.7,years,male,blood,acarbose
C7_L19.2,C7,L19.2,LEAP_TS-Blood_Pool9,mm10,BS,18,GAGGG,9.7,years,male,blood,acarbose
C7_L19.1,C7,L19.1,LEAP_TS-Blood_Pool9,mm10,BS,19,GAGGA,9.7,years,male,blood,acarbose
C7_L18.4,C7,L18.4,LEAP_TS-Blood_Pool9,mm10,BS,20,GATGG,9.7,years,male,blood,no_drug
C7_L18.2,C7,L18.2,LEAP_TS-Blood_Pool9,mm10,BS,21,GATTT,9.7,years,male,blood,no_drug
C7_L18.1,C7,L18.1,LEAP_TS-Blood_Pool9,mm10,BS,22,GTAGG,9.7,years,male,blood,no_drug
C7_L17.3,C7,L17.3,LEAP_TS-Blood_Pool9,mm10,BS,23,GTATA,9.7,years,male,blood,acarbose
C7_L17.2,C7,L17.2,LEAP_TS-Blood_Pool9,mm10,BS,24,GTGAG,9.7,years,male,blood,acarbose
C8_L3.2,C8,L3.2,LEAP_TS-Blood_Pool9,mm10,BS,50,TTAAG,10.2,years,male,blood,acarbose
C8_L3.1,C8,L3.1,LEAP_TS-Blood_Pool9,mm10,BS,26,TAGAG,10.2,years,male,blood,acarbose
C8_L2.3,C8,L2.3,LEAP_TS-Blood_Pool9,mm10,BS,27,TATAA,10.2,years,male,blood,acarbose
C8_L2.2,C8,L2.2,LEAP_TS-Blood_Pool9,mm10,BS,28,TGATT,10.2,years,male,blood,acarbose
C8_L2.1,C8,L2.1,LEAP_TS-Blood_Pool9,mm10,BS,29,TGGAA,10.2,years,male,blood,acarbose
C8_L1.3,C8,L1.3,LEAP_TS-Blood_Pool9,mm10,BS,30,ATGAG,10.2,years,male,blood,acarbose
C8_L1.2,C8,L1.2,LEAP_TS-Blood_Pool9,mm10,BS,31,TTAGG,10.2,years,male,blood,acarbose
C8_L1.1,C8,L1.1,LEAP_TS-Blood_Pool9,mm10,BS,32,TGAGG,10.2,years,male,blood,acarbose
C8_L7.1,C8,L7.1,LEAP_TS-Blood_Pool9,mm10,BS,33,AGAGT,10.2,years,male,blood,no_drug
C8_L6.1,C8,L6.1,LEAP_TS-Blood_Pool9,mm10,BS,34,GAGAT,10.2,years,male,blood,estradiol
C8_L5.2,C8,L5.2,LEAP_TS-Blood_Pool9,mm10,BS,35,AGTTG,10.2,years,male,blood,estradiol
C8_L5.1,C8,L5.1,LEAP_TS-Blood_Pool9,mm10,BS,36,GATGA,10.2,years,male,blood,estradiol
C8_L4.4,C8,L4.4,LEAP_TS-Blood_Pool9,mm10,BS,37,ATGTA,10.2,years,male,blood,no_drug
C8_L4.2,C8,L4.2,LEAP_TS-Blood_Pool9,mm10,BS,38,AGATA,10.2,years,male,blood,no_drug
C8_L4.1,C8,L4.1,LEAP_TS-Blood_Pool9,mm10,BS,39,TGAGT,10.2,years,male,blood,no_drug
C8_L3.3,C8,L3.3,LEAP_TS-Blood_Pool9,mm10,BS,40,TGGTT,10.2,years,male,blood,acarbose
C8_L9.2,C8,L9.2,LEAP_TS-Blood_Pool9,mm10,BS,41,AATAT,10.2,years,male,blood,no_drug
C8_L9.1,C8,L9.1,LEAP_TS-Blood_Pool9,mm10,BS,42,ATAAG,10.2,years,male,blood,no_drug
C8_L8.3,C8,L8.3,LEAP_TS-Blood_Pool9,mm10,BS,43,AGTAT,10.2,years,male,blood,rapamycin
C8_L8.2,C8,L8.2,LEAP_TS-Blood_Pool9,mm10,BS,44,TGTTG,10.2,years,male,blood,rapamycin
C8_L8.1,C8,L8.1,LEAP_TS-Blood_Pool9,mm10,BS,45,GATAG,10.2,years,male,blood,rapamycin
C8_L7.4,C8,L7.4,LEAP_TS-Blood_Pool9,mm10,BS,46,TAGTG,10.2,years,male,blood,no_drug
C8_L7.3,C8,L7.3,LEAP_TS-Blood_Pool9,mm10,BS,47,GGTAT,10.2,years,male,blood,no_drug
C8_L7.2,C8,L7.2,LEAP_TS-Blood_Pool9,mm10,BS,48,GTATG,10.2,years,male,blood,no_drug
C8_L12.1,C8,L12.1,LEAP_TS-Blood_Pool10,mm10,BS,1,AAAGA,10.2,years,male,blood,rapamycin
C8_L11.3,C8,L11.3,LEAP_TS-Blood_Pool10,mm10,BS,2,AAGTA,10.2,years,male,blood,rapamycin
C8_L11.2,C8,L11.2,LEAP_TS-Blood_Pool10,mm10,BS,3,AATTG,10.2,years,male,blood,rapamycin
C8_L11.1,C8,L11.1,LEAP_TS-Blood_Pool10,mm10,BS,4,AGATG,10.2,years,male,blood,rapamycin
C8_L10.3,C8,L10.3,LEAP_TS-Blood_Pool10,mm10,BS,5,AGGTT,10.2,years,male,blood,rapamycin
C8_L10.2,C8,L10.2,LEAP_TS-Blood_Pool10,mm10,BS,6,AGTAA,10.2,years,male,blood,rapamycin
C8_L10.1,C8,L10.1,LEAP_TS-Blood_Pool10,mm10,BS,7,ATTAG,10.2,years,male,blood,rapamycin
C8_L9.3,C8,L9.3,LEAP_TS-Blood_Pool10,mm10,BS,8,GTTGT,10.2,years,male,blood,no_drug
C8_L14.2,C8,L14.2,LEAP_TS-Blood_Pool10,mm10,BS,9,AGTGA,10.2,years,male,blood,estradiol
C8_L14.1,C8,L14.1,LEAP_TS-Blood_Pool10,mm10,BS,10,ATGTG,10.2,years,male,blood,estradiol
C8_L13.4,C8,L13.4,LEAP_TS-Blood_Pool10,mm10,BS,11,GTAGA,10.2,years,male,blood,estradiol
C8_L13.3,C8,L13.3,LEAP_TS-Blood_Pool10,mm10,BS,12,GTGGG,10.2,years,male,blood,estradiol
C8_L13.2,C8,L13.2,LEAP_TS-Blood_Pool10,mm10,BS,13,GTGAA,10.2,years,male,blood,estradiol
C8_L13.1,C8,L13.1,LEAP_TS-Blood_Pool10,mm10,BS,14,GTTTG,10.2,years,male,blood,estradiol
C8_L12.3,C8,L12.3,LEAP_TS-Blood_Pool10,mm10,BS,15,GAGTG,10.2,years,male,blood,rapamycin
C8_L12.2,C8,L12.2,LEAP_TS-Blood_Pool10,mm10,BS,16,ATTGG,10.2,years,male,blood,rapamycin
C8_L16.2,C8,L16.2,LEAP_TS-Blood_Pool10,mm10,BS,17,GAAGT,10.2,years,male,blood,rapamycin
C8_L16.1,C8,L16.1,LEAP_TS-Blood_Pool10,mm10,BS,18,GAGGG,10.2,years,male,blood,rapamycin
C8_L15.4,C8,L15.4,LEAP_TS-Blood_Pool10,mm10,BS,19,GAGGA,10.2,years,male,blood,estradiol
C8_L15.3,C8,L15.3,LEAP_TS-Blood_Pool10,mm10,BS,20,GATGG,10.2,years,male,blood,estradiol
C8_L15.2,C8,L15.2,LEAP_TS-Blood_Pool10,mm10,BS,21,GATTT,10.2,years,male,blood,estradiol
C8_L15.1,C8,L15.1,LEAP_TS-Blood_Pool10,mm10,BS,22,GTAGG,10.2,years,male,blood,estradiol
C8_L14.4,C8,L14.4,LEAP_TS-Blood_Pool10,mm10,BS,23,GTATA,10.2,years,male,blood,estradiol
C8_L14.3,C8,L14.3,LEAP_TS-Blood_Pool10,mm10,BS,24,GTGAG,10.2,years,male,blood,estradiol
C8_L19.1,C8,L19.1,LEAP_TS-Blood_Pool10,mm10,BS,50,TTAAG,10.2,years,male,blood,acarbose
C8_L18.4,C8,L18.4,LEAP_TS-Blood_Pool10,mm10,BS,26,TAGAG,10.2,years,male,blood,no_drug
C8_L18.2,C8,L18.2,LEAP_TS-Blood_Pool10,mm10,BS,27,TATAA,10.2,years,male,blood,no_drug
C8_L18.1,C8,L18.1,LEAP_TS-Blood_Pool10,mm10,BS,28,TGATT,10.2,years,male,blood,no_drug
C8_L17.3,C8,L17.3,LEAP_TS-Blood_Pool10,mm10,BS,29,TGGAA,10.2,years,male,blood,acarbose
C8_L17.2,C8,L17.2,LEAP_TS-Blood_Pool10,mm10,BS,30,ATGAG,10.2,years,male,blood,acarbose
C8_L17.1,C8,L17.1,LEAP_TS-Blood_Pool10,mm10,BS,31,TTAGG,10.2,years,male,blood,acarbose
C8_L16.3,C8,L16.3,LEAP_TS-Blood_Pool10,mm10,BS,32,TGAGG,10.2,years,male,blood,rapamycin
C9_L2.3,C9,L2.3,LEAP_TS-Blood_Pool10,mm10,BS,33,AGAGT,10.7,years,male,blood,acarbose
C9_L2.2,C9,L2.2,LEAP_TS-Blood_Pool10,mm10,BS,34,GAGAT,10.7,years,male,blood,acarbose
C9_L2.1,C9,L2.1,LEAP_TS-Blood_Pool10,mm10,BS,35,AGTTG,10.7,years,male,blood,acarbose
C9_L1.3,C9,L1.3,LEAP_TS-Blood_Pool10,mm10,BS,36,GATGA,10.7,years,male,blood,acarbose
C9_L1.2,C9,L1.2,LEAP_TS-Blood_Pool10,mm10,BS,37,ATGTA,10.7,years,male,blood,acarbose
C9_L1.1,C9,L1.1,LEAP_TS-Blood_Pool10,mm10,BS,38,AGATA,10.7,years,male,blood,acarbose
C8_L19.3,C8,L19.3,LEAP_TS-Blood_Pool10,mm10,BS,39,TGAGT,10.2,years,male,blood,acarbose
C8_L19.2,C8,L19.2,LEAP_TS-Blood_Pool10,mm10,BS,40,TGGTT,10.2,years,male,blood,acarbose
C9_L5.2,C9,L5.2,LEAP_TS-Blood_Pool10,mm10,BS,41,AATAT,10.7,years,male,blood,estradiol
C9_L5.1,C9,L5.1,LEAP_TS-Blood_Pool10,mm10,BS,42,ATAAG,10.7,years,male,blood,estradiol
C9_L4.4,C9,L4.4,LEAP_TS-Blood_Pool10,mm10,BS,43,AGTAT,10.7,years,male,blood,no_drug
C9_L4.2,C9,L4.2,LEAP_TS-Blood_Pool10,mm10,BS,44,TGTTG,10.7,years,male,blood,no_drug
C9_L4.1,C9,L4.1,LEAP_TS-Blood_Pool10,mm10,BS,45,GATAG,10.7,years,male,blood,no_drug
C9_L3.3,C9,L3.3,LEAP_TS-Blood_Pool10,mm10,BS,46,TAGTG,10.7,years,male,blood,acarbose
C9_L3.2,C9,L3.2,LEAP_TS-Blood_Pool10,mm10,BS,47,GGTAT,10.7,years,male,blood,acarbose
C9_L3.1,C9,L3.1,LEAP_TS-Blood_Pool10,mm10,BS,48,GTATG,10.7,years,male,blood,acarbose
C9_L8.3,C9,L8.3,LEAP_TS-Blood_Pool11,mm10,BS,1,AAAGA,10.7,years,male,blood,rapamycin
C9_L8.2,C9,L8.2,LEAP_TS-Blood_Pool11,mm10,BS,2,AAGTA,10.7,years,male,blood,rapamycin
C9_L8.1,C9,L8.1,LEAP_TS-Blood_Pool11,mm10,BS,3,AATTG,10.7,years,male,blood,rapamycin
C9_L7.4,C9,L7.4,LEAP_TS-Blood_Pool11,mm10,BS,4,AGATG,10.7,years,male,blood,no_drug
C9_L7.3,C9,L7.3,LEAP_TS-Blood_Pool11,mm10,BS,5,AGGTT,10.7,years,male,blood,no_drug
C9_L7.2,C9,L7.2,LEAP_TS-Blood_Pool11,mm10,BS,6,AGTAA,10.7,years,male,blood,no_drug
C9_L7.1,C9,L7.1,LEAP_TS-Blood_Pool11,mm10,BS,7,ATTAG,10.7,years,male,blood,no_drug
C9_L6.1,C9,L6.1,LEAP_TS-Blood_Pool11,mm10,BS,8,GTTGT,10.7,years,male,blood,estradiol
C9_L13.4,C9,L13.4,LEAP_TS-Blood_Pool11,mm10,BS,17,GAAGT,10.7,years,male,blood,estradiol
C9_L13.3,C9,L13.3,LEAP_TS-Blood_Pool11,mm10,BS,18,GAGGG,10.7,years,male,blood,estradiol
C9_L13.2,C9,L13.2,LEAP_TS-Blood_Pool11,mm10,BS,19,GAGGA,10.7,years,male,blood,estradiol
C9_L13.1,C9,L13.1,LEAP_TS-Blood_Pool11,mm10,BS,20,GATGG,10.7,years,male,blood,estradiol
C9_L12.3,C9,L12.3,LEAP_TS-Blood_Pool11,mm10,BS,21,GATTT,10.7,years,male,blood,rapamycin
C9_L12.2,C9,L12.2,LEAP_TS-Blood_Pool11,mm10,BS,22,GTAGG,10.7,years,male,blood,rapamycin
C9_L12.1,C9,L12.1,LEAP_TS-Blood_Pool11,mm10,BS,23,GTATA,10.7,years,male,blood,rapamycin
C9_L11.3,C9,L11.3,LEAP_TS-Blood_Pool11,mm10,BS,24,GTGAG,10.7,years,male,blood,rapamycin
C9_L15.4,C9,L15.4,LEAP_TS-Blood_Pool11,mm10,BS,25,TAATG,10.7,years,male,blood,estradiol
C9_L15.3,C9,L15.3,LEAP_TS-Blood_Pool11,mm10,BS,26,TAGAG,10.7,years,male,blood,estradiol
C9_L15.2,C9,L15.2,LEAP_TS-Blood_Pool11,mm10,BS,27,TATAA,10.7,years,male,blood,estradiol
C9_L15.1,C9,L15.1,LEAP_TS-Blood_Pool11,mm10,BS,28,TGATT,10.7,years,male,blood,estradiol
C9_L14.4,C9,L14.4,LEAP_TS-Blood_Pool11,mm10,BS,29,TGGAA,10.7,years,male,blood,estradiol
C9_L14.3,C9,L14.3,LEAP_TS-Blood_Pool11,mm10,BS,30,ATGAG,10.7,years,male,blood,estradiol
C9_L14.2,C9,L14.2,LEAP_TS-Blood_Pool11,mm10,BS,31,TTAGG,10.7,years,male,blood,estradiol
C9_L14.1,C9,L14.1,LEAP_TS-Blood_Pool11,mm10,BS,32,TGAGG,10.7,years,male,blood,estradiol
C9_L18.2,C9,L18.2,LEAP_TS-Blood_Pool11,mm10,BS,33,AGAGT,10.7,years,male,blood,no_drug
C9_L18.1,C9,L18.1,LEAP_TS-Blood_Pool11,mm10,BS,34,GAGAT,10.7,years,male,blood,no_drug
C9_L17.3,C9,L17.3,LEAP_TS-Blood_Pool11,mm10,BS,35,AGTTG,10.7,years,male,blood,acarbose
C9_L17.2,C9,L17.2,LEAP_TS-Blood_Pool11,mm10,BS,36,GATGA,10.7,years,male,blood,acarbose
C9_L17.1,C9,L17.1,LEAP_TS-Blood_Pool11,mm10,BS,37,ATGTA,10.7,years,male,blood,acarbose
C9_L16.3,C9,L16.3,LEAP_TS-Blood_Pool11,mm10,BS,38,AGATA,10.7,years,male,blood,rapamycin
C9_L16.2,C9,L16.2,LEAP_TS-Blood_Pool11,mm10,BS,39,TGAGT,10.7,years,male,blood,rapamycin
C9_L16.1,C9,L16.1,LEAP_TS-Blood_Pool11,mm10,BS,40,TGGTT,10.7,years,male,blood,rapamycin
C10_L2.1,C10,L2.1,LEAP_TS-Blood_Pool11,mm10,BS,41,AATAT,11.1,years,male,blood,acarbose
C10_L1.3,C10,L1.3,LEAP_TS-Blood_Pool11,mm10,BS,42,ATAAG,11.1,years,male,blood,acarbose
C10_L1.2,C10,L1.2,LEAP_TS-Blood_Pool11,mm10,BS,43,AGTAT,11.1,years,male,blood,acarbose
C10_L1.1,C10,L1.1,LEAP_TS-Blood_Pool11,mm10,BS,44,TGTTG,11.1,years,male,blood,acarbose
C9_L19.3,C9,L19.3,LEAP_TS-Blood_Pool11,mm10,BS,45,GATAG,10.7,years,male,blood,acarbose
C9_L19.2,C9,L19.2,LEAP_TS-Blood_Pool11,mm10,BS,46,TAGTG,10.7,years,male,blood,acarbose
C9_L19.1,C9,L19.1,LEAP_TS-Blood_Pool11,mm10,BS,47,GGTAT,10.7,years,male,blood,acarbose
C9_L18.4,C9,L18.4,LEAP_TS-Blood_Pool11,mm10,BS,48,GTATG,10.7,years,male,blood,no_drug
C10_L4.4,C10,L4.4,LEAP_TS-Blood_Pool12,mm10,BS,1,AAAGA,11.1,years,male,blood,no_drug
C10_L4.2,C10,L4.2,LEAP_TS-Blood_Pool12,mm10,BS,2,AAGTA,11.1,years,male,blood,no_drug
C10_L4.1,C10,L4.1,LEAP_TS-Blood_Pool12,mm10,BS,3,AATTG,11.1,years,male,blood,no_drug
C10_L3.3,C10,L3.3,LEAP_TS-Blood_Pool12,mm10,BS,4,AGATG,11.1,years,male,blood,acarbose
C10_L3.2,C10,L3.2,LEAP_TS-Blood_Pool12,mm10,BS,5,AGGTT,11.1,years,male,blood,acarbose
C10_L3.1,C10,L3.1,LEAP_TS-Blood_Pool12,mm10,BS,6,AGTAA,11.1,years,male,blood,acarbose
C10_L2.3,C10,L2.3,LEAP_TS-Blood_Pool12,mm10,BS,7,ATTAG,11.1,years,male,blood,acarbose
C10_L2.2,C10,L2.2,LEAP_TS-Blood_Pool12,mm10,BS,8,GTTGT,11.1,years,male,blood,acarbose
C10_L8.1,C10,L8.1,LEAP_TS-Blood_Pool12,mm10,BS,9,AGTGA,11.1,years,male,blood,rapamycin
C10_L7.4,C10,L7.4,LEAP_TS-Blood_Pool12,mm10,BS,10,ATGTG,11.1,years,male,blood,no_drug
C10_L7.3,C10,L7.3,LEAP_TS-Blood_Pool12,mm10,BS,11,GTAGA,11.1,years,male,blood,no_drug
C10_L7.2,C10,L7.2,LEAP_TS-Blood_Pool12,mm10,BS,12,GTGGG,11.1,years,male,blood,no_drug
C10_L7.1,C10,L7.1,LEAP_TS-Blood_Pool12,mm10,BS,13,GTGAA,11.1,years,male,blood,no_drug
C10_L6.1,C10,L6.1,LEAP_TS-Blood_Pool12,mm10,BS,14,GTTTG,11.1,years,male,blood,estradiol
C10_L5.2,C10,L5.2,LEAP_TS-Blood_Pool12,mm10,BS,15,GAGTG,11.1,years,male,blood,estradiol
C10_L5.1,C10,L5.1,LEAP_TS-Blood_Pool12,mm10,BS,16,ATTGG,11.1,years,male,blood,estradiol
C10_L10.3,C10,L10.3,LEAP_TS-Blood_Pool12,mm10,BS,17,GAAGT,11.1,years,male,blood,rapamycin
C10_L10.2,C10,L10.2,LEAP_TS-Blood_Pool12,mm10,BS,18,GAGGG,11.1,years,male,blood,rapamycin
C10_L10.1,C10,L10.1,LEAP_TS-Blood_Pool12,mm10,BS,19,GAGGA,11.1,years,male,blood,rapamycin
C10_L9.3,C10,L9.3,LEAP_TS-Blood_Pool12,mm10,BS,20,GATGG,11.1,years,male,blood,no_drug
C10_L9.2,C10,L9.2,LEAP_TS-Blood_Pool12,mm10,BS,21,GATTT,11.1,years,male,blood,no_drug
C10_L9.1,C10,L9.1,LEAP_TS-Blood_Pool12,mm10,BS,22,GTAGG,11.1,years,male,blood,no_drug
C10_L8.3,C10,L8.3,LEAP_TS-Blood_Pool12,mm10,BS,23,GTATA,11.1,years,male,blood,rapamycin
C10_L8.2,C10,L8.2,LEAP_TS-Blood_Pool12,mm10,BS,24,GTGAG,11.1,years,male,blood,rapamycin
C10_L13.2,C10,L13.2,LEAP_TS-Blood_Pool12,mm10,BS,25,TAATG,11.1,years,male,blood,estradiol
C10_L13.1,C10,L13.1,LEAP_TS-Blood_Pool12,mm10,BS,26,TAGAG,11.1,years,male,blood,estradiol
C10_L12.3,C10,L12.3,LEAP_TS-Blood_Pool12,mm10,BS,27,TATAA,11.1,years,male,blood,rapamycin
C10_L12.2,C10,L12.2,LEAP_TS-Blood_Pool12,mm10,BS,28,TGATT,11.1,years,male,blood,rapamycin
C10_L12.1,C10,L12.1,LEAP_TS-Blood_Pool12,mm10,BS,29,TGGAA,11.1,years,male,blood,rapamycin
C10_L11.3,C10,L11.3,LEAP_TS-Blood_Pool12,mm10,BS,30,ATGAG,11.1,years,male,blood,rapamycin
C10_L11.2,C10,L11.2,LEAP_TS-Blood_Pool12,mm10,BS,31,TTAGG,11.1,years,male,blood,rapamycin
C10_L11.1,C10,L11.1,LEAP_TS-Blood_Pool12,mm10,BS,32,TGAGG,11.1,years,male,blood,rapamycin
C10_L15.2,C10,L15.2,LEAP_TS-Blood_Pool12,mm10,BS,33,AGAGT,11.1,years,male,blood,estradiol
C10_L15.1,C10,L15.1,LEAP_TS-Blood_Pool12,mm10,BS,34,GAGAT,11.1,years,male,blood,estradiol
C10_L14.4,C10,L14.4,LEAP_TS-Blood_Pool12,mm10,BS,35,AGTTG,11.1,years,male,blood,estradiol
C10_L14.3,C10,L14.3,LEAP_TS-Blood_Pool12,mm10,BS,36,GATGA,11.1,years,male,blood,estradiol
C10_L14.2,C10,L14.2,LEAP_TS-Blood_Pool12,mm10,BS,37,ATGTA,11.1,years,male,blood,estradiol
C10_L14.1,C10,L14.1,LEAP_TS-Blood_Pool12,mm10,BS,38,AGATA,11.1,years,male,blood,estradiol
C10_L13.4,C10,L13.4,LEAP_TS-Blood_Pool12,mm10,BS,39,TGAGT,11.1,years,male,blood,estradiol
C10_L13.3,C10,L13.3,LEAP_TS-Blood_Pool12,mm10,BS,40,TGGTT,11.1,years,male,blood,estradiol
C10_L17.3,C10,L17.3,LEAP_TS-Blood_Pool12,mm10,BS,41,AATAT,11.1,years,male,blood,acarbose
C10_L17.2,C10,L17.2,LEAP_TS-Blood_Pool12,mm10,BS,42,ATAAG,11.1,years,male,blood,acarbose
C10_L17.1,C10,L17.1,LEAP_TS-Blood_Pool12,mm10,BS,43,AGTAT,11.1,years,male,blood,acarbose
C10_L16.3,C10,L16.3,LEAP_TS-Blood_Pool12,mm10,BS,44,TGTTG,11.1,years,male,blood,rapamycin
C10_L16.2,C10,L16.2,LEAP_TS-Blood_Pool12,mm10,BS,45,GATAG,11.1,years,male,blood,rapamycin
C10_L16.1,C10,L16.1,LEAP_TS-Blood_Pool12,mm10,BS,46,TAGTG,11.1,years,male,blood,rapamycin
C10_L15.4,C10,L15.4,LEAP_TS-Blood_Pool12,mm10,BS,47,GGTAT,11.1,years,male,blood,estradiol
C10_L15.3,C10,L15.3,LEAP_TS-Blood_Pool12,mm10,BS,48,GTATG,11.1,years,male,blood,estradiol
C9_L11.2,C9,L11.2,LEAP_TS-Blood_Pool13,mm10,BS,1,AAAGA,10.7,years,male,blood,rapamycin
C9_L11.1,C9,L11.1,LEAP_TS-Blood_Pool13,mm10,BS,2,AAGTA,10.7,years,male,blood,rapamycin
C9_L10.3,C9,L10.3,LEAP_TS-Blood_Pool13,mm10,BS,3,AATTG,10.7,years,male,blood,rapamycin
C9_L10.2,C9,L10.2,LEAP_TS-Blood_Pool13,mm10,BS,4,AGATG,10.7,years,male,blood,rapamycin
C9_L10.1,C9,L10.1,LEAP_TS-Blood_Pool13,mm10,BS,5,AGGTT,10.7,years,male,blood,rapamycin
C9_L9.3,C9,L9.3,LEAP_TS-Blood_Pool13,mm10,BS,6,AGTAA,10.7,years,male,blood,no_drug
C9_L9.2,C9,L9.2,LEAP_TS-Blood_Pool13,mm10,BS,7,ATTAG,10.7,years,male,blood,no_drug
C9_L9.1,C9,L9.1,LEAP_TS-Blood_Pool13,mm10,BS,8,GTTGT,10.7,years,male,blood,no_drug
C11_L1.2,C11,L1.2,LEAP_TS-Blood_Pool13,mm10,BS,17,GAAGT,11.59,years,male,blood,acarbose
C11_L1.1,C11,L1.1,LEAP_TS-Blood_Pool13,mm10,BS,18,GAGGG,11.59,years,male,blood,acarbose
C10_L19.3,C10,L19.3,LEAP_TS-Blood_Pool13,mm10,BS,19,GAGGA,11.1,years,male,blood,acarbose
C10_L19.2,C10,L19.2,LEAP_TS-Blood_Pool13,mm10,BS,20,GATGG,11.1,years,male,blood,acarbose
C10_L19.1,C10,L19.1,LEAP_TS-Blood_Pool13,mm10,BS,21,GATTT,11.1,years,male,blood,acarbose
C10_L18.4,C10,L18.4,LEAP_TS-Blood_Pool13,mm10,BS,22,GTAGG,11.1,years,male,blood,no_drug
C10_L18.2,C10,L18.2,LEAP_TS-Blood_Pool13,mm10,BS,23,GTATA,11.1,years,male,blood,no_drug
C10_L18.1,C10,L18.1,LEAP_TS-Blood_Pool13,mm10,BS,24,GTGAG,11.1,years,male,blood,no_drug
C11_L4.1,C11,L4.1,LEAP_TS-Blood_Pool13,mm10,BS,25,TAATG,11.59,years,male,blood,no_drug
C11_L3.3,C11,L3.3,LEAP_TS-Blood_Pool13,mm10,BS,26,TAGAG,11.59,years,male,blood,acarbose
C11_L3.2,C11,L3.2,LEAP_TS-Blood_Pool13,mm10,BS,27,TATAA,11.59,years,male,blood,acarbose
C11_L3.1,C11,L3.1,LEAP_TS-Blood_Pool13,mm10,BS,28,TGATT,11.59,years,male,blood,acarbose
C11_L2.3,C11,L2.3,LEAP_TS-Blood_Pool13,mm10,BS,29,TGGAA,11.59,years,male,blood,acarbose
C11_L2.2,C11,L2.2,LEAP_TS-Blood_Pool13,mm10,BS,30,ATGAG,11.59,years,male,blood,acarbose
C11_L2.1,C11,L2.1,LEAP_TS-Blood_Pool13,mm10,BS,31,TTAGG,11.59,years,male,blood,acarbose
C11_L1.3,C11,L1.3,LEAP_TS-Blood_Pool13,mm10,BS,32,TGAGG,11.59,years,male,blood,acarbose
C11_L7.3,C11,L7.3,LEAP_TS-Blood_Pool13,mm10,BS,33,AGAGT,11.59,years,male,blood,no_drug
C11_L7.2,C11,L7.2,LEAP_TS-Blood_Pool13,mm10,BS,34,GAGAT,11.59,years,male,blood,no_drug
C11_L7.1,C11,L7.1,LEAP_TS-Blood_Pool13,mm10,BS,35,AGTTG,11.59,years,male,blood,no_drug
C11_L6.1,C11,L6.1,LEAP_TS-Blood_Pool13,mm10,BS,36,GATGA,11.59,years,male,blood,estradiol
C11_L5.2,C11,L5.2,LEAP_TS-Blood_Pool13,mm10,BS,37,ATGTA,11.59,years,male,blood,estradiol
C11_L5.1,C11,L5.1,LEAP_TS-Blood_Pool13,mm10,BS,38,AGATA,11.59,years,male,blood,estradiol
C11_L4.4,C11,L4.4,LEAP_TS-Blood_Pool13,mm10,BS,39,TGAGT,11.59,years,male,blood,no_drug
C11_L4.2,C11,L4.2,LEAP_TS-Blood_Pool13,mm10,BS,40,TGGTT,11.59,years,male,blood,no_drug
C11_L10.1,C11,L10.1,LEAP_TS-Blood_Pool13,mm10,BS,41,AATAT,11.59,years,male,blood,rapamycin
C11_L9.3,C11,L9.3,LEAP_TS-Blood_Pool13,mm10,BS,42,ATAAG,11.59,years,male,blood,no_drug
C11_L9.2,C11,L9.2,LEAP_TS-Blood_Pool13,mm10,BS,43,AGTAT,11.59,years,male,blood,no_drug
C11_L9.1,C11,L9.1,LEAP_TS-Blood_Pool13,mm10,BS,44,TGTTG,11.59,years,male,blood,no_drug
C11_L8.3,C11,L8.3,LEAP_TS-Blood_Pool13,mm10,BS,45,GATAG,11.59,years,male,blood,rapamycin
C11_L8.2,C11,L8.2,LEAP_TS-Blood_Pool13,mm10,BS,46,TAGTG,11.59,years,male,blood,rapamycin
C11_L8.1,C11,L8.1,LEAP_TS-Blood_Pool13,mm10,BS,47,GGTAT,11.59,years,male,blood,rapamycin
C11_L7.4,C11,L7.4,LEAP_TS-Blood_Pool13,mm10,BS,48,GTATG,11.59,years,male,blood,no_drug
C11_L13.1,C11,L13.1,LEAP_TS-Blood_Pool14,mm10,BS,1,AAAGA,11.59,years,male,blood,estradiol
C11_L12.3,C11,L12.3,LEAP_TS-Blood_Pool14,mm10,BS,2,AAGTA,11.59,years,male,blood,rapamycin
C11_L12.2,C11,L12.2,LEAP_TS-Blood_Pool14,mm10,BS,3,AATTG,11.59,years,male,blood,rapamycin
C11_L12.1,C11,L12.1,LEAP_TS-Blood_Pool14,mm10,BS,4,AGATG,11.59,years,male,blood,rapamycin
C11_L11.3,C11,L11.3,LEAP_TS-Blood_Pool14,mm10,BS,5,AGGTT,11.59,years,male,blood,rapamycin
C11_L11.2,C11,L11.2,LEAP_TS-Blood_Pool14,mm10,BS,6,AGTAA,11.59,years,male,blood,rapamycin
C11_L11.1,C11,L11.1,LEAP_TS-Blood_Pool14,mm10,BS,7,ATTAG,11.59,years,male,blood,rapamycin
C11_L10.2,C11,L10.2,LEAP_TS-Blood_Pool14,mm10,BS,8,GTTGT,11.59,years,male,blood,rapamycin
C11_L15.1,C11,L15.1,LEAP_TS-Blood_Pool14,mm10,BS,9,AGTGA,11.59,years,male,blood,estradiol
C11_L14.4,C11,L14.4,LEAP_TS-Blood_Pool14,mm10,BS,10,ATGTG,11.59,years,male,blood,estradiol
C11_L14.3,C11,L14.3,LEAP_TS-Blood_Pool14,mm10,BS,11,GTAGA,11.59,years,male,blood,estradiol
C11_L14.2,C11,L14.2,LEAP_TS-Blood_Pool14,mm10,BS,12,GTGGG,11.59,years,male,blood,estradiol
C11_L14.1,C11,L14.1,LEAP_TS-Blood_Pool14,mm10,BS,13,GTGAA,11.59,years,male,blood,estradiol
C11_L13.4,C11,L13.4,LEAP_TS-Blood_Pool14,mm10,BS,14,GTTTG,11.59,years,male,blood,estradiol
C11_L13.3,C11,L13.3,LEAP_TS-Blood_Pool14,mm10,BS,15,GAGTG,11.59,years,male,blood,estradiol
C11_L13.2,C11,L13.2,LEAP_TS-Blood_Pool14,mm10,BS,60,ATATT,11.59,years,male,blood,estradiol
C11_L17.2,C11,L17.2,LEAP_TS-Blood_Pool14,mm10,BS,17,GAAGT,11.59,years,male,blood,acarbose
C11_L17.1,C11,L17.1,LEAP_TS-Blood_Pool14,mm10,BS,18,GAGGG,11.59,years,male,blood,acarbose
C11_L16.3,C11,L16.3,LEAP_TS-Blood_Pool14,mm10,BS,19,GAGGA,11.59,years,male,blood,rapamycin
C11_L16.2,C11,L16.2,LEAP_TS-Blood_Pool14,mm10,BS,20,GATGG,11.59,years,male,blood,rapamycin
C11_L16.1,C11,L16.1,LEAP_TS-Blood_Pool14,mm10,BS,21,GATTT,11.59,years,male,blood,rapamycin
C11_L15.4,C11,L15.4,LEAP_TS-Blood_Pool14,mm10,BS,22,GTAGG,11.59,years,male,blood,estradiol
C11_L15.3,C11,L15.3,LEAP_TS-Blood_Pool14,mm10,BS,23,GTATA,11.59,years,male,blood,estradiol
C11_L15.2,C11,L15.2,LEAP_TS-Blood_Pool14,mm10,BS,24,GTGAG,11.59,years,male,blood,estradiol
C12_L1.1,C12,L1.1,LEAP_TS-Blood_Pool14,mm10,BS,25,TAATG,12.03,years,male,blood,acarbose
C11_L19.3,C11,L19.3,LEAP_TS-Blood_Pool14,mm10,BS,26,TAGAG,11.59,years,male,blood,acarbose
C11_L19.2,C11,L19.2,LEAP_TS-Blood_Pool14,mm10,BS,27,TATAA,11.59,years,male,blood,acarbose
C11_L19.1,C11,L19.1,LEAP_TS-Blood_Pool14,mm10,BS,28,TGATT,11.59,years,male,blood,acarbose
C11_L18.4,C11,L18.4,LEAP_TS-Blood_Pool14,mm10,BS,29,TGGAA,11.59,years,male,blood,no_drug
C11_L18.2,C11,L18.2,LEAP_TS-Blood_Pool14,mm10,BS,30,ATGAG,11.59,years,male,blood,no_drug
C11_L18.1,C11,L18.1,LEAP_TS-Blood_Pool14,mm10,BS,31,TTAGG,11.59,years,male,blood,no_drug
C11_L17.3,C11,L17.3,LEAP_TS-Blood_Pool14,mm10,BS,62,GATTA,11.59,years,male,blood,acarbose
C12_L3.3,C12,L3.3,LEAP_TS-Blood_Pool14,mm10,BS,33,AGAGT,12.03,years,male,blood,acarbose
C12_L3.2,C12,L3.2,LEAP_TS-Blood_Pool14,mm10,BS,34,GAGAT,12.03,years,male,blood,acarbose
C12_L3.1,C12,L3.1,LEAP_TS-Blood_Pool14,mm10,BS,35,AGTTG,12.03,years,male,blood,acarbose
C12_L2.3,C12,L2.3,LEAP_TS-Blood_Pool14,mm10,BS,36,GATGA,12.03,years,male,blood,acarbose
C12_L2.2,C12,L2.2,LEAP_TS-Blood_Pool14,mm10,BS,37,ATGTA,12.03,years,male,blood,acarbose
C12_L2.1,C12,L2.1,LEAP_TS-Blood_Pool14,mm10,BS,38,AGATA,12.03,years,male,blood,acarbose
C12_L1.3,C12,L1.3,LEAP_TS-Blood_Pool14,mm10,BS,39,TGAGT,12.03,years,male,blood,acarbose
C12_L1.2,C12,L1.2,LEAP_TS-Blood_Pool14,mm10,BS,40,TGGTT,12.03,years,male,blood,acarbose
C12_L7.2,C12,L7.2,LEAP_TS-Blood_Pool14,mm10,BS,41,AATAT,12.03,years,male,blood,no_drug
C12_L7.1,C12,L7.1,LEAP_TS-Blood_Pool14,mm10,BS,42,ATAAG,12.03,years,male,blood,no_drug
C12_L6.1,C12,L6.1,LEAP_TS-Blood_Pool14,mm10,BS,43,AGTAT,12.03,years,male,blood,estradiol
C12_L5.2,C12,L5.2,LEAP_TS-Blood_Pool14,mm10,BS,44,TGTTG,12.03,years,male,blood,estradiol
C12_L5.1,C12,L5.1,LEAP_TS-Blood_Pool14,mm10,BS,45,GATAG,12.03,years,male,blood,estradiol
C12_L4.4,C12,L4.4,LEAP_TS-Blood_Pool14,mm10,BS,46,TAGTG,12.03,years,male,blood,no_drug
C12_L4.2,C12,L4.2,LEAP_TS-Blood_Pool14,mm10,BS,47,GGTAT,12.03,years,male,blood,no_drug
C12_L4.1,C12,L4.1,LEAP_TS-Blood_Pool14,mm10,BS,48,GTATG,12.03,years,male,blood,no_drug
C12_L9.3,C12,L9.3,LEAP_TS-Blood_Pool15,mm10,BS,49,AGGAG,12.03,years,male,blood,no_drug
C12_L9.2,C12,L9.2,LEAP_TS-Blood_Pool15,mm10,BS,2,AAGTA,12.03,years,male,blood,no_drug
C12_L9.1,C12,L9.1,LEAP_TS-Blood_Pool15,mm10,BS,3,AATTG,12.03,years,male,blood,no_drug
C12_L8.3,C12,L8.3,LEAP_TS-Blood_Pool15,mm10,BS,50,TTAAG,12.03,years,male,blood,rapamycin
C12_L8.2,C12,L8.2,LEAP_TS-Blood_Pool15,mm10,BS,5,AGGTT,12.03,years,male,blood,rapamycin
C12_L8.1,C12,L8.1,LEAP_TS-Blood_Pool15,mm10,BS,6,AGTAA,12.03,years,male,blood,rapamycin
C12_L7.4,C12,L7.4,LEAP_TS-Blood_Pool15,mm10,BS,7,ATTAG,12.03,years,male,blood,no_drug
C12_L7.3,C12,L7.3,LEAP_TS-Blood_Pool15,mm10,BS,52,GGAAG,12.03,years,male,blood,no_drug
C12_L13.1,C12,L13.1,LEAP_TS-Blood_Pool15,mm10,BS,9,AGTGA,12.03,years,male,blood,estradiol
C12_L12.3,C12,L12.3,LEAP_TS-Blood_Pool15,mm10,BS,10,ATGTG,12.03,years,male,blood,rapamycin
C12_L12.1,C12,L12.1,LEAP_TS-Blood_Pool15,mm10,BS,11,GTAGA,12.03,years,male,blood,rapamycin
C12_L11.3,C12,L11.3,LEAP_TS-Blood_Pool15,mm10,BS,12,GTGGG,12.03,years,male,blood,rapamycin
C12_L11.2,C12,L11.2,LEAP_TS-Blood_Pool15,mm10,BS,13,GTGAA,12.03,years,male,blood,rapamycin
C12_L11.1,C12,L11.1,LEAP_TS-Blood_Pool15,mm10,BS,14,GTTTG,12.03,years,male,blood,rapamycin
C12_L10.2,C12,L10.2,LEAP_TS-Blood_Pool15,mm10,BS,61,AATAG,12.03,years,male,blood,rapamycin
C12_L10.1,C12,L10.1,LEAP_TS-Blood_Pool15,mm10,BS,60,ATATT,12.03,years,male,blood,rapamycin
C12_L15.1,C12,L15.1,LEAP_TS-Blood_Pool15,mm10,BS,17,GAAGT,12.03,years,male,blood,estradiol
C12_L14.4,C12,L14.4,LEAP_TS-Blood_Pool15,mm10,BS,18,GAGGG,12.03,years,male,blood,estradiol
C12_L14.3,C12,L14.3,LEAP_TS-Blood_Pool15,mm10,BS,19,GAGGA,12.03,years,male,blood,estradiol
C12_L14.2,C12,L14.2,LEAP_TS-Blood_Pool15,mm10,BS,20,GATGG,12.03,years,male,blood,estradiol
C12_L14.1,C12,L14.1,LEAP_TS-Blood_Pool15,mm10,BS,21,GATTT,12.03,years,male,blood,estradiol
C12_L13.4,C12,L13.4,LEAP_TS-Blood_Pool15,mm10,BS,22,GTAGG,12.03,years,male,blood,estradiol
C12_L13.3,C12,L13.3,LEAP_TS-Blood_Pool15,mm10,BS,23,GTATA,12.03,years,male,blood,estradiol
C12_L13.2,C12,L13.2,LEAP_TS-Blood_Pool15,mm10,BS,24,GTGAG,12.03,years,male,blood,estradiol
C12_L17.2,C12,L17.2,LEAP_TS-Blood_Pool15,mm10,BS,25,TAATG,12.03,years,male,blood,acarbose
C12_L17.1,C12,L17.1,LEAP_TS-Blood_Pool15,mm10,BS,26,TAGAG,12.03,years,male,blood,acarbose
C12_L16.3,C12,L16.3,LEAP_TS-Blood_Pool15,mm10,BS,27,TATAA,12.03,years,male,blood,rapamycin
C12_L16.2,C12,L16.2,LEAP_TS-Blood_Pool15,mm10,BS,28,TGATT,12.03,years,male,blood,rapamycin
C12_L16.1,C12,L16.1,LEAP_TS-Blood_Pool15,mm10,BS,29,TGGAA,12.03,years,male,blood,rapamycin
C12_L15.4,C12,L15.4,LEAP_TS-Blood_Pool15,mm10,BS,30,ATGAG,12.03,years,male,blood,estradiol
C12_L15.3,C12,L15.3,LEAP_TS-Blood_Pool15,mm10,BS,31,TTAGG,12.03,years,male,blood,estradiol
C12_L15.2,C12,L15.2,LEAP_TS-Blood_Pool15,mm10,BS,62,GATTA,12.03,years,male,blood,estradiol
C13_L1.1,C13,L1.1,LEAP_TS-Blood_Pool15,mm10,BS,33,AGAGT,12.72,years,male,blood,acarbose
C12_L19.3,C12,L19.3,LEAP_TS-Blood_Pool15,mm10,BS,34,GAGAT,12.03,years,male,blood,acarbose
C12_L19.2,C12,L19.2,LEAP_TS-Blood_Pool15,mm10,BS,35,AGTTG,12.03,years,male,blood,acarbose
C12_L19.1,C12,L19.1,LEAP_TS-Blood_Pool15,mm10,BS,36,GATGA,12.03,years,male,blood,acarbose
C12_L18.4,C12,L18.4,LEAP_TS-Blood_Pool15,mm10,BS,37,ATGTA,12.03,years,male,blood,no_drug
C12_L18.2,C12,L18.2,LEAP_TS-Blood_Pool15,mm10,BS,38,AGATA,12.03,years,male,blood,no_drug
C12_L18.1,C12,L18.1,LEAP_TS-Blood_Pool15,mm10,BS,39,TGAGT,12.03,years,male,blood,no_drug
C12_L17.3,C12,L17.3,LEAP_TS-Blood_Pool15,mm10,BS,40,TGGTT,12.03,years,male,blood,acarbose
C13_L3.3,C13,L3.3,LEAP_TS-Blood_Pool15,mm10,BS,41,AATAT,12.72,years,male,blood,acarbose
C13_L3.2,C13,L3.2,LEAP_TS-Blood_Pool15,mm10,BS,42,ATAAG,12.72,years,male,blood,acarbose
C13_L3.1,C13,L3.1,LEAP_TS-Blood_Pool15,mm10,BS,43,AGTAT,12.72,years,male,blood,acarbose
C13_L2.3,C13,L2.3,LEAP_TS-Blood_Pool15,mm10,BS,44,TGTTG,12.72,years,male,blood,acarbose
C13_L2.2,C13,L2.2,LEAP_TS-Blood_Pool15,mm10,BS,45,GATAG,12.72,years,male,blood,acarbose
C13_L2.1,C13,L2.1,LEAP_TS-Blood_Pool15,mm10,BS,46,TAGTG,12.72,years,male,blood,acarbose
C13_L1.3,C13,L1.3,LEAP_TS-Blood_Pool15,mm10,BS,47,GGTAT,12.72,years,male,blood,acarbose
C13_L1.2,C13,L1.2,LEAP_TS-Blood_Pool15,mm10,BS,48,GTATG,12.72,years,male,blood,acarbose
C13_L7.2,C13,L7.2,LEAP_TS-Blood_Pool16,mm10,BS,49,AGGAG,12.72,years,male,blood,no_drug
C13_L7.1,C13,L7.1,LEAP_TS-Blood_Pool16,mm10,BS,2,AAGTA,12.72,years,male,blood,no_drug
C13_L6.1,C13,L6.1,LEAP_TS-Blood_Pool16,mm10,BS,3,AATTG,12.72,years,male,blood,estradiol
C13_L5.2,C13,L5.2,LEAP_TS-Blood_Pool16,mm10,BS,50,TTAAG,12.72,years,male,blood,estradiol
C13_L5.1,C13,L5.1,LEAP_TS-Blood_Pool16,mm10,BS,5,AGGTT,12.72,years,male,blood,estradiol
C13_L4.4,C13,L4.4,LEAP_TS-Blood_Pool16,mm10,BS,6,AGTAA,12.72,years,male,blood,no_drug
C13_L4.2,C13,L4.2,LEAP_TS-Blood_Pool16,mm10,BS,7,ATTAG,12.72,years,male,blood,no_drug
C13_L4.1,C13,L4.1,LEAP_TS-Blood_Pool16,mm10,BS,52,GGAAG,12.72,years,male,blood,no_drug
C13_L9.3,C13,L9.3,LEAP_TS-Blood_Pool16,mm10,BS,9,AGTGA,12.72,years,male,blood,no_drug
C13_L9.2,C13,L9.2,LEAP_TS-Blood_Pool16,mm10,BS,10,ATGTG,12.72,years,male,blood,no_drug
C13_L9.1,C13,L9.1,LEAP_TS-Blood_Pool16,mm10,BS,11,GTAGA,12.72,years,male,blood,no_drug
C13_L8.3,C13,L8.3,LEAP_TS-Blood_Pool16,mm10,BS,12,GTGGG,12.72,years,male,blood,rapamycin
C13_L8.2,C13,L8.2,LEAP_TS-Blood_Pool16,mm10,BS,13,GTGAA,12.72,years,male,blood,rapamycin
C13_L8.1,C13,L8.1,LEAP_TS-Blood_Pool16,mm10,BS,14,GTTTG,12.72,years,male,blood,rapamycin
C13_L7.4,C13,L7.4,LEAP_TS-Blood_Pool16,mm10,BS,61,AATAG,12.72,years,male,blood,no_drug
C13_L7.3,C13,L7.3,LEAP_TS-Blood_Pool16,mm10,BS,60,ATATT,12.72,years,male,blood,no_drug
C13_L13.1,C13,L13.1,LEAP_TS-Blood_Pool16,mm10,BS,17,GAAGT,12.72,years,male,blood,estradiol
C13_L12.3,C13,L12.3,LEAP_TS-Blood_Pool16,mm10,BS,18,GAGGG,12.72,years,male,blood,rapamycin
C13_L12.1,C13,L12.1,LEAP_TS-Blood_Pool16,mm10,BS,19,GAGGA,12.72,years,male,blood,rapamycin
C13_L11.3,C13,L11.3,LEAP_TS-Blood_Pool16,mm10,BS,20,GATGG,12.72,years,male,blood,rapamycin
C13_L11.2,C13,L11.2,LEAP_TS-Blood_Pool16,mm10,BS,21,GATTT,12.72,years,male,blood,rapamycin
C13_L11.1,C13,L11.1,LEAP_TS-Blood_Pool16,mm10,BS,22,GTAGG,12.72,years,male,blood,rapamycin
C13_L10.2,C13,L10.2,LEAP_TS-Blood_Pool16,mm10,BS,23,GTATA,12.72,years,male,blood,rapamycin
C13_L10.1,C13,L10.1,LEAP_TS-Blood_Pool16,mm10,BS,24,GTGAG,12.72,years,male,blood,rapamycin
C13_L15.1,C13,L15.1,LEAP_TS-Blood_Pool16,mm10,BS,25,TAATG,12.72,years,male,blood,estradiol
C13_L14.4,C13,L14.4,LEAP_TS-Blood_Pool16,mm10,BS,56,AGAGG,12.72,years,male,blood,estradiol
C13_L14.3,C13,L14.3,LEAP_TS-Blood_Pool16,mm10,BS,57,GTGGT,12.72,years,male,blood,estradiol
C13_L14.2,C13,L14.2,LEAP_TS-Blood_Pool16,mm10,BS,28,TGATT,12.72,years,male,blood,estradiol
C13_L14.1,C13,L14.1,LEAP_TS-Blood_Pool16,mm10,BS,29,TGGAA,12.72,years,male,blood,estradiol
C13_L13.4,C13,L13.4,LEAP_TS-Blood_Pool16,mm10,BS,30,ATGAG,12.72,years,male,blood,estradiol
C13_L13.3,C13,L13.3,LEAP_TS-Blood_Pool16,mm10,BS,31,TTAGG,12.72,years,male,blood,estradiol
C13_L13.2,C13,L13.2,LEAP_TS-Blood_Pool16,mm10,BS,62,GATTA,12.72,years,male,blood,estradiol
C13_L17.2,C13,L17.2,LEAP_TS-Blood_Pool16,mm10,BS,33,AGAGT,12.72,years,male,blood,acarbose
C13_L17.1,C13,L17.1,LEAP_TS-Blood_Pool16,mm10,BS,34,GAGAT,12.72,years,male,blood,acarbose
C13_L16.3,C13,L16.3,LEAP_TS-Blood_Pool16,mm10,BS,35,AGTTG,12.72,years,male,blood,rapamycin
C13_L16.2,C13,L16.2,LEAP_TS-Blood_Pool16,mm10,BS,36,GATGA,12.72,years,male,blood,rapamycin
C13_L16.1,C13,L16.1,LEAP_TS-Blood_Pool16,mm10,BS,37,ATGTA,12.72,years,male,blood,rapamycin
C13_L15.4,C13,L15.4,LEAP_TS-Blood_Pool16,mm10,BS,38,AGATA,12.72,years,male,blood,estradiol
C13_L15.3,C13,L15.3,LEAP_TS-Blood_Pool16,mm10,BS,39,TGAGT,12.72,years,male,blood,estradiol
C13_L15.2,C13,L15.2,LEAP_TS-Blood_Pool16,mm10,BS,40,TGGTT,12.72,years,male,blood,estradiol
C14_L1.1,C14,L1.1,LEAP_TS-Blood_Pool16,mm10,BS,41,AATAT,13.19,years,male,blood,acarbose
C13_L19.3,C13,L19.3,LEAP_TS-Blood_Pool16,mm10,BS,42,ATAAG,12.72,years,male,blood,acarbose
C13_L19.2,C13,L19.2,LEAP_TS-Blood_Pool16,mm10,BS,43,AGTAT,12.72,years,male,blood,acarbose
C13_L19.1,C13,L19.1,LEAP_TS-Blood_Pool16,mm10,BS,44,TGTTG,12.72,years,male,blood,acarbose
C13_L18.4,C13,L18.4,LEAP_TS-Blood_Pool16,mm10,BS,45,GATAG,12.72,years,male,blood,no_drug
C13_L18.2,C13,L18.2,LEAP_TS-Blood_Pool16,mm10,BS,46,TAGTG,12.72,years,male,blood,no_drug
C13_L18.1,C13,L18.1,LEAP_TS-Blood_Pool16,mm10,BS,47,GGTAT,12.72,years,male,blood,no_drug
C13_L17.3,C13,L17.3,LEAP_TS-Blood_Pool16,mm10,BS,48,GTATG,12.72,years,male,blood,acarbose
C14_L3.3,C14,L3.3,LEAP_TS-Blood_Pool17,mm10,BS,49,AGGAG,13.19,years,male,blood,acarbose
C14_L3.2,C14,L3.2,LEAP_TS-Blood_Pool17,mm10,BS,2,AAGTA,13.19,years,male,blood,acarbose
C14_L3.1,C14,L3.1,LEAP_TS-Blood_Pool17,mm10,BS,3,AATTG,13.19,years,male,blood,acarbose
C14_L2.3,C14,L2.3,LEAP_TS-Blood_Pool17,mm10,BS,50,TTAAG,13.19,years,male,blood,acarbose
C14_L2.2,C14,L2.2,LEAP_TS-Blood_Pool17,mm10,BS,5,AGGTT,13.19,years,male,blood,acarbose
C14_L2.1,C14,L2.1,LEAP_TS-Blood_Pool17,mm10,BS,6,AGTAA,13.19,years,male,blood,acarbose
C14_L1.3,C14,L1.3,LEAP_TS-Blood_Pool17,mm10,BS,7,ATTAG,13.19,years,male,blood,acarbose
C14_L1.2,C14,L1.2,LEAP_TS-Blood_Pool17,mm10,BS,52,GGAAG,13.19,years,male,blood,acarbose
C14_L7.2,C14,L7.2,LEAP_TS-Blood_Pool17,mm10,BS,9,AGTGA,13.19,years,male,blood,no_drug
C14_L7.1,C14,L7.1,LEAP_TS-Blood_Pool17,mm10,BS,10,ATGTG,13.19,years,male,blood,no_drug
C14_L6.1,C14,L6.1,LEAP_TS-Blood_Pool17,mm10,BS,11,GTAGA,13.19,years,male,blood,estradiol
C14_L5.2,C14,L5.2,LEAP_TS-Blood_Pool17,mm10,BS,12,GTGGG,13.19,years,male,blood,estradiol
C14_L5.1,C14,L5.1,LEAP_TS-Blood_Pool17,mm10,BS,13,GTGAA,13.19,years,male,blood,estradiol
C14_L4.4,C14,L4.4,LEAP_TS-Blood_Pool17,mm10,BS,14,GTTTG,13.19,years,male,blood,no_drug
C14_L4.2,C14,L4.2,LEAP_TS-Blood_Pool17,mm10,BS,61,AATAG,13.19,years,male,blood,no_drug
C14_L4.1,C14,L4.1,LEAP_TS-Blood_Pool17,mm10,BS,60,ATATT,13.19,years,male,blood,no_drug
C14_L9.3,C14,L9.3,LEAP_TS-Blood_Pool17,mm10,BS,17,GAAGT,13.19,years,male,blood,no_drug
C14_L9.2,C14,L9.2,LEAP_TS-Blood_Pool17,mm10,BS,18,GAGGG,13.19,years,male,blood,no_drug
C14_L9.1,C14,L9.1,LEAP_TS-Blood_Pool17,mm10,BS,19,GAGGA,13.19,years,male,blood,no_drug
C14_L8.3,C14,L8.3,LEAP_TS-Blood_Pool17,mm10,BS,63,ATAGA,13.19,years,male,blood,rapamycin
C14_L8.2,C14,L8.2,LEAP_TS-Blood_Pool17,mm10,BS,21,GATTT,13.19,years,male,blood,rapamycin
C14_L8.1,C14,L8.1,LEAP_TS-Blood_Pool17,mm10,BS,64,GAAGA,13.19,years,male,blood,rapamycin
C14_L7.4,C14,L7.4,LEAP_TS-Blood_Pool17,mm10,BS,23,GTATA,13.19,years,male,blood,no_drug
C14_L7.3,C14,L7.3,LEAP_TS-Blood_Pool17,mm10,BS,24,GTGAG,13.19,years,male,blood,no_drug
C14_L13.1,C14,L13.1,LEAP_TS-Blood_Pool17,mm10,BS,25,TAATG,13.19,years,male,blood,estradiol
C14_L12.3,C14,L12.3,LEAP_TS-Blood_Pool17,mm10,BS,56,AGAGG,13.19,years,male,blood,rapamycin
C14_L12.1,C14,L12.1,LEAP_TS-Blood_Pool17,mm10,BS,57,GTGGT,13.19,years,male,blood,rapamycin
C14_L11.3,C14,L11.3,LEAP_TS-Blood_Pool17,mm10,BS,28,TGATT,13.19,years,male,blood,rapamycin
C14_L11.2,C14,L11.2,LEAP_TS-Blood_Pool17,mm10,BS,29,TGGAA,13.19,years,male,blood,rapamycin
C14_L11.1,C14,L11.1,LEAP_TS-Blood_Pool17,mm10,BS,30,ATGAG,13.19,years,male,blood,rapamycin
C14_L10.2,C14,L10.2,LEAP_TS-Blood_Pool17,mm10,BS,31,TTAGG,13.19,years,male,blood,rapamycin
C14_L10.1,C14,L10.1,LEAP_TS-Blood_Pool17,mm10,BS,62,GATTA,13.19,years,male,blood,rapamycin
C14_L15.1,C14,L15.1,LEAP_TS-Blood_Pool17,mm10,BS,33,AGAGT,13.19,years,male,blood,estradiol
C14_L14.4,C14,L14.4,LEAP_TS-Blood_Pool17,mm10,BS,34,GAGAT,13.19,years,male,blood,estradiol
C14_L14.3,C14,L14.3,LEAP_TS-Blood_Pool17,mm10,BS,35,AGTTG,13.19,years,male,blood,estradiol
C14_L14.2,C14,L14.2,LEAP_TS-Blood_Pool17,mm10,BS,36,GATGA,13.19,years,male,blood,estradiol
C14_L14.1,C14,L14.1,LEAP_TS-Blood_Pool17,mm10,BS,37,ATGTA,13.19,years,male,blood,estradiol
C14_L13.4,C14,L13.4,LEAP_TS-Blood_Pool17,mm10,BS,38,AGATA,13.19,years,male,blood,estradiol
C14_L13.3,C14,L13.3,LEAP_TS-Blood_Pool17,mm10,BS,39,TGAGT,13.19,years,male,blood,estradiol
C14_L13.2,C14,L13.2,LEAP_TS-Blood_Pool17,mm10,BS,40,TGGTT,13.19,years,male,blood,estradiol
C14_L17.2,C14,L17.2,LEAP_TS-Blood_Pool17,mm10,BS,41,AATAT,13.19,years,male,blood,acarbose
C14_L17.1,C14,L17.1,LEAP_TS-Blood_Pool17,mm10,BS,42,ATAAG,13.19,years,male,blood,acarbose
C14_L16.3,C14,L16.3,LEAP_TS-Blood_Pool17,mm10,BS,43,AGTAT,13.19,years,male,blood,rapamycin
C14_L16.2,C14,L16.2,LEAP_TS-Blood_Pool17,mm10,BS,44,TGTTG,13.19,years,male,blood,rapamycin
C14_L16.1,C14,L16.1,LEAP_TS-Blood_Pool17,mm10,BS,45,GATAG,13.19,years,male,blood,rapamycin
C14_L15.4,C14,L15.4,LEAP_TS-Blood_Pool17,mm10,BS,46,TAGTG,13.19,years,male,blood,estradiol
C14_L15.3,C14,L15.3,LEAP_TS-Blood_Pool17,mm10,BS,47,GGTAT,13.19,years,male,blood,estradiol
C14_L15.2,C14,L15.2,LEAP_TS-Blood_Pool17,mm10,BS,48,GTATG,13.19,years,male,blood,estradiol
C1_L4.1,C1,L4.1,LEAP_TS-Blood_Pool18,mm10,BS,49,AGGAG,6.88,years,male,blood,no_drug
C14_L19.3,C14,L19.3,LEAP_TS-Blood_Pool18,mm10,BS,2,AAGTA,13.19,years,male,blood,acarbose
C14_L19.2,C14,L19.2,LEAP_TS-Blood_Pool18,mm10,BS,3,AATTG,13.19,years,male,blood,acarbose
C14_L19.1,C14,L19.1,LEAP_TS-Blood_Pool18,mm10,BS,50,TTAAG,13.19,years,male,blood,acarbose
C14_L18.4,C14,L18.4,LEAP_TS-Blood_Pool18,mm10,BS,5,AGGTT,13.19,years,male,blood,no_drug
C14_L18.2,C14,L18.2,LEAP_TS-Blood_Pool18,mm10,BS,6,AGTAA,13.19,years,male,blood,no_drug
C14_L18.1,C14,L18.1,LEAP_TS-Blood_Pool18,mm10,BS,7,ATTAG,13.19,years,male,blood,no_drug
C14_L17.3,C14,L17.3,LEAP_TS-Blood_Pool18,mm10,BS,52,GGAAG,13.19,years,male,blood,acarbose
C1_L8.2,C1,L8.2,LEAP_TS-Blood_Pool18,mm10,BS,9,AGTGA,6.88,years,male,blood,no_drug
C1_L9.1,C1,L9.1,LEAP_TS-Blood_Pool18,mm10,BS,10,ATGTG,6.88,years,male,blood,no_drug
C4_L9.3,C4,L9.3,LEAP_TS-Blood_Pool18,mm10,BS,11,GTAGA,8.31,years,male,blood,no_drug
C4_L9.2,C4,L9.2,LEAP_TS-Blood_Pool18,mm10,BS,12,GTGGG,8.31,years,male,blood,no_drug
C4_L9.1,C4,L9.1,LEAP_TS-Blood_Pool18,mm10,BS,13,GTGAA,8.31,years,male,blood,no_drug
C4_L8.3,C4,L8.3,LEAP_TS-Blood_Pool18,mm10,BS,14,GTTTG,8.31,years,male,blood,rapamycin
C4_L8.2,C4,L8.2,LEAP_TS-Blood_Pool18,mm10,BS,61,AATAG,8.31,years,male,blood,rapamycin
C4_L8.1,C4,L8.1,LEAP_TS-Blood_Pool18,mm10,BS,60,ATATT,8.31,years,male,blood,rapamycin
C4_L12.2,C4,L12.2,LEAP_TS-Blood_Pool18,mm10,BS,17,GAAGT,8.31,years,male,blood,rapamycin
C4_L12.1,C4,L12.1,LEAP_TS-Blood_Pool18,mm10,BS,18,GAGGG,8.31,years,male,blood,rapamycin
C4_L11.3,C4,L11.3,LEAP_TS-Blood_Pool18,mm10,BS,19,GAGGA,8.31,years,male,blood,rapamycin
C4_L11.2,C4,L11.2,LEAP_TS-Blood_Pool18,mm10,BS,63,ATAGA,8.31,years,male,blood,rapamycin
C4_L11.1,C4,L11.1,LEAP_TS-Blood_Pool18,mm10,BS,21,GATTT,8.31,years,male,blood,rapamycin
C4_L10.3,C4,L10.3,LEAP_TS-Blood_Pool18,mm10,BS,64,GAAGA,8.31,years,male,blood,rapamycin
C4_L14.3,C4,L14.3,LEAP_TS-Blood_Pool18,mm10,BS,23,GTATA,8.31,years,male,blood,estradiol
C4_L14.2,C4,L14.2,LEAP_TS-Blood_Pool18,mm10,BS,24,GTGAG,8.31,years,male,blood,estradiol
C4_L14.1,C4,L14.1,LEAP_TS-Blood_Pool18,mm10,BS,25,TAATG,8.31,years,male,blood,estradiol
C4_L13.4,C4,L13.4,LEAP_TS-Blood_Pool18,mm10,BS,56,AGAGG,8.31,years,male,blood,estradiol
C4_L13.3,C4,L13.3,LEAP_TS-Blood_Pool18,mm10,BS,57,GTGGT,8.31,years,male,blood,estradiol
C4_L13.2,C4,L13.2,LEAP_TS-Blood_Pool18,mm10,BS,28,TGATT,8.31,years,male,blood,estradiol
C4_L16.3,C4,L16.3,LEAP_TS-Blood_Pool18,mm10,BS,29,TGGAA,8.31,years,male,blood,rapamycin
C4_L16.2,C4,L16.2,LEAP_TS-Blood_Pool18,mm10,BS,58,AGTTA,8.31,years,male,blood,rapamycin
C4_L16.1,C4,L16.1,LEAP_TS-Blood_Pool18,mm10,BS,31,TTAGG,8.31,years,male,blood,rapamycin
C4_L15.4,C4,L15.4,LEAP_TS-Blood_Pool18,mm10,BS,62,GATTA,8.31,years,male,blood,estradiol
C4_L15.3,C4,L15.3,LEAP_TS-Blood_Pool18,mm10,BS,33,AGAGT,8.31,years,male,blood,estradiol
C4_L15.2,C4,L15.2,LEAP_TS-Blood_Pool18,mm10,BS,34,GAGAT,8.31,years,male,blood,estradiol
C4_L19.1,C4,L19.1,LEAP_TS-Blood_Pool18,mm10,BS,35,AGTTG,8.31,years,male,blood,acarbose
C4_L18.4,C4,L18.4,LEAP_TS-Blood_Pool18,mm10,BS,36,GATGA,8.31,years,male,blood,no_drug
C4_L18.3,C4,L18.3,LEAP_TS-Blood_Pool18,mm10,BS,37,ATGTA,8.31,years,male,blood,no_drug
C4_L18.2,C4,L18.2,LEAP_TS-Blood_Pool18,mm10,BS,38,AGATA,8.31,years,male,blood,no_drug
C4_L18.1,C4,L18.1,LEAP_TS-Blood_Pool18,mm10,BS,39,TGAGT,8.31,years,male,blood,no_drug
C4_L17.3,C4,L17.3,LEAP_TS-Blood_Pool18,mm10,BS,40,TGGTT,8.31,years,male,blood,acarbose
C5_L2.3,C5,L2.3,LEAP_TS-Blood_Pool18,mm10,BS,41,AATAT,8.8,years,male,blood,acarbose
C5_L2.2,C5,L2.2,LEAP_TS-Blood_Pool18,mm10,BS,42,ATAAG,8.8,years,male,blood,acarbose
C5_L2.1,C5,L2.1,LEAP_TS-Blood_Pool18,mm10,BS,43,AGTAT,8.8,years,male,blood,acarbose
C5_L1.3,C5,L1.3,LEAP_TS-Blood_Pool18,mm10,BS,44,TGTTG,8.8,years,male,blood,acarbose
C5_L1.2,C5,L1.2,LEAP_TS-Blood_Pool18,mm10,BS,45,GATAG,8.8,years,male,blood,acarbose
C5_L1.1,C5,L1.1,LEAP_TS-Blood_Pool18,mm10,BS,46,TAGTG,8.8,years,male,blood,acarbose
Lambda_NA,Lambda,NA,LEAP_TS-Blood_Pool1,Enterobacteriophage_lambda,BS,54,TAAGA,NA,NA,NA,NA,NA
Lambda_NA,Lambda,NA,LEAP_TS-Blood_Pool2,Enterobacteriophage_lambda,BS,54,TAAGA,NA,NA,NA,NA,NA
Lambda_NA,Lambda,NA,LEAP_TS-Blood_Pool3,Enterobacteriophage_lambda,BS,54,TAAGA,NA,NA,NA,NA,NA
Lambda_NA,Lambda,NA,LEAP_TS-Blood_Pool4,Enterobacteriophage_lambda,BS,54,TAAGA,NA,NA,NA,NA,NA
Lambda_NA,Lambda,NA,LEAP_TS-Blood_Pool6,Enterobacteriophage_lambda,BS,54,TAAGA,NA,NA,NA,NA,NA
Lambda_NA,Lambda,NA,LEAP_TS-Blood_Pool7,Enterobacteriophage_lambda,BS,54,TAAGA,NA,NA,NA,NA,NA
Lambda_NA,Lambda,NA,LEAP_TS-Blood_Pool8,Enterobacteriophage_lambda,BS,54,TAAGA,NA,NA,NA,NA,NA
Lambda_NA,Lambda,NA,LEAP_TS-Blood_Pool9,Enterobacteriophage_lambda,BS,54,TAAGA,NA,NA,NA,NA,NA
Lambda_NA,Lambda,NA,LEAP_TS-Blood_Pool10,Enterobacteriophage_lambda,BS,54,TAAGA,NA,NA,NA,NA,NA
Lambda_NA,Lambda,NA,LEAP_TS-Blood_Pool11,Enterobacteriophage_lambda,BS,54,TAAGA,NA,NA,NA,NA,NA
Lambda_NA,Lambda,NA,LEAP_TS-Blood_Pool12,Enterobacteriophage_lambda,BS,54,TAAGA,NA,NA,NA,NA,NA
Lambda_NA,Lambda,NA,LEAP_TS-Blood_Pool13,Enterobacteriophage_lambda,BS,54,TAAGA,NA,NA,NA,NA,NA
Lambda_NA,Lambda,NA,LEAP_TS-Blood_Pool14,Enterobacteriophage_lambda,BS,54,TAAGA,NA,NA,NA,NA,NA
Lambda_NA,Lambda,NA,LEAP_TS-Blood_Pool15,Enterobacteriophage_lambda,BS,54,TAAGA,NA,NA,NA,NA,NA
Lambda_NA,Lambda,NA,LEAP_TS-Blood_Pool16,Enterobacteriophage_lambda,BS,54,TAAGA,NA,NA,NA,NA,NA
Lambda_NA,Lambda,NA,LEAP_TS-Blood_Pool17,Enterobacteriophage_lambda,BS,54,TAAGA,NA,NA,NA,NA,NA
Lambda_NA,Lambda,NA,LEAP_TS-Blood_Pool18,Enterobacteriophage_lambda,BS,54,TAAGA,NA,NA,NA,NA,NA
