pool_ID,sample_ID,genome,bisulfite,barcode_N,barcode_oligo,barcode,age,sex,tissue,age_units,exclude
shallowTS_Liver_mouseDiscBaits_Pool1,6A2,mm10,BS,1,TS301,AAAGA,6,male,tissue,months,NA
shallowTS_Liver_mouseDiscBaits_Pool1,6B1,mm10,BS,2,TS302,AAGTA,6,male,tissue,months,NA
shallowTS_Liver_mouseDiscBaits_Pool1,12A2,mm10,BS,3,TS303,AATTG,12,male,tissue,months,NA
shallowTS_Liver_mouseDiscBaits_Pool1,18A2,mm10,BS,4,TS304,AGATG,18,male,tissue,months,NA
shallowTS_Liver_mouseDiscBaits_Pool1,18A3,mm10,BS,5,TS305,AGGTT,18,male,tissue,months,NA
shallowTS_Liver_mouseDiscBaits_Pool1,24A2,mm10,BS,6,TS306,AGTAA,24,male,tissue,months,NA
shallowTS_Liver_mouseDiscBaits_Pool1,12B3,mm10,BS,7,TS307,ATTAG,12,male,tissue,months,NA
shallowTS_Liver_mouseDiscBaits_Pool1,24A1,mm10,BS,8,TS308,GTTGT,24,male,tissue,months,NA
shallowTS_Liver_mouseDiscBaits_Pool1,D5.1,mm10,BS,9,TS309,AGTGA,22.46,female,tissue,months,NA
shallowTS_Liver_mouseDiscBaits_Pool1,D6.2,mm10,BS,10,TS310,ATGTG,22.49,female,tissue,months,NA
shallowTS_Liver_mouseDiscBaits_Pool1,D6.3,mm10,BS,11,TS311,GTAGA,22.49,female,tissue,months,NA
shallowTS_Liver_mouseDiscBaits_Pool1,D7.1,mm10,BS,12,TS312,GTGGG,22.49,female,tissue,months,NA
shallowTS_Liver_mouseDiscBaits_Pool1,D1.1,mm10,BS,13,TS313,GTGAA,16.52,female,tissue,months,NA
shallowTS_Liver_mouseDiscBaits_Pool1,D1.3,mm10,BS,14,TS314,GTTTG,16.52,female,tissue,months,NA
shallowTS_Liver_mouseDiscBaits_Pool1,D7.3,mm10,BS,15,TS315,GAGTG,22.49,female,tissue,months,NA
shallowTS_Liver_mouseDiscBaits_Pool1,D12.2,mm10,BS,16,TS316,ATTGG,28.46,female,tissue,months,NA
shallowTS_Liver_mouseDiscBaits_Pool1,D13.2,mm10,BS,17,TS317,GAAGT,16.49,male,tissue,months,NA
shallowTS_Liver_mouseDiscBaits_Pool1,D14.3,mm10,BS,18,TS318,GAGGG,16.49,male,tissue,months,NA
shallowTS_Liver_mouseDiscBaits_Pool1,D17.2,mm10,BS,19,TS319,GAGGA,22.46,male,tissue,months,NA
shallowTS_Liver_mouseDiscBaits_Pool1,D18.1,mm10,BS,20,TS320,GATGG,22.46,male,tissue,months,NA
shallowTS_Liver_mouseDiscBaits_Pool1,D20.2,mm10,BS,21,TS321,GATTT,22.46,male,tissue,months,NA
shallowTS_Liver_mouseDiscBaits_Pool1,D24.1,mm10,BS,22,TS322,GTAGG,26.16,male,tissue,months,NA
shallowTS_Liver_mouseDiscBaits_Pool1,D26.1,mm10,BS,23,TS323,GTATA,26.16,male,tissue,months,NA
shallowTS_Liver_mouseDiscBaits_Pool1,Y40.1,mm10,BS,24,TS324,GTGAG,4,male,tissue,months,NA
shallowTS_Liver_mouseDiscBaits_Pool1,Y40.2,mm10,BS,25,TS325,TAATG,4,male,tissue,months,NA
shallowTS_Liver_mouseDiscBaits_Pool1,Y40.3,mm10,BS,26,TS326,TAGAG,5,male,tissue,months,NA
shallowTS_Liver_mouseDiscBaits_Pool1,Y41.1,mm10,BS,27,TS327,TATAA,6,male,tissue,months,NA
shallowTS_Liver_mouseDiscBaits_Pool1,Y41.2,mm10,BS,28,TS328,TGATT,7,male,tissue,months,NA
shallowTS_Liver_mouseDiscBaits_Pool1,Y42.1,mm10,BS,29,TS329,TGGAA,9,male,tissue,months,NA
shallowTS_Liver_mouseDiscBaits_Pool1,Y43.1,mm10,BS,30,TS330,ATGAG,12,male,tissue,months,NA
shallowTS_Liver_mouseDiscBaits_Pool1,Y42.2,mm10,BS,31,TS331,TTAGG,10,male,tissue,months,NA
shallowTS_Liver_mouseDiscBaits_Pool1,Y43.2,mm10,BS,32,TS332,TGAGG,11,male,tissue,months,NA
shallowTS_Liver_mouseDiscBaits_Pool1,TS1,mm10,BS,33,TS333,AGAGT,6,male,tissue,months,NA
shallowTS_Liver_mouseDiscBaits_Pool1,TS3,mm10,BS,34,TS334,GAGAT,6,male,tissue,months,NA
shallowTS_Liver_mouseDiscBaits_Pool1,TS5,mm10,BS,35,TS335,AGTTG,12,male,tissue,months,NA
shallowTS_Liver_mouseDiscBaits_Pool1,TS6,mm10,BS,36,TS336,GATGA,12,male,tissue,months,NA
shallowTS_Liver_mouseDiscBaits_Pool1,TS7,mm10,BS,37,TS337,ATGTA,18,male,tissue,months,NA
shallowTS_Liver_mouseDiscBaits_Pool1,TS8,mm10,BS,38,TS338,AGATA,18,male,tissue,months,NA
shallowTS_Liver_mouseDiscBaits_Pool1,TS9,mm10,BS,39,TS339,TGAGT,NA,NA,tissue,months,x
shallowTS_Liver_mouseDiscBaits_Pool1,LAMBDA,Enterobacteriophage_lambda,BS,51,TS351,AGGTG,NA,NA,tissue,months,x
shallowTS_Liver_mouseDiscBaits_Pool2,TS11,mm10,BS,1,TS301,AAAGA,24,male,tissue,months,NA
shallowTS_Liver_mouseDiscBaits_Pool2,TS12,mm10,BS,2,TS302,AAGTA,24,male,tissue,months,NA
shallowTS_Liver_mouseDiscBaits_Pool2,TS13,mm10,BS,3,TS303,AATTG,24,male,tissue,months,NA
shallowTS_Liver_mouseDiscBaits_Pool2,TS14,mm10,BS,4,TS304,AGATG,24,male,tissue,months,NA
shallowTS_Liver_mouseDiscBaits_Pool2,TS15,mm10,BS,5,TS305,AGGTT,24,male,tissue,months,NA
shallowTS_Liver_mouseDiscBaits_Pool2,TS16,mm10,BS,6,TS306,AGTAA,6,male,tissue,months,NA
shallowTS_Liver_mouseDiscBaits_Pool2,TS17,mm10,BS,7,TS307,ATTAG,6,male,tissue,months,NA
shallowTS_Liver_mouseDiscBaits_Pool2,TS18,mm10,BS,8,TS308,GTTGT,6,male,tissue,months,NA
shallowTS_Liver_mouseDiscBaits_Pool2,TS20,mm10,BS,9,TS309,AGTGA,12,male,tissue,months,NA
shallowTS_Liver_mouseDiscBaits_Pool2,TS24,mm10,BS,10,TS310,ATGTG,18,male,tissue,months,NA
shallowTS_Liver_mouseDiscBaits_Pool2,TS25,mm10,BS,11,TS311,GTAGA,18,male,tissue,months,NA
shallowTS_Liver_mouseDiscBaits_Pool2,TS28,mm10,BS,12,TS312,GTGGG,24,male,tissue,months,NA
shallowTS_Liver_mouseDiscBaits_Pool2,TS29,mm10,BS,13,TS313,GTGAA,24,male,tissue,months,NA
shallowTS_Liver_mouseDiscBaits_Pool2,TS30,mm10,BS,14,TS314,GTTTG,24,male,tissue,months,NA
shallowTS_Liver_mouseDiscBaits_Pool2,v1.1,mm10,BS,15,TS315,GAGTG,3,female,tissue,months,NA
shallowTS_Liver_mouseDiscBaits_Pool2,v5.1,mm10,BS,16,TS316,ATTGG,12,female,tissue,months,NA
shallowTS_Liver_mouseDiscBaits_Pool2,v9.1,mm10,BS,17,TS317,GAAGT,24,female,tissue,months,NA
shallowTS_Liver_mouseDiscBaits_Pool2,v1.2,mm10,BS,18,TS318,GAGGG,3,female,tissue,months,NA
shallowTS_Liver_mouseDiscBaits_Pool2,v5.2,mm10,BS,19,TS319,GAGGA,12,female,tissue,months,NA
shallowTS_Liver_mouseDiscBaits_Pool2,v9.2,mm10,BS,20,TS320,GATGG,24,female,tissue,months,NA
shallowTS_Liver_mouseDiscBaits_Pool2,v1.3,mm10,BS,21,TS321,GATTT,3,female,tissue,months,NA
shallowTS_Liver_mouseDiscBaits_Pool2,v5.3,mm10,BS,22,TS322,GTAGG,12,female,tissue,months,NA
shallowTS_Liver_mouseDiscBaits_Pool2,v9.3,mm10,BS,23,TS323,GTATA,24,female,tissue,months,NA
shallowTS_Liver_mouseDiscBaits_Pool2,v2.1,mm10,BS,24,TS324,GTGAG,3,female,tissue,months,NA
shallowTS_Liver_mouseDiscBaits_Pool2,v6.1,mm10,BS,25,TS325,TAATG,12,female,tissue,months,NA
shallowTS_Liver_mouseDiscBaits_Pool2,v9.4,mm10,BS,26,TS326,TAGAG,24,female,tissue,months,NA
shallowTS_Liver_mouseDiscBaits_Pool2,v2.2,mm10,BS,27,TS327,TATAA,3,female,tissue,months,NA
shallowTS_Liver_mouseDiscBaits_Pool2,v6.2,mm10,BS,28,TS328,TGATT,12,female,tissue,months,NA
shallowTS_Liver_mouseDiscBaits_Pool2,v10.1,mm10,BS,29,TS329,TGGAA,24,female,tissue,months,NA
shallowTS_Liver_mouseDiscBaits_Pool2,v2.3,mm10,BS,30,TS330,ATGAG,3,female,tissue,months,NA
shallowTS_Liver_mouseDiscBaits_Pool2,v10.2,mm10,BS,31,TS331,TTAGG,24,female,tissue,months,NA
shallowTS_Liver_mouseDiscBaits_Pool2,v7.1,mm10,BS,32,TS332,TGAGG,18,female,tissue,months,NA
shallowTS_Liver_mouseDiscBaits_Pool2,v7.2,mm10,BS,33,TS333,AGAGT,18,female,tissue,months,NA
shallowTS_Liver_mouseDiscBaits_Pool2,O10.2,mm10,BS,34,TS334,GAGAT,29.5,male,tissue,months,NA
shallowTS_Liver_mouseDiscBaits_Pool2,D27.2,mm10,BS,35,TS335,AGTTG,29.61,female,tissue,months,NA
shallowTS_Liver_mouseDiscBaits_Pool2,v3.3,mm10,BS,36,TS336,GATGA,6,female,tissue,months,NA
shallowTS_Liver_mouseDiscBaits_Pool2,TS10,mm10,BS,37,TS337,ATGTA,18,male,tissue,months,NA
shallowTS_Liver_mouseDiscBaits_Pool2,6A3,mm10,BS,38,TS338,AGATA,6,male,tissue,months,NA
shallowTS_Liver_mouseDiscBaits_Pool2,LAMBDA,Enterobacteriophage_lambda,BS,51,TS351,AGGTG,NA,NA,tissue,months,x
shallowTS_Liver_mouseDiscBaits_Pool3,D3.2,mm10,BS,1,TS301,AAAGA,16.52,female,tissue,months,NA
shallowTS_Liver_mouseDiscBaits_Pool3,D3.4,mm10,BS,2,TS302,AAGTA,16.52,female,tissue,months,NA
shallowTS_Liver_mouseDiscBaits_Pool3,D3.1,mm10,BS,3,TS303,AATTG,16.52,female,tissue,months,NA
shallowTS_Liver_mouseDiscBaits_Pool3,D123,mm10,BS,4,TS304,AGATG,28.46,female,tissue,months,NA
shallowTS_Liver_mouseDiscBaits_Pool3,D15.1,mm10,BS,5,TS305,AGGTT,16.49,male,tissue,months,NA
shallowTS_Liver_mouseDiscBaits_Pool3,D15.2,mm10,BS,6,TS306,AGTAA,16.49,male,tissue,months,NA
shallowTS_Liver_mouseDiscBaits_Pool3,D25.3,mm10,BS,7,TS307,ATTAG,26.16,male,tissue,months,NA
shallowTS_Liver_mouseDiscBaits_Pool3,D19.2,mm10,BS,8,TS308,GTTGT,22.46,male,tissue,months,NA
shallowTS_Liver_mouseDiscBaits_Pool3,D9.1,mm10,BS,9,TS309,AGTGA,28.46,female,tissue,months,NA
shallowTS_Liver_mouseDiscBaits_Pool3,D20.1,mm10,BS,10,TS310,ATGTG,22.46,male,tissue,months,NA
shallowTS_Liver_mouseDiscBaits_Pool3,D10.1,mm10,BS,11,TS311,GTAGA,28.46,female,tissue,months,NA
shallowTS_Liver_mouseDiscBaits_Pool3,D3.3,mm10,BS,12,TS312,GTGGG,16.52,female,tissue,months,NA
shallowTS_Liver_mouseDiscBaits_Pool3,D14.4,mm10,BS,13,TS313,GTGAA,16.49,male,tissue,months,NA
shallowTS_Liver_mouseDiscBaits_Pool3,D4.1,mm10,BS,14,TS314,GTTTG,16.52,female,tissue,months,NA
shallowTS_Liver_mouseDiscBaits_Pool3,D26.3,mm10,BS,15,TS315,GAGTG,26.16,male,tissue,months,NA
shallowTS_Liver_mouseDiscBaits_Pool3,D18.2,mm10,BS,16,TS316,ATTGG,22.46,male,tissue,months,NA
shallowTS_Liver_mouseDiscBaits_Pool3,D25.1,mm10,BS,17,TS317,GAAGT,26.16,male,tissue,months,NA
shallowTS_Liver_mouseDiscBaits_Pool3,D7.4,mm10,BS,18,TS318,GAGGG,22.49,female,tissue,months,NA
shallowTS_Liver_mouseDiscBaits_Pool3,D1.3-2,mm10,BS,19,TS319,GAGGA,NA,NA,tissue,months,x
shallowTS_Liver_mouseDiscBaits_Pool3,D14.3-2,mm10,BS,20,TS320,GATGG,NA,NA,tissue,months,x
shallowTS_Liver_mouseDiscBaits_Pool3,D21.1,mm10,BS,21,TS321,GATTT,28.46,male,tissue,months,NA
shallowTS_Liver_mouseDiscBaits_Pool3,D17.2-2,mm10,BS,22,TS322,GTAGG,NA,NA,tissue,months,x
shallowTS_Liver_mouseDiscBaits_Pool3,D26.1,mm10,BS,23,TS323,GTATA,26.16,male,tissue,months,NA
shallowTS_Liver_mouseDiscBaits_Pool3,D1.1-2,mm10,BS,24,TS324,GTGAG,NA,NA,tissue,months,x
shallowTS_Liver_mouseDiscBaits_Pool3,LS9,mm10,BS,25,TS325,TAATG,18,male,tissue,months,NA
shallowTS_Liver_mouseDiscBaits_Pool3,D6.2-2,mm10,BS,26,TS326,TAGAG,NA,NA,tissue,months,x
shallowTS_Liver_mouseDiscBaits_Pool3,D14.2,mm10,BS,27,TS327,TATAA,16.49,male,tissue,months,NA
shallowTS_Liver_mouseDiscBaits_Pool3,D9.2,mm10,BS,28,TS328,TGATT,28.46,female,tissue,months,NA
shallowTS_Liver_mouseDiscBaits_Pool3,D8.1,mm10,BS,29,TS329,TGGAA,22.49,female,tissue,months,NA
shallowTS_Liver_mouseDiscBaits_Pool3,D18.1-2,mm10,BS,30,TS330,ATGAG,NA,NA,tissue,months,x
shallowTS_Liver_mouseDiscBaits_Pool3,D5.1-2,mm10,BS,31,TS331,TTAGG,NA,NA,tissue,months,x
shallowTS_Liver_mouseDiscBaits_Pool3,D7.3-2,mm10,BS,32,TS332,TGAGG,NA,NA,tissue,months,x
shallowTS_Liver_mouseDiscBaits_Pool3,D13.2,mm10,BS,33,TS333,AGAGT,16.49,male,tissue,months,NA
shallowTS_Liver_mouseDiscBaits_Pool3,D26.1-2,mm10,BS,34,TS334,GAGAT,NA,NA,tissue,months,x
shallowTS_Liver_mouseDiscBaits_Pool3,D18.4,mm10,BS,35,TS335,AGTTG,22.46,male,tissue,months,NA
shallowTS_Liver_mouseDiscBaits_Pool3,12B1,mm10,BS,36,TS336,GATGA,12,male,tissue,months,NA
shallowTS_Liver_mouseDiscBaits_Pool3,18A1,mm10,BS,37,TS337,ATGTA,18,male,tissue,months,NA
shallowTS_Liver_mouseDiscBaits_Pool3,24A1-2,mm10,BS,38,TS338,AGATA,NA,NA,tissue,months,x
shallowTS_Liver_mouseDiscBaits_Pool3,12A3,mm10,BS,39,TS339,TGAGT,12,male,tissue,months,NA
shallowTS_Liver_mouseDiscBaits_Pool3,LAMBDA,Enterobacteriophage_lambda,BS,51,TS351,AGGTG,NA,NA,tissue,months,x
