barcode,pool_ID,sample_ID,genome,bisulfite,exclude,sex,age,age_units,tissue
AAAGA,pilot_TIME-Seq_rDNABaitsv1_rep1,6A1,rDNA_mouse,BS,,male,6,months,blood
AAGTA,pilot_TIME-Seq_rDNABaitsv1_rep1,6A3,rDNA_mouse,BS,,male,6,months,blood
AATTG,pilot_TIME-Seq_rDNABaitsv1_rep1,6A4,rDNA_mouse,BS,,male,6,months,blood
AGATG,pilot_TIME-Seq_rDNABaitsv1_rep1,12A1,rDNA_mouse,BS,,male,12,months,blood
AGGTT,pilot_TIME-Seq_rDNABaitsv1_rep1,12A3,rDNA_mouse,BS,,male,12,months,blood
AGTAA,pilot_TIME-Seq_rDNABaitsv1_rep1,12B1,rDNA_mouse,BS,,male,12,months,blood
ATTAG,pilot_TIME-Seq_rDNABaitsv1_rep1,18A2,rDNA_mouse,BS,,male,18,months,blood
GTTGT,pilot_TIME-Seq_rDNABaitsv1_rep1,18A3,rDNA_mouse,BS,,male,18,months,blood
AGTGA,pilot_TIME-Seq_rDNABaitsv1_rep1,18B2,rDNA_mouse,BS,,male,18,months,blood
ATGTG,pilot_TIME-Seq_rDNABaitsv1_rep1,24A1,rDNA_mouse,BS,,male,24,months,blood
GTAGA,pilot_TIME-Seq_rDNABaitsv1_rep1,24A2,rDNA_mouse,BS,,male,24,months,blood
GTGAA,pilot_TIME-Seq_rDNABaitsv1_rep1,24A3,rDNA_mouse,BS,,male,24,months,blood
GTTTG,pilot_TIME-Seq_rDNABaitsv1_rep1,lambda-spike-in,Enterobacteriophage_lambda,BS,,male,lambda-spike-in,months,blood
AAAGA,pilot_TIME-Seq_rDNABaitsv1_rep2,6A1,rDNA_mouse,BS,,male,6,months,blood
AAGTA,pilot_TIME-Seq_rDNABaitsv1_rep2,6A3,rDNA_mouse,BS,,male,6,months,blood
AATTG,pilot_TIME-Seq_rDNABaitsv1_rep2,6A4,rDNA_mouse,BS,,male,6,months,blood
AGATG,pilot_TIME-Seq_rDNABaitsv1_rep2,12A1,rDNA_mouse,BS,,male,12,months,blood
AGGTT,pilot_TIME-Seq_rDNABaitsv1_rep2,12A3,rDNA_mouse,BS,,male,12,months,blood
AGTAA,pilot_TIME-Seq_rDNABaitsv1_rep2,12B1,rDNA_mouse,BS,,male,12,months,blood
ATTAG,pilot_TIME-Seq_rDNABaitsv1_rep2,18A2,rDNA_mouse,BS,,male,18,months,blood
GTTGT,pilot_TIME-Seq_rDNABaitsv1_rep2,18A3,rDNA_mouse,BS,,male,18,months,blood
AGTGA,pilot_TIME-Seq_rDNABaitsv1_rep2,18B2,rDNA_mouse,BS,,male,18,months,blood
ATGTG,pilot_TIME-Seq_rDNABaitsv1_rep2,24A1,rDNA_mouse,BS,,male,24,months,blood
GTAGA,pilot_TIME-Seq_rDNABaitsv1_rep2,24A2,rDNA_mouse,BS,,male,24,months,blood
GTGAA,pilot_TIME-Seq_rDNABaitsv1_rep2,24A3,rDNA_mouse,BS,,male,24,months,blood
GTTTG,pilot_TIME-Seq_rDNABaitsv1_rep2,lambda-spike-in,Enterobacteriophage_lambda,BS,,male,lambda-spike-in,months,blood