barcode,pool_ID,sample_ID,genome,bisulfite,barcode_N,barcode_oligo,age,age_units,sex,tissue
AAAGA,TS-Blood_TrainTest_Pool1,168,mm10,BS,1,TS301,99,weeks,Female,blood
AAGTA,TS-Blood_TrainTest_Pool1,256,mm10,BS,2,TS302,53,weeks,Male,blood
AATTG,TS-Blood_TrainTest_Pool1,187,mm10,BS,3,TS303,79,weeks,Female,blood
AGATG,TS-Blood_TrainTest_Pool1,73,mm10,BS,4,TS304,129,weeks,Male,blood
AGGTT,TS-Blood_TrainTest_Pool1,227,mm10,BS,5,TS305,68,weeks,Male,blood
AGTAA,TS-Blood_TrainTest_Pool1,296,mm10,BS,6,TS306,20,weeks,Female,blood
ATTAG,TS-Blood_TrainTest_Pool1,198,mm10,BS,7,TS307,78,weeks,Female,blood
GTTGT,TS-Blood_TrainTest_Pool1,79,mm10,BS,8,TS308,129,weeks,Male,blood
AGTGA,TS-Blood_TrainTest_Pool1,166,mm10,BS,9,TS309,99,weeks,Female,blood
ATGTG,TS-Blood_TrainTest_Pool1,320,mm10,BS,10,TS310,9,weeks,Female,blood
GTGAA,TS-Blood_TrainTest_Pool1,317,mm10,BS,13,TS313,9,weeks,Male,blood
GTTTG,TS-Blood_TrainTest_Pool1,336,mm10,BS,14,TS314,65,weeks,Male,blood
GAGTG,TS-Blood_TrainTest_Pool1,269,mm10,BS,15,TS315,40,weeks,Female,blood
ATTGG,TS-Blood_TrainTest_Pool1,288,mm10,BS,16,TS316,20,weeks,Female,blood
GAAGT,TS-Blood_TrainTest_Pool1,346,mm10,BS,17,TS317,60,weeks,Male,blood
GAGGG,TS-Blood_TrainTest_Pool1,285,mm10,BS,18,TS318,20,weeks,Female,blood
GAGGA,TS-Blood_TrainTest_Pool1,266,mm10,BS,19,TS319,37,weeks,Female,blood
GATGG,TS-Blood_TrainTest_Pool1,364,mm10,BS,20,TS320,88,weeks,Male,blood
GATTT,TS-Blood_TrainTest_Pool1,258,mm10,BS,21,TS321,53,weeks,Male,blood
GTAGG,TS-Blood_TrainTest_Pool1,74,mm10,BS,22,TS322,129,weeks,Male,blood
GTATA,TS-Blood_TrainTest_Pool1,162,mm10,BS,23,TS323,111,weeks,Female,blood
GTGAG,TS-Blood_TrainTest_Pool1,220,mm10,BS,24,TS324,82,weeks,Male,blood
TAATG,TS-Blood_TrainTest_Pool1,165,mm10,BS,25,TS325,111,weeks,Male,blood
TAGAG,TS-Blood_TrainTest_Pool1,179,mm10,BS,26,TS326,99,weeks,Female,blood
TATAA,TS-Blood_TrainTest_Pool1,217,mm10,BS,27,TS327,82,weeks,Male,blood
TGATT,TS-Blood_TrainTest_Pool1,350,mm10,BS,28,TS328,60,weeks,Male,blood
TGGAA,TS-Blood_TrainTest_Pool1,223,mm10,BS,29,TS329,82,weeks,Male,blood
ATGAG,TS-Blood_TrainTest_Pool1,83,mm10,BS,30,TS330,129,weeks,Male,blood
TTAGG,TS-Blood_TrainTest_Pool1,218,mm10,BS,31,TS331,NA,NA,NA,NA
TGAGG,TS-Blood_TrainTest_Pool1,291,mm10,BS,32,TS332,20,weeks,Male,blood
AGAGT,TS-Blood_TrainTest_Pool1,207,mm10,BS,33,TS333,82,weeks,Female,blood
GAGAT,TS-Blood_TrainTest_Pool1,344,mm10,BS,34,TS334,60,weeks,Male,blood
AGTTG,TS-Blood_TrainTest_Pool1,260,mm10,BS,35,TS335,51,weeks,Female,blood
GATGA,TS-Blood_TrainTest_Pool1,267,mm10,BS,36,TS336,40,weeks,Female,blood
ATGTA,TS-Blood_TrainTest_Pool1,234,mm10,BS,37,TS337,68,weeks,Male,blood
AGATA,TS-Blood_TrainTest_Pool1,352,mm10,BS,38,TS338,88,weeks,Male,blood
TGAGT,TS-Blood_TrainTest_Pool1,314,mm10,BS,39,TS339,9,weeks,Male,blood
TGGTT,TS-Blood_TrainTest_Pool1,204,mm10,BS,40,TS340,78,weeks,Male,blood
AATAT,TS-Blood_TrainTest_Pool1,194,mm10,BS,41,TS341,79,weeks,Female,blood
ATAAG,TS-Blood_TrainTest_Pool1,46,mm10,BS,42,TS342,141,weeks,Male,blood
AGGTG,TS-Blood_TrainTest_Pool1,Lambda_Phage_1,Enterobacteriophage_lambda,BS,51,TS351,NA,NA,NA,NA
AAAGA,TS-Blood_TrainTest_Pool3,76,mm10,BS,1,TS301,129,weeks,Male,blood
AAGTA,TS-Blood_TrainTest_Pool3,323,mm10,BS,2,TS302,9,weeks,Male,blood
AATTG,TS-Blood_TrainTest_Pool3,159,mm10,BS,3,TS303,111,weeks,Female,blood
AGATG,TS-Blood_TrainTest_Pool3,301,mm10,BS,4,TS304,38,weeks,Male,blood
AGGTT,TS-Blood_TrainTest_Pool3,89,mm10,BS,5,TS305,129,weeks,Male,blood
AGTAA,TS-Blood_TrainTest_Pool3,338,mm10,BS,6,TS306,65,weeks,Male,blood
ATTAG,TS-Blood_TrainTest_Pool3,316,mm10,BS,7,TS307,9,weeks,Male,blood
GTTGT,TS-Blood_TrainTest_Pool3,226,mm10,BS,8,TS308,68,weeks,Female,blood
AGTGA,TS-Blood_TrainTest_Pool3,347,mm10,BS,9,TS309,60,weeks,Male,blood
ATGTG,TS-Blood_TrainTest_Pool3,192,mm10,BS,10,TS310,79,weeks,Female,blood
GTGAA,TS-Blood_TrainTest_Pool3,300,mm10,BS,13,TS313,38,weeks,Male,blood
GTTTG,TS-Blood_TrainTest_Pool3,333,mm10,BS,14,TS314,65,weeks,Male,blood
GAGTG,TS-Blood_TrainTest_Pool3,273,mm10,BS,15,TS315,40,weeks,Male,blood
ATTGG,TS-Blood_TrainTest_Pool3,308,mm10,BS,16,TS316,9,weeks,Female,blood
GAAGT,TS-Blood_TrainTest_Pool3,284,mm10,BS,17,TS317,34,weeks,Male,blood
GAGGG,TS-Blood_TrainTest_Pool3,254,mm10,BS,18,TS318,53,weeks,Male,blood
GAGGA,TS-Blood_TrainTest_Pool3,325,mm10,BS,19,TS319,9,weeks,Male,blood
GATGG,TS-Blood_TrainTest_Pool3,193,mm10,BS,20,TS320,79,weeks,Female,blood
GATTT,TS-Blood_TrainTest_Pool3,357,mm10,BS,21,TS321,87,weeks,Female,blood
GTAGG,TS-Blood_TrainTest_Pool3,42,mm10,BS,22,TS322,141,weeks,Male,blood
GTATA,TS-Blood_TrainTest_Pool3,272,mm10,BS,23,TS323,40,weeks,Male,blood
GTGAG,TS-Blood_TrainTest_Pool3,299,mm10,BS,24,TS324,38,weeks,Male,blood
TAATG,TS-Blood_TrainTest_Pool3,169,mm10,BS,25,TS325,99,weeks,Female,blood
TAGAG,TS-Blood_TrainTest_Pool3,170,mm10,BS,26,TS326,100,weeks,Female,blood
TATAA,TS-Blood_TrainTest_Pool3,259,mm10,BS,27,TS327,51,weeks,Female,blood
TGATT,TS-Blood_TrainTest_Pool3,289,mm10,BS,28,TS328,20,weeks,Male,blood
TGGAA,TS-Blood_TrainTest_Pool3,235,mm10,BS,29,TS329,68,weeks,Male,blood
ATGAG,TS-Blood_TrainTest_Pool3,190,mm10,BS,30,TS330,79,weeks,Male,blood
TTAGG,TS-Blood_TrainTest_Pool3,39,mm10,BS,31,TS331,153,weeks,Male,blood
TGAGG,TS-Blood_TrainTest_Pool3,270,mm10,BS,32,TS332,37,weeks,Male,blood
AGAGT,TS-Blood_TrainTest_Pool3,334,mm10,BS,33,TS333,65,weeks,Male,blood
GAGAT,TS-Blood_TrainTest_Pool3,175,mm10,BS,34,TS334,99,weeks,Male,blood
AGTTG,TS-Blood_TrainTest_Pool3,52,mm10,BS,35,TS335,141,weeks,Male,blood
GATGA,TS-Blood_TrainTest_Pool3,199,mm10,BS,36,TS336,78,weeks,Male,blood
ATGTA,TS-Blood_TrainTest_Pool3,345,mm10,BS,37,TS337,60,weeks,Male,blood
AGATA,TS-Blood_TrainTest_Pool3,222,mm10,BS,38,TS338,82,weeks,Male,blood
TGAGT,TS-Blood_TrainTest_Pool3,75,mm10,BS,39,TS339,129,weeks,Male,blood
TGGTT,TS-Blood_TrainTest_Pool3,290,mm10,BS,40,TS340,20,weeks,Male,blood
AATAT,TS-Blood_TrainTest_Pool3,201,mm10,BS,41,TS341,78,weeks,Male,blood
ATAAG,TS-Blood_TrainTest_Pool3,202,mm10,BS,42,TS342,78,weeks,Male,blood
AGGTG,TS-Blood_TrainTest_Pool3,Lambda_Phage_3,Enterobacteriophage_lambda,BS,51,TS351,NA,NA,NA,NA
AAAGA,TS-Blood_TrainTest_Pool4,203,mm10,BS,1,TS301,78,weeks,Male,blood
AAGTA,TS-Blood_TrainTest_Pool4,200,mm10,BS,2,TS302,78,weeks,Male,blood
AATTG,TS-Blood_TrainTest_Pool4,40,mm10,BS,3,TS303,153,weeks,Male,blood
AGATG,TS-Blood_TrainTest_Pool4,173,mm10,BS,4,TS304,99,weeks,Male,blood
AGGTT,TS-Blood_TrainTest_Pool4,310,mm10,BS,5,TS305,9,weeks,Female,blood
AGTAA,TS-Blood_TrainTest_Pool4,293,mm10,BS,6,TS306,20,weeks,Female,blood
ATTAG,TS-Blood_TrainTest_Pool4,47,mm10,BS,7,TS307,141,weeks,Male,blood
GTTGT,TS-Blood_TrainTest_Pool4,278,mm10,BS,8,TS308,34,weeks,Female,blood
AGTGA,TS-Blood_TrainTest_Pool4,208,mm10,BS,9,TS309,82,weeks,Female,blood
ATGTG,TS-Blood_TrainTest_Pool4,283,mm10,BS,10,TS310,34,weeks,Male,blood
GTGAA,TS-Blood_TrainTest_Pool4,210,mm10,BS,13,TS313,80,weeks,Female,blood
GTTTG,TS-Blood_TrainTest_Pool4,219,mm10,BS,14,TS314,81,weeks,Male,blood
GAGTG,TS-Blood_TrainTest_Pool4,368,mm10,BS,15,TS315,88,weeks,Female,blood
ATTGG,TS-Blood_TrainTest_Pool4,271,mm10,BS,16,TS316,37,weeks,Male,blood
GAAGT,TS-Blood_TrainTest_Pool4,313,mm10,BS,17,TS317,9,weeks,Male,blood
GAGGG,TS-Blood_TrainTest_Pool4,279,mm10,BS,18,TS318,34,weeks,Female,blood
GAGGA,TS-Blood_TrainTest_Pool4,237,mm10,BS,19,TS319,67,weeks,Male,blood
GATGG,TS-Blood_TrainTest_Pool4,184,mm10,BS,20,TS320,100,weeks,Male,blood
GATTT,TS-Blood_TrainTest_Pool4,302,mm10,BS,21,TS321,38,weeks,Male,blood
GTAGG,TS-Blood_TrainTest_Pool4,340,mm10,BS,22,TS322,65,weeks,Male,blood
GTATA,TS-Blood_TrainTest_Pool4,306,mm10,BS,23,TS323,9,weeks,Female,blood
GTGAG,TS-Blood_TrainTest_Pool4,321,mm10,BS,24,TS324,9,weeks,Female,blood
TAATG,TS-Blood_TrainTest_Pool4,86,mm10,BS,25,TS325,129,weeks,Male,blood
TAGAG,TS-Blood_TrainTest_Pool4,366,mm10,BS,26,TS326,88,weeks,Female,blood
TATAA,TS-Blood_TrainTest_Pool4,348,mm10,BS,27,TS327,60,weeks,Male,blood
TGATT,TS-Blood_TrainTest_Pool4,274,mm10,BS,28,TS328,40,weeks,Male,blood
TGGAA,TS-Blood_TrainTest_Pool4,243,mm10,BS,29,TS329,66,weeks,Male,blood
ATGAG,TS-Blood_TrainTest_Pool4,324,mm10,BS,30,TS330,9,weeks,Male,blood
TTAGG,TS-Blood_TrainTest_Pool4,152,mm10,BS,31,TS331,111,weeks,Male,blood
TGAGG,TS-Blood_TrainTest_Pool4,157,mm10,BS,32,TS332,111,weeks,Male,blood
AGAGT,TS-Blood_TrainTest_Pool4,343,mm10,BS,33,TS333,60,weeks,Male,blood
GAGAT,TS-Blood_TrainTest_Pool4,297,mm10,BS,34,TS334,20,weeks,Male,blood
AGTTG,TS-Blood_TrainTest_Pool4,304,mm10,BS,35,TS335,35,weeks,Female,blood
GATGA,TS-Blood_TrainTest_Pool4,341,mm10,BS,36,TS336,60,weeks,Male,blood
ATGTA,TS-Blood_TrainTest_Pool4,309,mm10,BS,37,TS337,9,weeks,Female,blood
AGATA,TS-Blood_TrainTest_Pool4,216,mm10,BS,38,TS338,82,weeks,Male,blood
TGAGT,TS-Blood_TrainTest_Pool4,53,mm10,BS,39,TS339,141,weeks,Male,blood
TGGTT,TS-Blood_TrainTest_Pool4,307,mm10,BS,40,TS340,9,weeks,Female,blood
AATAT,TS-Blood_TrainTest_Pool4,33,mm10,BS,41,TS341,153,weeks,Male,blood
ATAAG,TS-Blood_TrainTest_Pool4,48,mm10,BS,42,TS342,141,weeks,Male,blood
AGTAT,TS-Blood_TrainTest_Pool4,215,mm10,BS,43,TS343,82,weeks,Male,blood
AGGTG,TS-Blood_TrainTest_Pool4,Lambda_Phage_4,Enterobacteriophage_lambda,BS,51,TS351,NA,NA,NA,NA