pool_ID,sample_ID,genome,bisulfite,barcode_N,barcode_oligo,barcode,age,age_units,sex,tissue,treatment,exclude
TS-Blood_DietaryInt_Pool1,A-469,mm10,BS,17,TS317,GAAGT,27.5,months,male,blood,Mitchell_CR,NA
TS-Blood_DietaryInt_Pool1,A-610,mm10,BS,18,TS318,GAGGG,28.6,months,male,blood,Mitchell_CR,x
TS-Blood_DietaryInt_Pool1,A-602,mm10,BS,19,TS319,GAGGA,29.7,months,male,blood,Mitchell_CR,NA
TS-Blood_DietaryInt_Pool1,A-602,mm10,BS,19,TS319,GAGGA,29.7,months,male,blood,Mitchell_CR,NA
TS-Blood_DietaryInt_Pool1,A-552,mm10,BS,20,TS320,GATGG,29.6,months,male,blood,MetR,NA
TS-Blood_DietaryInt_Pool1,A-325,mm10,BS,21,TS321,GATTT,30.4,months,male,blood,MetR,NA
TS-Blood_DietaryInt_Pool1,A-535,mm10,BS,22,TS322,GTAGG,30.2,months,male,blood,MetR,NA
TS-Blood_DietaryInt_Pool1,A-326,mm10,BS,23,TS323,GTATA,30.4,months,male,blood,MetR,NA
TS-Blood_DietaryInt_Pool1,A-534,mm10,BS,24,TS324,GTGAG,30.2,months,male,blood,MetR,NA
TS-Blood_DietaryInt_Pool1,A-327,mm10,BS,25,TS325,TAATG,30.4,months,male,blood,MetR,NA
TS-Blood_DietaryInt_Pool1,A-540,mm10,BS,26,TS326,TAGAG,30.2,months,male,blood,AL,NA
TS-Blood_DietaryInt_Pool1,A-606,mm10,BS,27,TS327,TATAA,28.6,months,male,blood,Mitchell_CR,NA
TS-Blood_DietaryInt_Pool1,A-491,mm10,BS,28,TS328,TGATT,27.5,months,male,blood,MetR,NA
TS-Blood_DietaryInt_Pool1,A-582,mm10,BS,29,TS329,TGGAA,29.6,months,male,blood,MetR,NA
TS-Blood_DietaryInt_Pool1,A-621,mm10,BS,30,TS330,ATGAG,28.6,months,male,blood,Mitchell_CR,NA
TS-Blood_DietaryInt_Pool1,A-519,mm10,BS,31,TS331,TTAGG,30.2,months,male,blood,MetR,NA
TS-Blood_DietaryInt_Pool1,A-592,mm10,BS,32,TS332,TGAGG,29.7,months,male,blood,Mitchell_CR,NA
TS-Blood_DietaryInt_Pool1,A-592,mm10,BS,32,TS332,TGAGG,29.7,months,male,blood,Mitchell_CR,NA
TS-Blood_DietaryInt_Pool1,A-545,mm10,BS,33,TS333,AGAGT,29.6,months,male,blood,AL,NA
TS-Blood_DietaryInt_Pool1,A-474,mm10,BS,34,TS334,GAGAT,27.5,months,male,blood,MetR,NA
TS-Blood_DietaryInt_Pool1,A-471,mm10,BS,35,TS335,AGTTG,27.5,months,male,blood,MetR,NA
TS-Blood_DietaryInt_Pool1,A-464,mm10,BS,36,TS336,GATGA,27.5,months,male,blood,AL,NA
TS-Blood_DietaryInt_Pool1,A-324,mm10,BS,37,TS337,ATGTA,30.4,months,male,blood,AL,NA
TS-Blood_DietaryInt_Pool1,NA,mm10,BS,38,TS338,AGATA,NA,NA,NA,NA,NA,x
TS-Blood_DietaryInt_Pool1,NA,mm10,BS,39,TS339,TGAGT,NA,NA,NA,NA,NA,x
TS-Blood_DietaryInt_Pool1,NA,mm10,BS,40,TS340,TGGTT,NA,NA,NA,NA,NA,x
TS-Blood_DietaryInt_Pool1,NA,mm10,BS,41,TS341,AATAT,NA,NA,NA,NA,NA,x
TS-Blood_DietaryInt_Pool1,NA,mm10,BS,42,TS342,ATAAG,NA,NA,NA,NA,NA,x
TS-Blood_DietaryInt_Pool1,NA,mm10,BS,43,TS343,AGTAT,NA,NA,NA,NA,NA,x
TS-Blood_DietaryInt_Pool1,NA,mm10,BS,44,TS344,TGTTG,NA,NA,NA,NA,NA,x
TS-Blood_DietaryInt_Pool1,Lambda,Enterobacteriophage_lambda,BS,64,TS364,GAAGA,NA,NA,NA,NA,NA,NA
TS-Blood_DietaryInt_Pool2,A-536,mm10,BS,17,TS317,GAAGT,30.2,months,male,blood,MetR,NA
TS-Blood_DietaryInt_Pool2,A-517,mm10,BS,18,TS318,GAGGG,30.2,months,male,blood,MetR,NA
TS-Blood_DietaryInt_Pool2,A-567,mm10,BS,19,TS319,GAGGA,29.6,months,male,blood,AL,NA
TS-Blood_DietaryInt_Pool2,A-569,mm10,BS,20,TS320,GATGG,29.6,months,male,blood,AL,NA
TS-Blood_DietaryInt_Pool2,A-341,mm10,BS,21,TS321,GATTT,30.4,months,male,blood,MetR,NA
TS-Blood_DietaryInt_Pool2,A-533,mm10,BS,22,TS322,GTAGG,30.2,months,male,blood,MetR,NA
TS-Blood_DietaryInt_Pool2,A-504,mm10,BS,23,TS323,GTATA,30.2,months,male,blood,AL,NA
TS-Blood_DietaryInt_Pool2,A-323,mm10,BS,24,TS324,GTGAG,30.4,months,male,blood,AL,NA
TS-Blood_DietaryInt_Pool2,A-466,mm10,BS,25,TS325,TAATG,27.5,months,male,blood,AL,NA
TS-Blood_DietaryInt_Pool2,A-595,mm10,BS,26,TS326,TAGAG,29.7,months,male,blood,AL,NA
TS-Blood_DietaryInt_Pool2,A-595,mm10,BS,26,TS326,TAGAG,29.7,months,male,blood,AL,NA
TS-Blood_DietaryInt_Pool2,A-541,mm10,BS,27,TS327,TATAA,30.2,months,male,blood,AL,NA
TS-Blood_DietaryInt_Pool2,A-605,mm10,BS,28,TS328,TGATT,28.6,months,male,blood,Mitchell_CR,NA
TS-Blood_DietaryInt_Pool2,A-520,mm10,BS,29,TS329,TGGAA,30.2,months,male,blood,MetR,NA
TS-Blood_DietaryInt_Pool2,A-344,mm10,BS,30,TS330,ATGAG,30.4,months,male,blood,MetR,NA
TS-Blood_DietaryInt_Pool2,A-522,mm10,BS,31,TS331,TTAGG,30.2,months,male,blood,MetR,NA
TS-Blood_DietaryInt_Pool2,A-613,mm10,BS,32,TS332,TGAGG,28.6,months,male,blood,Mitchell_CR,NA
TS-Blood_DietaryInt_Pool2,A-555,mm10,BS,33,TS333,AGAGT,29.6,months,male,blood,AL,NA
TS-Blood_DietaryInt_Pool2,A-542,mm10,BS,34,TS334,GAGAT,30.2,months,male,blood,AL,NA
TS-Blood_DietaryInt_Pool2,A-580,mm10,BS,35,TS335,AGTTG,29.6,months,male,blood,MetR,NA
TS-Blood_DietaryInt_Pool2,A-619,mm10,BS,36,TS336,GATGA,28.6,months,male,blood,Mitchell_CR,NA
TS-Blood_DietaryInt_Pool2,NA,mm10,BS,37,TS337,ATGTA,NA,NA,NA,NA,NA,x
TS-Blood_DietaryInt_Pool2,NA,mm10,BS,38,TS338,AGATA,NA,NA,NA,NA,NA,x
TS-Blood_DietaryInt_Pool2,NA,mm10,BS,39,TS339,TGAGT,NA,NA,NA,NA,NA,x
TS-Blood_DietaryInt_Pool2,NA,mm10,BS,40,TS340,TGGTT,NA,NA,NA,NA,NA,x
TS-Blood_DietaryInt_Pool2,NA,mm10,BS,41,TS341,AATAT,NA,NA,NA,NA,NA,x
TS-Blood_DietaryInt_Pool2,NA,mm10,BS,42,TS342,ATAAG,NA,NA,NA,NA,NA,x
TS-Blood_DietaryInt_Pool2,NA,mm10,BS,43,TS343,AGTAT,NA,NA,NA,NA,NA,x
TS-Blood_DietaryInt_Pool2,NA,mm10,BS,44,TS344,TGTTG,NA,NA,NA,NA,NA,x
TS-Blood_DietaryInt_Pool2,A-503,mm10,BS,45,TS345,GATAG,30.2,months,male,blood,AL,NA
TS-Blood_DietaryInt_Pool2,Lambda,Enterobacteriophage_lambda,BS,64,TS364,GAAGA,NA,NA,NA,NA,NA,NA