barcode,pool_ID,sample_ID,genome,bisulfite,barcode_N,barcode_oligo,age,sex,age_units
AAAGA,TS-Blood_TrainTest_Pool1,168,mm10,BS,1,TS301,99,Female,weeks
AAGTA,TS-Blood_TrainTest_Pool1,256,mm10,BS,2,TS302,53,Male,weeks
AATTG,TS-Blood_TrainTest_Pool1,187,mm10,BS,3,TS303,79,Female,weeks
AGATG,TS-Blood_TrainTest_Pool1,73,mm10,BS,4,TS304,129,Male,weeks
AGGTT,TS-Blood_TrainTest_Pool1,227,mm10,BS,5,TS305,68,Male,weeks
AGTAA,TS-Blood_TrainTest_Pool1,296,mm10,BS,6,TS306,20,Female,weeks
ATTAG,TS-Blood_TrainTest_Pool1,198,mm10,BS,7,TS307,78,Female,weeks
GTTGT,TS-Blood_TrainTest_Pool1,79,mm10,BS,8,TS308,129,Male,weeks
AGTGA,TS-Blood_TrainTest_Pool1,166,mm10,BS,9,TS309,99,Female,weeks
ATGTG,TS-Blood_TrainTest_Pool1,320,mm10,BS,10,TS310,9,Female,weeks
GTGAA,TS-Blood_TrainTest_Pool1,317,mm10,BS,13,TS313,9,Male,weeks
GTTTG,TS-Blood_TrainTest_Pool1,336,mm10,BS,14,TS314,65,Male,weeks
GAGTG,TS-Blood_TrainTest_Pool1,269,mm10,BS,15,TS315,40,Female,weeks
ATTGG,TS-Blood_TrainTest_Pool1,288,mm10,BS,16,TS316,20,Female,weeks
GAAGT,TS-Blood_TrainTest_Pool1,346,mm10,BS,17,TS317,60,Male,weeks
GAGGG,TS-Blood_TrainTest_Pool1,285,mm10,BS,18,TS318,20,Female,weeks
GAGGA,TS-Blood_TrainTest_Pool1,266,mm10,BS,19,TS319,37,Female,weeks
GATGG,TS-Blood_TrainTest_Pool1,364,mm10,BS,20,TS320,88,Male,weeks
GATTT,TS-Blood_TrainTest_Pool1,258,mm10,BS,21,TS321,53,Male,weeks
GTAGG,TS-Blood_TrainTest_Pool1,74,mm10,BS,22,TS322,129,Male,weeks
GTATA,TS-Blood_TrainTest_Pool1,162,mm10,BS,23,TS323,111,Female,weeks
GTGAG,TS-Blood_TrainTest_Pool1,220,mm10,BS,24,TS324,82,Male,weeks
TAATG,TS-Blood_TrainTest_Pool1,165,mm10,BS,25,TS325,111,Male,weeks
TAGAG,TS-Blood_TrainTest_Pool1,179,mm10,BS,26,TS326,99,Female,weeks
TATAA,TS-Blood_TrainTest_Pool1,217,mm10,BS,27,TS327,82,Male,weeks
TGATT,TS-Blood_TrainTest_Pool1,350,mm10,BS,28,TS328,60,Male,weeks
TGGAA,TS-Blood_TrainTest_Pool1,223,mm10,BS,29,TS329,82,Male,weeks
ATGAG,TS-Blood_TrainTest_Pool1,83,mm10,BS,30,TS330,129,Male,weeks
TTAGG,TS-Blood_TrainTest_Pool1,218,mm10,BS,31,TS331,NA,NA,weeks
TGAGG,TS-Blood_TrainTest_Pool1,291,mm10,BS,32,TS332,20,Male,weeks
AGAGT,TS-Blood_TrainTest_Pool1,207,mm10,BS,33,TS333,82,Female,weeks
GAGAT,TS-Blood_TrainTest_Pool1,344,mm10,BS,34,TS334,60,Male,weeks
AGTTG,TS-Blood_TrainTest_Pool1,260,mm10,BS,35,TS335,51,Female,weeks
GATGA,TS-Blood_TrainTest_Pool1,267,mm10,BS,36,TS336,40,Female,weeks
ATGTA,TS-Blood_TrainTest_Pool1,234,mm10,BS,37,TS337,68,Male,weeks
AGATA,TS-Blood_TrainTest_Pool1,352,mm10,BS,38,TS338,88,Male,weeks
TGAGT,TS-Blood_TrainTest_Pool1,314,mm10,BS,39,TS339,9,Male,weeks
TGGTT,TS-Blood_TrainTest_Pool1,204,mm10,BS,40,TS340,78,Male,weeks
AATAT,TS-Blood_TrainTest_Pool1,194,mm10,BS,41,TS341,79,Female,weeks
ATAAG,TS-Blood_TrainTest_Pool1,46,mm10,BS,42,TS342,141,Male,weeks
AGGTG,TS-Blood_TrainTest_Pool1,Lambda_Phage_1,Enterobacteriophage_lambda,BS,51,TS351,NA,NA,weeks
AAAGA,TS-Blood_TrainTest_Pool2,148,mm10,BS,1,TS301,111,Male,weeks
AAGTA,TS-Blood_TrainTest_Pool2,186,mm10,BS,2,TS302,79,Female,weeks
AATTG,TS-Blood_TrainTest_Pool2,262,mm10,BS,3,TS303,50,Female,weeks
AGATG,TS-Blood_TrainTest_Pool2,261,mm10,BS,4,TS304,51,Female,weeks
AGGTT,TS-Blood_TrainTest_Pool2,257,mm10,BS,5,TS305,53,Female,weeks
AGTAA,TS-Blood_TrainTest_Pool2,315,mm10,BS,6,TS306,9,Male,weeks
ATTAG,TS-Blood_TrainTest_Pool2,196,mm10,BS,7,TS307,79,Male,weeks
GTTGT,TS-Blood_TrainTest_Pool2,84,mm10,BS,8,TS308,129,Male,weeks
AGTGA,TS-Blood_TrainTest_Pool2,337,mm10,BS,9,TS309,65,Male,weeks
ATGTG,TS-Blood_TrainTest_Pool2,339,mm10,BS,10,TS310,65,Male,weeks
GTGAA,TS-Blood_TrainTest_Pool2,311,mm10,BS,13,TS313,9,Female,weeks
GTTTG,TS-Blood_TrainTest_Pool2,287,mm10,BS,14,TS314,20,Female,weeks
GAGTG,TS-Blood_TrainTest_Pool2,240,mm10,BS,15,TS315,67,Male,weeks
ATTGG,TS-Blood_TrainTest_Pool2,331,mm10,BS,16,TS316,65,Male,weeks
GAAGT,TS-Blood_TrainTest_Pool2,335,mm10,BS,17,TS317,65,Male,weeks
GAGGG,TS-Blood_TrainTest_Pool2,164,mm10,BS,18,TS318,111,Female,weeks
GAGGA,TS-Blood_TrainTest_Pool2,353,mm10,BS,19,TS319,88,Male,weeks
GATGG,TS-Blood_TrainTest_Pool2,255,mm10,BS,20,TS320,53,Male,weeks
GATTT,TS-Blood_TrainTest_Pool2,191,mm10,BS,21,TS321,79,Male,weeks
GTAGG,TS-Blood_TrainTest_Pool2,294,mm10,BS,22,TS322,20,Female,weeks
GTATA,TS-Blood_TrainTest_Pool2,185,mm10,BS,23,TS323,100,Male,weeks
GTGAG,TS-Blood_TrainTest_Pool2,292,mm10,BS,24,TS324,20,Female,weeks
TAATG,TS-Blood_TrainTest_Pool2,233,mm10,BS,25,TS325,68,Male,weeks
TAGAG,TS-Blood_TrainTest_Pool2,332,mm10,BS,26,TS326,65,Male,weeks
TATAA,TS-Blood_TrainTest_Pool2,221,mm10,BS,27,TS327,82,Male,weeks
TGATT,TS-Blood_TrainTest_Pool2,286,mm10,BS,28,TS328,20,Female,weeks
TGGAA,TS-Blood_TrainTest_Pool2,78,mm10,BS,29,TS329,129,Male,weeks
ATGAG,TS-Blood_TrainTest_Pool2,354,mm10,BS,30,TS330,88,Male,weeks
TTAGG,TS-Blood_TrainTest_Pool2,57,mm10,BS,31,TS331,141,Male,weeks
TGAGG,TS-Blood_TrainTest_Pool2,97,mm10,BS,32,TS332,129,Male,weeks
AGAGT,TS-Blood_TrainTest_Pool2,151,mm10,BS,33,TS333,111,Female,weeks
GAGAT,TS-Blood_TrainTest_Pool2,171,mm10,BS,34,TS334,100,Male,weeks
AGTTG,TS-Blood_TrainTest_Pool2,172,mm10,BS,35,TS335,99,Male,weeks
GATGA,TS-Blood_TrainTest_Pool2,362,mm10,BS,36,TS336,87,Male,weeks
ATGTA,TS-Blood_TrainTest_Pool2,224,mm10,BS,37,TS337,82,Male,weeks
AGATA,TS-Blood_TrainTest_Pool2,158,mm10,BS,38,TS338,111,Female,weeks
TGAGT,TS-Blood_TrainTest_Pool2,163,mm10,BS,39,TS339,111,Female,weeks
TGGTT,TS-Blood_TrainTest_Pool2,342,mm10,BS,40,TS340,60,Male,weeks
AATAT,TS-Blood_TrainTest_Pool2,312,mm10,BS,41,TS341,9,Male,weeks
ATAAG,TS-Blood_TrainTest_Pool2,360,mm10,BS,42,TS342,87,Male,weeks
AGGTG,TS-Blood_TrainTest_Pool2,Lambda_Phage_2,Enterobacteriophage_lambda,BS,51,TS351,NA,NA,weeks
AAAGA,TS-Blood_TrainTest_Pool3,76,mm10,BS,1,TS301,129,Male,weeks
AAGTA,TS-Blood_TrainTest_Pool3,323,mm10,BS,2,TS302,9,Male,weeks
AATTG,TS-Blood_TrainTest_Pool3,159,mm10,BS,3,TS303,111,Female,weeks
AGATG,TS-Blood_TrainTest_Pool3,301,mm10,BS,4,TS304,38,Male,weeks
AGGTT,TS-Blood_TrainTest_Pool3,89,mm10,BS,5,TS305,129,Male,weeks
AGTAA,TS-Blood_TrainTest_Pool3,338,mm10,BS,6,TS306,65,Male,weeks
ATTAG,TS-Blood_TrainTest_Pool3,316,mm10,BS,7,TS307,9,Male,weeks
GTTGT,TS-Blood_TrainTest_Pool3,226,mm10,BS,8,TS308,68,Female,weeks
AGTGA,TS-Blood_TrainTest_Pool3,347,mm10,BS,9,TS309,60,Male,weeks
ATGTG,TS-Blood_TrainTest_Pool3,192,mm10,BS,10,TS310,79,Female,weeks
GTGAA,TS-Blood_TrainTest_Pool3,300,mm10,BS,13,TS313,38,Male,weeks
GTTTG,TS-Blood_TrainTest_Pool3,333,mm10,BS,14,TS314,65,Male,weeks
GAGTG,TS-Blood_TrainTest_Pool3,273,mm10,BS,15,TS315,40,Male,weeks
ATTGG,TS-Blood_TrainTest_Pool3,308,mm10,BS,16,TS316,9,Female,weeks
GAAGT,TS-Blood_TrainTest_Pool3,284,mm10,BS,17,TS317,34,Male,weeks
GAGGG,TS-Blood_TrainTest_Pool3,254,mm10,BS,18,TS318,53,Male,weeks
GAGGA,TS-Blood_TrainTest_Pool3,325,mm10,BS,19,TS319,9,Male,weeks
GATGG,TS-Blood_TrainTest_Pool3,193,mm10,BS,20,TS320,79,Female,weeks
GATTT,TS-Blood_TrainTest_Pool3,357,mm10,BS,21,TS321,87,Female,weeks
GTAGG,TS-Blood_TrainTest_Pool3,42,mm10,BS,22,TS322,141,Male,weeks
GTATA,TS-Blood_TrainTest_Pool3,272,mm10,BS,23,TS323,40,Male,weeks
GTGAG,TS-Blood_TrainTest_Pool3,299,mm10,BS,24,TS324,38,Male,weeks
TAATG,TS-Blood_TrainTest_Pool3,169,mm10,BS,25,TS325,99,Female,weeks
TAGAG,TS-Blood_TrainTest_Pool3,170,mm10,BS,26,TS326,100,Female,weeks
TATAA,TS-Blood_TrainTest_Pool3,259,mm10,BS,27,TS327,51,Female,weeks
TGATT,TS-Blood_TrainTest_Pool3,289,mm10,BS,28,TS328,20,Male,weeks
TGGAA,TS-Blood_TrainTest_Pool3,235,mm10,BS,29,TS329,68,Male,weeks
ATGAG,TS-Blood_TrainTest_Pool3,190,mm10,BS,30,TS330,79,Male,weeks
TTAGG,TS-Blood_TrainTest_Pool3,39,mm10,BS,31,TS331,153,Male,weeks
TGAGG,TS-Blood_TrainTest_Pool3,270,mm10,BS,32,TS332,37,Male,weeks
AGAGT,TS-Blood_TrainTest_Pool3,334,mm10,BS,33,TS333,65,Male,weeks
GAGAT,TS-Blood_TrainTest_Pool3,175,mm10,BS,34,TS334,99,Male,weeks
AGTTG,TS-Blood_TrainTest_Pool3,52,mm10,BS,35,TS335,141,Male,weeks
GATGA,TS-Blood_TrainTest_Pool3,199,mm10,BS,36,TS336,78,Male,weeks
ATGTA,TS-Blood_TrainTest_Pool3,345,mm10,BS,37,TS337,60,Male,weeks
AGATA,TS-Blood_TrainTest_Pool3,222,mm10,BS,38,TS338,82,Male,weeks
TGAGT,TS-Blood_TrainTest_Pool3,75,mm10,BS,39,TS339,129,Male,weeks
TGGTT,TS-Blood_TrainTest_Pool3,290,mm10,BS,40,TS340,20,Male,weeks
AATAT,TS-Blood_TrainTest_Pool3,201,mm10,BS,41,TS341,78,Male,weeks
ATAAG,TS-Blood_TrainTest_Pool3,202,mm10,BS,42,TS342,78,Male,weeks
AGGTG,TS-Blood_TrainTest_Pool3,Lambda_Phage_3,Enterobacteriophage_lambda,BS,51,TS351,NA,NA,weeks
AAAGA,TS-Blood_TrainTest_Pool4,203,mm10,BS,1,TS301,78,Male,weeks
AAGTA,TS-Blood_TrainTest_Pool4,200,mm10,BS,2,TS302,78,Male,weeks
AATTG,TS-Blood_TrainTest_Pool4,40,mm10,BS,3,TS303,153,Male,weeks
AGATG,TS-Blood_TrainTest_Pool4,173,mm10,BS,4,TS304,99,Male,weeks
AGGTT,TS-Blood_TrainTest_Pool4,310,mm10,BS,5,TS305,9,Female,weeks
AGTAA,TS-Blood_TrainTest_Pool4,293,mm10,BS,6,TS306,20,Female,weeks
ATTAG,TS-Blood_TrainTest_Pool4,47,mm10,BS,7,TS307,141,Male,weeks
GTTGT,TS-Blood_TrainTest_Pool4,278,mm10,BS,8,TS308,34,Female,weeks
AGTGA,TS-Blood_TrainTest_Pool4,208,mm10,BS,9,TS309,82,Female,weeks
ATGTG,TS-Blood_TrainTest_Pool4,283,mm10,BS,10,TS310,34,Male,weeks
GTGAA,TS-Blood_TrainTest_Pool4,210,mm10,BS,13,TS313,80,Female,weeks
GTTTG,TS-Blood_TrainTest_Pool4,219,mm10,BS,14,TS314,81,Male,weeks
GAGTG,TS-Blood_TrainTest_Pool4,368,mm10,BS,15,TS315,88,Female,weeks
ATTGG,TS-Blood_TrainTest_Pool4,271,mm10,BS,16,TS316,37,Male,weeks
GAAGT,TS-Blood_TrainTest_Pool4,313,mm10,BS,17,TS317,9,Male,weeks
GAGGG,TS-Blood_TrainTest_Pool4,279,mm10,BS,18,TS318,34,Female,weeks
GAGGA,TS-Blood_TrainTest_Pool4,237,mm10,BS,19,TS319,67,Male,weeks
GATGG,TS-Blood_TrainTest_Pool4,184,mm10,BS,20,TS320,100,Male,weeks
GATTT,TS-Blood_TrainTest_Pool4,302,mm10,BS,21,TS321,38,Male,weeks
GTAGG,TS-Blood_TrainTest_Pool4,340,mm10,BS,22,TS322,65,Male,weeks
GTATA,TS-Blood_TrainTest_Pool4,306,mm10,BS,23,TS323,9,Female,weeks
GTGAG,TS-Blood_TrainTest_Pool4,321,mm10,BS,24,TS324,9,Female,weeks
TAATG,TS-Blood_TrainTest_Pool4,86,mm10,BS,25,TS325,129,Male,weeks
TAGAG,TS-Blood_TrainTest_Pool4,366,mm10,BS,26,TS326,88,Female,weeks
TATAA,TS-Blood_TrainTest_Pool4,348,mm10,BS,27,TS327,60,Male,weeks
TGATT,TS-Blood_TrainTest_Pool4,274,mm10,BS,28,TS328,40,Male,weeks
TGGAA,TS-Blood_TrainTest_Pool4,243,mm10,BS,29,TS329,66,Male,weeks
ATGAG,TS-Blood_TrainTest_Pool4,324,mm10,BS,30,TS330,9,Male,weeks
TTAGG,TS-Blood_TrainTest_Pool4,152,mm10,BS,31,TS331,111,Male,weeks
TGAGG,TS-Blood_TrainTest_Pool4,157,mm10,BS,32,TS332,111,Male,weeks
AGAGT,TS-Blood_TrainTest_Pool4,343,mm10,BS,33,TS333,60,Male,weeks
GAGAT,TS-Blood_TrainTest_Pool4,297,mm10,BS,34,TS334,20,Male,weeks
AGTTG,TS-Blood_TrainTest_Pool4,304,mm10,BS,35,TS335,35,Female,weeks
GATGA,TS-Blood_TrainTest_Pool4,341,mm10,BS,36,TS336,60,Male,weeks
ATGTA,TS-Blood_TrainTest_Pool4,309,mm10,BS,37,TS337,9,Female,weeks
AGATA,TS-Blood_TrainTest_Pool4,216,mm10,BS,38,TS338,82,Male,weeks
TGAGT,TS-Blood_TrainTest_Pool4,53,mm10,BS,39,TS339,141,Male,weeks
TGGTT,TS-Blood_TrainTest_Pool4,307,mm10,BS,40,TS340,9,Female,weeks
AATAT,TS-Blood_TrainTest_Pool4,33,mm10,BS,41,TS341,153,Male,weeks
ATAAG,TS-Blood_TrainTest_Pool4,48,mm10,BS,42,TS342,141,Male,weeks
AGTAT,TS-Blood_TrainTest_Pool4,215,mm10,BS,43,TS343,82,Male,weeks
AGGTG,TS-Blood_TrainTest_Pool4,Lambda_Phage_4,Enterobacteriophage_lambda,BS,51,TS351,NA,NA,weeks
AAAGA,TS-Blood_TrainTest_Pool5,TS28,mm10,BS,1,TS301,96,Male,weeks
AAGTA,TS-Blood_TrainTest_Pool5,TS26,mm10,BS,2,TS302,96,Male,weeks
AATTG,TS-Blood_TrainTest_Pool5,TS17,mm10,BS,3,TS303,24,Male,weeks
AGATG,TS-Blood_TrainTest_Pool5,6A1,mm10,BS,4,TS304,24,Male,weeks
AGGTT,TS-Blood_TrainTest_Pool5,12A3,mm10,BS,5,TS305,48,Male,weeks
AGTAA,TS-Blood_TrainTest_Pool5,TS11,mm10,BS,6,TS306,96,Male,weeks
ATTAG,TS-Blood_TrainTest_Pool5,TS4,mm10,BS,7,TS307,48,Male,weeks
GTTGT,TS-Blood_TrainTest_Pool5,TS15,mm10,BS,8,TS308,96,Male,weeks
AGTGA,TS-Blood_TrainTest_Pool5,24A1,mm10,BS,9,TS309,96,Male,weeks
ATGTG,TS-Blood_TrainTest_Pool5,TS18,mm10,BS,10,TS310,24,Male,weeks
GTGAA,TS-Blood_TrainTest_Pool5,TS8,mm10,BS,13,TS313,72,Male,weeks
GTTTG,TS-Blood_TrainTest_Pool5,6A3,mm10,BS,14,TS314,24,Male,weeks
GAGTG,TS-Blood_TrainTest_Pool5,18A1,mm10,BS,15,TS315,72,Male,weeks
ATTGG,TS-Blood_TrainTest_Pool5,TS2,mm10,BS,16,TS316,24,Male,weeks
GAAGT,TS-Blood_TrainTest_Pool5,18A2,mm10,BS,17,TS317,72,Male,weeks
GAGGG,TS-Blood_TrainTest_Pool5,TS29,mm10,BS,18,TS318,96,Male,weeks
GAGGA,TS-Blood_TrainTest_Pool5,TS10,mm10,BS,19,TS319,72,Male,weeks
GATGG,TS-Blood_TrainTest_Pool5,6B2,mm10,BS,20,TS320,24,Male,weeks
GATTT,TS-Blood_TrainTest_Pool5,12A1,mm10,BS,21,TS321,48,Male,weeks
GTAGG,TS-Blood_TrainTest_Pool5,18B2,mm10,BS,22,TS322,72,Male,weeks
GTATA,TS-Blood_TrainTest_Pool5,TS12,mm10,BS,23,TS323,96,Male,weeks
GTGAG,TS-Blood_TrainTest_Pool5,6B1,mm10,BS,24,TS324,24,Male,weeks
TAATG,TS-Blood_TrainTest_Pool5,TS14,mm10,BS,25,TS325,96,Male,weeks
TAGAG,TS-Blood_TrainTest_Pool5,TS24,mm10,BS,26,TS326,72,Male,weeks
TATAA,TS-Blood_TrainTest_Pool5,D20.2,mm10,BS,27,TS327,89.28,Male,weeks
TGATT,TS-Blood_TrainTest_Pool5,D25-1,mm10,BS,28,TS328,75.08,Male,weeks
TGGAA,TS-Blood_TrainTest_Pool5,D3.4,mm10,BS,29,TS329,65.48,Female,weeks
ATGAG,TS-Blood_TrainTest_Pool5,D18.1,mm10,BS,30,TS330,89.28,Male,weeks
TTAGG,TS-Blood_TrainTest_Pool5,D5.1,mm10,BS,31,TS331,51.96,Female,weeks
TGAGG,TS-Blood_TrainTest_Pool5,D24-1,mm10,BS,32,TS332,104.16,Male,weeks
TGAGG,TS-Blood_TrainTest_Pool5,D24-1,mm10,BS,32,TS332,75.08,Male,weeks
AGAGT,TS-Blood_TrainTest_Pool5,D14.3,mm10,BS,33,TS333,28,Male,weeks
GAGAT,TS-Blood_TrainTest_Pool5,D26-3,mm10,BS,34,TS334,75.08,Male,weeks
AGTTG,TS-Blood_TrainTest_Pool5,D26-2,mm10,BS,35,TS335,75.08,Male,weeks
GATGA,TS-Blood_TrainTest_Pool5,D24-1,mm10,BS,36,TS336,104.16,Male,weeks
GATGA,TS-Blood_TrainTest_Pool5,D24-1,mm10,BS,36,TS336,75.08,Male,weeks
ATGTA,TS-Blood_TrainTest_Pool5,D24-3,mm10,BS,37,TS337,75.08,Male,weeks
AGATA,TS-Blood_TrainTest_Pool5,D26-2,mm10,BS,38,TS338,75.08,Male,weeks
TGAGT,TS-Blood_TrainTest_Pool5,D25-3,mm10,BS,39,TS339,104.16,Male,weeks
TGGTT,TS-Blood_TrainTest_Pool5,D25-1,mm10,BS,40,TS340,75.08,Male,weeks
AATAT,TS-Blood_TrainTest_Pool5,D3.1,mm10,BS,41,TS341,28.16,Female,weeks
ATAAG,TS-Blood_TrainTest_Pool5,D6.3,mm10,BS,42,TS342,52.08,Female,weeks
AGGTG,TS-Blood_TrainTest_Pool5,Lambda_Phage,Enterobacteriophage_lambda,BS,51,TS351,NA,NA,weeks
