sample_ID,pool_ID,genome,BS,barcode_N,barcode,age,age_units,sex,tissue,exclude
1,TS-HumanBlood_TrainTest_Pool1,mm10,BS,1,AAAGA,35,years,male,blood,NA
2,TS-HumanBlood_TrainTest_Pool1,mm10,BS,2,AAGTA,68,years,male,blood,NA
3,TS-HumanBlood_TrainTest_Pool1,mm10,BS,3,AATTG,76,years,male,blood,NA
4,TS-HumanBlood_TrainTest_Pool1,mm10,BS,4,AGATG,38,years,male,blood,NA
5,TS-HumanBlood_TrainTest_Pool1,mm10,BS,5,AGGTT,78,years,male,blood,NA
6,TS-HumanBlood_TrainTest_Pool1,mm10,BS,6,AGTAA,26,years,female,blood,NA
7,TS-HumanBlood_TrainTest_Pool1,mm10,BS,7,ATTAG,42,years,female,blood,NA
8,TS-HumanBlood_TrainTest_Pool1,mm10,BS,8,GTTGT,47,years,male,blood,NA
9,TS-HumanBlood_TrainTest_Pool1,mm10,BS,9,AGTGA,80,years,female,blood,NA
10,TS-HumanBlood_TrainTest_Pool1,mm10,BS,10,ATGTG,36,years,male,blood,NA
11,TS-HumanBlood_TrainTest_Pool1,mm10,BS,11,GTAGA,96,years,female,blood,NA
12,TS-HumanBlood_TrainTest_Pool1,mm10,BS,12,GTGGG,72,years,male,blood,NA
13,TS-HumanBlood_TrainTest_Pool1,mm10,BS,13,GTGAA,87,years,male,blood,NA
14,TS-HumanBlood_TrainTest_Pool1,mm10,BS,14,GTTTG,42,years,female,blood,NA
15,TS-HumanBlood_TrainTest_Pool1,mm10,BS,15,GAGTG,25,years,female,blood,NA
16,TS-HumanBlood_TrainTest_Pool1,mm10,BS,16,ATTGG,34,years,male,blood,NA
17,TS-HumanBlood_TrainTest_Pool1,mm10,BS,17,GAAGT,76,years,male,blood,NA
18,TS-HumanBlood_TrainTest_Pool1,mm10,BS,18,GAGGG,68,years,male,blood,NA
19,TS-HumanBlood_TrainTest_Pool1,mm10,BS,19,GAGGA,77,years,male,blood,NA
20,TS-HumanBlood_TrainTest_Pool1,mm10,BS,20,GATGG,57,years,male,blood,NA
21,TS-HumanBlood_TrainTest_Pool1,mm10,BS,21,GATTT,54,years,female,blood,NA
22,TS-HumanBlood_TrainTest_Pool1,mm10,BS,22,GTAGG,59,years,female,blood,NA
23,TS-HumanBlood_TrainTest_Pool1,mm10,BS,23,GTATA,79,years,male,blood,NA
24,TS-HumanBlood_TrainTest_Pool1,mm10,BS,24,GTGAG,88,years,male,blood,NA
25,TS-HumanBlood_TrainTest_Pool1,mm10,BS,25,TAATG,86,years,female,blood,NA
26,TS-HumanBlood_TrainTest_Pool1,mm10,BS,26,TAGAG,61,years,male,blood,NA
27,TS-HumanBlood_TrainTest_Pool1,mm10,BS,27,TATAA,41,years,female,blood,NA
28,TS-HumanBlood_TrainTest_Pool1,mm10,BS,28,TGATT,52,years,male,blood,NA
29,TS-HumanBlood_TrainTest_Pool1,mm10,BS,29,TGGAA,29,years,female,blood,NA
30,TS-HumanBlood_TrainTest_Pool1,mm10,BS,30,ATGAG,56,years,female,blood,NA
31,TS-HumanBlood_TrainTest_Pool1,mm10,BS,31,TTAGG,34,years,female,blood,NA
32,TS-HumanBlood_TrainTest_Pool1,mm10,BS,32,TGAGG,85,years,male,blood,NA
33,TS-HumanBlood_TrainTest_Pool1,mm10,BS,33,AGAGT,63,years,female,blood,NA
34,TS-HumanBlood_TrainTest_Pool1,mm10,BS,34,GAGAT,35,years,male,blood,NA
35,TS-HumanBlood_TrainTest_Pool1,mm10,BS,35,AGTTG,76,years,male,blood,NA
36,TS-HumanBlood_TrainTest_Pool1,mm10,BS,36,GATGA,31,years,male,blood,NA
37,TS-HumanBlood_TrainTest_Pool1,mm10,BS,37,ATGTA,74,years,female,blood,NA
38,TS-HumanBlood_TrainTest_Pool1,mm10,BS,38,AGATA,46,years,female,blood,NA
39,TS-HumanBlood_TrainTest_Pool1,mm10,BS,39,TGAGT,54,years,male,blood,NA
40,TS-HumanBlood_TrainTest_Pool1,mm10,BS,40,TGGTT,78,years,male,blood,NA
41,TS-HumanBlood_TrainTest_Pool1,mm10,BS,41,AATAT,57,years,female,blood,NA
42,TS-HumanBlood_TrainTest_Pool1,mm10,BS,42,ATAAG,87,years,female,blood,NA
43,TS-HumanBlood_TrainTest_Pool1,mm10,BS,43,AGTAT,79,years,female,blood,NA
44,TS-HumanBlood_TrainTest_Pool1,mm10,BS,44,TGTTG,39,years,male,blood,NA
45,TS-HumanBlood_TrainTest_Pool1,mm10,BS,45,GATAG,59,years,male,blood,NA
46,TS-HumanBlood_TrainTest_Pool1,mm10,BS,46,TAGTG,80,years,male,blood,NA
47,TS-HumanBlood_TrainTest_Pool1,mm10,BS,47,GGTAT,82,years,male,blood,NA
48,TS-HumanBlood_TrainTest_Pool1,mm10,BS,48,GTATG,74,years,male,blood,NA
49,TS-HumanBlood_TrainTest_Pool2,mm10,BS,1,AAAGA,50,years,female,blood,NA
50,TS-HumanBlood_TrainTest_Pool2,mm10,BS,2,AAGTA,85,years,male,blood,NA
51,TS-HumanBlood_TrainTest_Pool2,mm10,BS,3,AATTG,52,years,male,blood,NA
52,TS-HumanBlood_TrainTest_Pool2,mm10,BS,4,AGATG,38,years,female,blood,NA
53,TS-HumanBlood_TrainTest_Pool2,mm10,BS,5,AGGTT,85,years,female,blood,NA
54,TS-HumanBlood_TrainTest_Pool2,mm10,BS,6,AGTAA,30,years,female,blood,NA
55,TS-HumanBlood_TrainTest_Pool2,mm10,BS,7,ATTAG,24,years,female,blood,NA
56,TS-HumanBlood_TrainTest_Pool2,mm10,BS,8,GTTGT,79,years,male,blood,NA
57,TS-HumanBlood_TrainTest_Pool2,mm10,BS,9,AGTGA,74,years,female,blood,NA
58,TS-HumanBlood_TrainTest_Pool2,mm10,BS,10,ATGTG,64,years,male,blood,NA
59,TS-HumanBlood_TrainTest_Pool2,mm10,BS,11,GTAGA,89,years,male,blood,NA
60,TS-HumanBlood_TrainTest_Pool2,mm10,BS,12,GTGGG,92,years,male,blood,NA
61,TS-HumanBlood_TrainTest_Pool2,mm10,BS,13,GTGAA,46,years,female,blood,NA
62,TS-HumanBlood_TrainTest_Pool2,mm10,BS,14,GTTTG,72,years,female,blood,NA
63,TS-HumanBlood_TrainTest_Pool2,mm10,BS,15,GAGTG,34,years,female,blood,NA
64,TS-HumanBlood_TrainTest_Pool2,mm10,BS,16,ATTGG,61,years,female,blood,NA
65,TS-HumanBlood_TrainTest_Pool2,mm10,BS,17,GAAGT,83,years,female,blood,NA
66,TS-HumanBlood_TrainTest_Pool2,mm10,BS,18,GAGGG,58,years,female,blood,NA
67,TS-HumanBlood_TrainTest_Pool2,mm10,BS,19,GAGGA,34,years,male,blood,NA
68,TS-HumanBlood_TrainTest_Pool2,mm10,BS,20,GATGG,32,years,male,blood,NA
69,TS-HumanBlood_TrainTest_Pool2,mm10,BS,21,GATTT,69,years,female,blood,NA
70,TS-HumanBlood_TrainTest_Pool2,mm10,BS,22,GTAGG,72,years,male,blood,NA
71,TS-HumanBlood_TrainTest_Pool2,mm10,BS,23,GTATA,50,years,male,blood,NA
72,TS-HumanBlood_TrainTest_Pool2,mm10,BS,24,GTGAG,27,years,male,blood,NA
73,TS-HumanBlood_TrainTest_Pool2,mm10,BS,25,TAATG,35,years,male,blood,NA
74,TS-HumanBlood_TrainTest_Pool2,mm10,BS,26,TAGAG,24,years,female,blood,NA
75,TS-HumanBlood_TrainTest_Pool2,mm10,BS,27,TATAA,36,years,female,blood,NA
76,TS-HumanBlood_TrainTest_Pool2,mm10,BS,28,TGATT,90,years,male,blood,NA
77,TS-HumanBlood_TrainTest_Pool2,mm10,BS,29,TGGAA,68,years,male,blood,NA
78,TS-HumanBlood_TrainTest_Pool2,mm10,BS,30,ATGAG,88,years,male,blood,NA
79,TS-HumanBlood_TrainTest_Pool2,mm10,BS,31,TTAGG,65,years,male,blood,NA
80,TS-HumanBlood_TrainTest_Pool2,mm10,BS,32,TGAGG,40,years,male,blood,NA
81,TS-HumanBlood_TrainTest_Pool2,mm10,BS,33,AGAGT,66,years,female,blood,NA
82,TS-HumanBlood_TrainTest_Pool2,mm10,BS,34,GAGAT,33,years,female,blood,NA
83,TS-HumanBlood_TrainTest_Pool2,mm10,BS,35,AGTTG,58,years,female,blood,NA
84,TS-HumanBlood_TrainTest_Pool2,mm10,BS,36,GATGA,78,years,male,blood,NA
85,TS-HumanBlood_TrainTest_Pool2,mm10,BS,37,ATGTA,69,years,female,blood,NA
86,TS-HumanBlood_TrainTest_Pool2,mm10,BS,38,AGATA,26,years,male,blood,NA
87,TS-HumanBlood_TrainTest_Pool2,mm10,BS,39,TGAGT,59,years,female,blood,NA
88,TS-HumanBlood_TrainTest_Pool2,mm10,BS,40,TGGTT,74,years,female,blood,NA
89,TS-HumanBlood_TrainTest_Pool2,mm10,BS,41,AATAT,53,years,male,blood,NA
90,TS-HumanBlood_TrainTest_Pool2,mm10,BS,42,ATAAG,90,years,female,blood,NA
91,TS-HumanBlood_TrainTest_Pool2,mm10,BS,43,AGTAT,25,years,female,blood,NA
92,TS-HumanBlood_TrainTest_Pool2,mm10,BS,44,TGTTG,49,years,female,blood,NA
93,TS-HumanBlood_TrainTest_Pool2,mm10,BS,45,GATAG,49,years,female,blood,NA
94,TS-HumanBlood_TrainTest_Pool2,mm10,BS,46,TAGTG,71,years,female,blood,NA
95,TS-HumanBlood_TrainTest_Pool2,mm10,BS,47,GGTAT,47,years,female,blood,NA
96,TS-HumanBlood_TrainTest_Pool2,mm10,BS,48,GTATG,33,years,male,blood,NA
97,TS-HumanBlood_TrainTest_Pool3,mm10,BS,1,AAAGA,49,years,male,blood,NA
98,TS-HumanBlood_TrainTest_Pool3,mm10,BS,2,AAGTA,22,years,female,blood,NA
99,TS-HumanBlood_TrainTest_Pool3,mm10,BS,3,AATTG,22,years,female,blood,NA
100,TS-HumanBlood_TrainTest_Pool3,mm10,BS,4,AGATG,32,years,female,blood,NA
101,TS-HumanBlood_TrainTest_Pool3,mm10,BS,5,AGGTT,73,years,male,blood,NA
102,TS-HumanBlood_TrainTest_Pool3,mm10,BS,6,AGTAA,53,years,female,blood,NA
103,TS-HumanBlood_TrainTest_Pool3,mm10,BS,7,ATTAG,30,years,male,blood,NA
104,TS-HumanBlood_TrainTest_Pool3,mm10,BS,8,GTTGT,68,years,female,blood,NA
105,TS-HumanBlood_TrainTest_Pool3,mm10,BS,9,AGTGA,34,years,male,blood,NA
106,TS-HumanBlood_TrainTest_Pool3,mm10,BS,10,ATGTG,59,years,male,blood,NA
107,TS-HumanBlood_TrainTest_Pool3,mm10,BS,11,GTAGA,47,years,male,blood,NA
108,TS-HumanBlood_TrainTest_Pool3,mm10,BS,12,GTGGG,73,years,female,blood,NA
109,TS-HumanBlood_TrainTest_Pool3,mm10,BS,13,GTGAA,71,years,female,blood,NA
110,TS-HumanBlood_TrainTest_Pool3,mm10,BS,14,GTTTG,62,years,female,blood,NA
111,TS-HumanBlood_TrainTest_Pool3,mm10,BS,15,GAGTG,43,years,female,blood,NA
112,TS-HumanBlood_TrainTest_Pool3,mm10,BS,16,ATTGG,79,years,female,blood,NA
113,TS-HumanBlood_TrainTest_Pool3,mm10,BS,17,GAAGT,22,years,female,blood,NA
114,TS-HumanBlood_TrainTest_Pool3,mm10,BS,18,GAGGG,61,years,female,blood,NA
115,TS-HumanBlood_TrainTest_Pool3,mm10,BS,19,GAGGA,54,years,male,blood,NA
116,TS-HumanBlood_TrainTest_Pool3,mm10,BS,20,GATGG,29,years,male,blood,NA
117,TS-HumanBlood_TrainTest_Pool3,mm10,BS,21,GATTT,21,years,male,blood,NA
118,TS-HumanBlood_TrainTest_Pool3,mm10,BS,22,GTAGG,89,years,male,blood,NA
119,TS-HumanBlood_TrainTest_Pool3,mm10,BS,23,GTATA,27,years,female,blood,NA
120,TS-HumanBlood_TrainTest_Pool3,mm10,BS,24,GTGAG,23,years,male,blood,NA
121,TS-HumanBlood_TrainTest_Pool3,mm10,BS,25,TAATG,81,years,female,blood,NA
122,TS-HumanBlood_TrainTest_Pool3,mm10,BS,26,TAGAG,36,years,male,blood,NA
123,TS-HumanBlood_TrainTest_Pool3,mm10,BS,27,TATAA,62,years,male,blood,NA
124,TS-HumanBlood_TrainTest_Pool3,mm10,BS,28,TGATT,57,years,male,blood,NA
125,TS-HumanBlood_TrainTest_Pool3,mm10,BS,29,TGGAA,57,years,male,blood,NA
126,TS-HumanBlood_TrainTest_Pool3,mm10,BS,30,ATGAG,52,years,male,blood,NA
127,TS-HumanBlood_TrainTest_Pool3,mm10,BS,31,TTAGG,82,years,female,blood,NA
128,TS-HumanBlood_TrainTest_Pool3,mm10,BS,32,TGAGG,72,years,female,blood,NA
129,TS-HumanBlood_TrainTest_Pool3,mm10,BS,33,AGAGT,70,years,female,blood,NA
130,TS-HumanBlood_TrainTest_Pool3,mm10,BS,34,GAGAT,66,years,female,blood,NA
131,TS-HumanBlood_TrainTest_Pool3,mm10,BS,35,AGTTG,90,years,male,blood,NA
132,TS-HumanBlood_TrainTest_Pool3,mm10,BS,36,GATGA,52,years,female,blood,NA
133,TS-HumanBlood_TrainTest_Pool3,mm10,BS,37,ATGTA,23,years,male,blood,NA
134,TS-HumanBlood_TrainTest_Pool3,mm10,BS,38,AGATA,24,years,female,blood,NA
135,TS-HumanBlood_TrainTest_Pool3,mm10,BS,39,TGAGT,80,years,female,blood,NA
136,TS-HumanBlood_TrainTest_Pool3,mm10,BS,40,TGGTT,38,years,male,blood,NA
137,TS-HumanBlood_TrainTest_Pool3,mm10,BS,41,AATAT,60,years,female,blood,NA
138,TS-HumanBlood_TrainTest_Pool3,mm10,BS,42,ATAAG,24,years,female,blood,NA
139,TS-HumanBlood_TrainTest_Pool3,mm10,BS,43,AGTAT,42,years,female,blood,NA
140,TS-HumanBlood_TrainTest_Pool3,mm10,BS,44,TGTTG,39,years,male,blood,NA
141,TS-HumanBlood_TrainTest_Pool3,mm10,BS,45,GATAG,37,years,female,blood,NA
142,TS-HumanBlood_TrainTest_Pool3,mm10,BS,46,TAGTG,29,years,female,blood,NA
143,TS-HumanBlood_TrainTest_Pool3,mm10,BS,47,GGTAT,66,years,male,blood,NA
144,TS-HumanBlood_TrainTest_Pool3,mm10,BS,48,GTATG,62,years,male,blood,NA
145,TS-HumanBlood_TrainTest_Pool4,mm10,BS,1,AAAGA,23,years,female,blood,NA
146,TS-HumanBlood_TrainTest_Pool4,mm10,BS,2,AAGTA,53,years,male,blood,NA
147,TS-HumanBlood_TrainTest_Pool4,mm10,BS,3,AATTG,49,years,female,blood,NA
148,TS-HumanBlood_TrainTest_Pool4,mm10,BS,4,AGATG,78,years,male,blood,NA
149,TS-HumanBlood_TrainTest_Pool4,mm10,BS,5,AGGTT,22,years,male,blood,NA
150,TS-HumanBlood_TrainTest_Pool4,mm10,BS,6,AGTAA,49,years,female,blood,NA
151,TS-HumanBlood_TrainTest_Pool4,mm10,BS,7,ATTAG,39,years,male,blood,NA
152,TS-HumanBlood_TrainTest_Pool4,mm10,BS,8,GTTGT,87,years,female,blood,NA
153,TS-HumanBlood_TrainTest_Pool4,mm10,BS,9,AGTGA,91,years,male,blood,NA
154,TS-HumanBlood_TrainTest_Pool4,mm10,BS,10,ATGTG,93,years,male,blood,NA
155,TS-HumanBlood_TrainTest_Pool4,mm10,BS,11,GTAGA,79,years,female,blood,NA
156,TS-HumanBlood_TrainTest_Pool4,mm10,BS,12,GTGGG,89,years,female,blood,NA
157,TS-HumanBlood_TrainTest_Pool4,mm10,BS,13,GTGAA,85,years,female,blood,NA
158,TS-HumanBlood_TrainTest_Pool4,mm10,BS,14,GTTTG,86,years,male,blood,NA
159,TS-HumanBlood_TrainTest_Pool4,mm10,BS,15,GAGTG,89,years,female,blood,NA
160,TS-HumanBlood_TrainTest_Pool4,mm10,BS,16,ATTGG,94,years,female,blood,NA
161,TS-HumanBlood_TrainTest_Pool4,mm10,BS,17,GAAGT,51,years,male,blood,NA
162,TS-HumanBlood_TrainTest_Pool4,mm10,BS,18,GAGGG,41,years,female,blood,NA
163,TS-HumanBlood_TrainTest_Pool4,mm10,BS,19,GAGGA,91,years,male,blood,NA
164,TS-HumanBlood_TrainTest_Pool4,mm10,BS,20,GATGG,70,years,male,blood,NA
165,TS-HumanBlood_TrainTest_Pool4,mm10,BS,21,GATTT,82,years,female,blood,NA
166,TS-HumanBlood_TrainTest_Pool4,mm10,BS,22,GTAGG,81,years,female,blood,NA
167,TS-HumanBlood_TrainTest_Pool4,mm10,BS,23,GTATA,56,years,male,blood,NA
168,TS-HumanBlood_TrainTest_Pool4,mm10,BS,24,GTGAG,77,years,male,blood,NA
169,TS-HumanBlood_TrainTest_Pool4,mm10,BS,25,TAATG,67,years,male,blood,NA
170,TS-HumanBlood_TrainTest_Pool4,mm10,BS,26,TAGAG,84,years,female,blood,NA
171,TS-HumanBlood_TrainTest_Pool4,mm10,BS,27,TATAA,38,years,male,blood,NA
172,TS-HumanBlood_TrainTest_Pool4,mm10,BS,28,TGATT,84,years,male,blood,NA
173,TS-HumanBlood_TrainTest_Pool4,mm10,BS,29,TGGAA,82,years,male,blood,NA
174,TS-HumanBlood_TrainTest_Pool4,mm10,BS,30,ATGAG,82,years,male,blood,NA
175,TS-HumanBlood_TrainTest_Pool4,mm10,BS,31,TTAGG,90,years,male,blood,NA
176,TS-HumanBlood_TrainTest_Pool4,mm10,BS,32,TGAGG,89,years,male,blood,NA
177,TS-HumanBlood_TrainTest_Pool4,mm10,BS,33,AGAGT,61,years,female,blood,NA
178,TS-HumanBlood_TrainTest_Pool4,mm10,BS,34,GAGAT,44,years,female,blood,NA
179,TS-HumanBlood_TrainTest_Pool4,mm10,BS,35,AGTTG,54,years,female,blood,NA
180,TS-HumanBlood_TrainTest_Pool4,mm10,BS,36,GATGA,71,years,female,blood,NA
181,TS-HumanBlood_TrainTest_Pool4,mm10,BS,37,ATGTA,58,years,female,blood,NA
182,TS-HumanBlood_TrainTest_Pool4,mm10,BS,38,AGATA,69,years,female,blood,NA
183,TS-HumanBlood_TrainTest_Pool4,mm10,BS,39,TGAGT,100,years,female,blood,NA
184,TS-HumanBlood_TrainTest_Pool4,mm10,BS,40,TGGTT,90,years,female,blood,NA
185,TS-HumanBlood_TrainTest_Pool4,mm10,BS,41,AATAT,56,years,female,blood,NA
186,TS-HumanBlood_TrainTest_Pool4,mm10,BS,42,ATAAG,53,years,female,blood,NA
187,TS-HumanBlood_TrainTest_Pool4,mm10,BS,43,AGTAT,44,years,female,blood,NA
188,TS-HumanBlood_TrainTest_Pool4,mm10,BS,44,TGTTG,51,years,female,blood,NA
189,TS-HumanBlood_TrainTest_Pool4,mm10,BS,45,GATAG,65,years,male,blood,NA
190,TS-HumanBlood_TrainTest_Pool4,mm10,BS,46,TAGTG,54,years,female,blood,NA
191,TS-HumanBlood_TrainTest_Pool4,mm10,BS,47,GGTAT,28,years,female,blood,NA
192,TS-HumanBlood_TrainTest_Pool4,mm10,BS,48,GTATG,53,years,male,blood,NA
193,TS-HumanBlood_TrainTest_Pool5,mm10,BS,1,AAAGA,63,years,male,blood,NA
194,TS-HumanBlood_TrainTest_Pool5,mm10,BS,2,AAGTA,72,years,male,blood,NA
195,TS-HumanBlood_TrainTest_Pool5,mm10,BS,3,AATTG,72,years,female,blood,NA
196,TS-HumanBlood_TrainTest_Pool5,mm10,BS,4,AGATG,88,years,female,blood,NA
197,TS-HumanBlood_TrainTest_Pool5,mm10,BS,5,AGGTT,79,years,male,blood,NA
198,TS-HumanBlood_TrainTest_Pool5,mm10,BS,6,AGTAA,89,years,male,blood,NA
199,TS-HumanBlood_TrainTest_Pool5,mm10,BS,7,ATTAG,54,years,male,blood,NA
200,TS-HumanBlood_TrainTest_Pool5,mm10,BS,8,GTTGT,83,years,male,blood,NA
201,TS-HumanBlood_TrainTest_Pool5,mm10,BS,9,AGTGA,90,years,male,blood,NA
202,TS-HumanBlood_TrainTest_Pool5,mm10,BS,10,ATGTG,75,years,female,blood,NA
203,TS-HumanBlood_TrainTest_Pool5,mm10,BS,11,GTAGA,41,years,male,blood,NA
204,TS-HumanBlood_TrainTest_Pool5,mm10,BS,12,GTGGG,44,years,male,blood,NA
205,TS-HumanBlood_TrainTest_Pool5,mm10,BS,13,GTGAA,73,years,female,blood,NA
206,TS-HumanBlood_TrainTest_Pool5,mm10,BS,14,GTTTG,32,years,male,blood,NA
207,TS-HumanBlood_TrainTest_Pool5,mm10,BS,15,GAGTG,58,years,female,blood,NA
208,TS-HumanBlood_TrainTest_Pool5,mm10,BS,16,ATTGG,88,years,male,blood,NA
209,TS-HumanBlood_TrainTest_Pool5,mm10,BS,17,GAAGT,77,years,female,blood,NA
210,TS-HumanBlood_TrainTest_Pool5,mm10,BS,18,GAGGG,65,years,male,blood,NA
211,TS-HumanBlood_TrainTest_Pool5,mm10,BS,19,GAGGA,59,years,female,blood,NA
212,TS-HumanBlood_TrainTest_Pool5,mm10,BS,20,GATGG,83,years,female,blood,NA
213,TS-HumanBlood_TrainTest_Pool5,mm10,BS,21,GATTT,59,years,female,blood,NA
214,TS-HumanBlood_TrainTest_Pool5,mm10,BS,22,GTAGG,69,years,female,blood,NA
215,TS-HumanBlood_TrainTest_Pool5,mm10,BS,23,GTATA,47,years,female,blood,NA
216,TS-HumanBlood_TrainTest_Pool5,mm10,BS,24,GTGAG,47,years,female,blood,NA
217,TS-HumanBlood_TrainTest_Pool5,mm10,BS,25,TAATG,61,years,male,blood,NA
218,TS-HumanBlood_TrainTest_Pool5,mm10,BS,26,TAGAG,92,years,male,blood,NA
219,TS-HumanBlood_TrainTest_Pool5,mm10,BS,27,TATAA,64,years,male,blood,NA
220,TS-HumanBlood_TrainTest_Pool5,mm10,BS,28,TGATT,76,years,male,blood,NA
221,TS-HumanBlood_TrainTest_Pool5,mm10,BS,29,TGGAA,56,years,female,blood,NA
222,TS-HumanBlood_TrainTest_Pool5,mm10,BS,30,ATGAG,93,years,female,blood,NA
223,TS-HumanBlood_TrainTest_Pool5,mm10,BS,31,TTAGG,54,years,female,blood,NA
224,TS-HumanBlood_TrainTest_Pool5,mm10,BS,32,TGAGG,48,years,male,blood,NA
225,TS-HumanBlood_TrainTest_Pool5,mm10,BS,33,AGAGT,82,years,male,blood,NA
226,TS-HumanBlood_TrainTest_Pool5,mm10,BS,34,GAGAT,87,years,female,blood,NA
227,TS-HumanBlood_TrainTest_Pool5,mm10,BS,35,AGTTG,62,years,female,blood,NA
228,TS-HumanBlood_TrainTest_Pool5,mm10,BS,36,GATGA,62,years,female,blood,NA
229,TS-HumanBlood_TrainTest_Pool5,mm10,BS,37,ATGTA,18,years,male,blood,NA
230,TS-HumanBlood_TrainTest_Pool5,mm10,BS,38,AGATA,47,years,female,blood,NA
231,TS-HumanBlood_TrainTest_Pool5,mm10,BS,39,TGAGT,92,years,male,blood,NA
232,TS-HumanBlood_TrainTest_Pool5,mm10,BS,40,TGGTT,82,years,male,blood,NA
233,TS-HumanBlood_TrainTest_Pool5,mm10,BS,41,AATAT,87,years,female,blood,NA
234,TS-HumanBlood_TrainTest_Pool5,mm10,BS,42,ATAAG,62,years,female,blood,NA
235,TS-HumanBlood_TrainTest_Pool5,mm10,BS,43,AGTAT,18,years,male,blood,NA
236,TS-HumanBlood_TrainTest_Pool5,mm10,BS,44,TGTTG,51,years,female,blood,NA
237,TS-HumanBlood_TrainTest_Pool5,mm10,BS,45,GATAG,74,years,male,blood,NA
238,TS-HumanBlood_TrainTest_Pool5,mm10,BS,46,TAGTG,66,years,male,blood,NA
239,TS-HumanBlood_TrainTest_Pool5,mm10,BS,47,GGTAT,37,years,male,blood,NA
240,TS-HumanBlood_TrainTest_Pool5,mm10,BS,48,GTATG,55,years,male,blood,NA
241,TS-HumanBlood_TrainTest_Pool6,mm10,BS,1,AAAGA,38,years,female,blood,NA
242,TS-HumanBlood_TrainTest_Pool6,mm10,BS,2,AAGTA,46,years,female,blood,NA
243,TS-HumanBlood_TrainTest_Pool6,mm10,BS,3,AATTG,52,years,female,blood,NA
244,TS-HumanBlood_TrainTest_Pool6,mm10,BS,4,AGATG,90,years,male,blood,NA
245,TS-HumanBlood_TrainTest_Pool6,mm10,BS,5,AGGTT,59,years,male,blood,NA
246,TS-HumanBlood_TrainTest_Pool6,mm10,BS,6,AGTAA,60,years,male,blood,NA
247,TS-HumanBlood_TrainTest_Pool6,mm10,BS,7,ATTAG,69,years,male,blood,NA
248,TS-HumanBlood_TrainTest_Pool6,mm10,BS,8,GTTGT,63,years,male,blood,NA
249,TS-HumanBlood_TrainTest_Pool6,mm10,BS,9,AGTGA,73,years,male,blood,NA
250,TS-HumanBlood_TrainTest_Pool6,mm10,BS,10,ATGTG,56,years,female,blood,NA
1154,TS-HumanBlood_TrainTest_Pool6,mm10,BS,11,GTAGA,62,years,female,blood,NA
1155,TS-HumanBlood_TrainTest_Pool6,mm10,BS,12,GTGGG,36,years,male,blood,NA
251,TS-HumanBlood_TrainTest_Pool6,mm10,BS,13,GTGAA,56,years,female,blood,NA
252,TS-HumanBlood_TrainTest_Pool6,mm10,BS,14,GTTTG,56,years,female,blood,NA
253,TS-HumanBlood_TrainTest_Pool6,mm10,BS,15,GAGTG,38,years,male,blood,NA
254,TS-HumanBlood_TrainTest_Pool6,mm10,BS,16,ATTGG,54,years,male,blood,NA
255,TS-HumanBlood_TrainTest_Pool6,mm10,BS,17,GAAGT,64,years,male,blood,NA
256,TS-HumanBlood_TrainTest_Pool6,mm10,BS,18,GAGGG,51,years,male,blood,NA
257,TS-HumanBlood_TrainTest_Pool6,mm10,BS,19,GAGGA,34,years,female,blood,NA
258,TS-HumanBlood_TrainTest_Pool6,mm10,BS,20,GATGG,71,years,female,blood,NA
259,TS-HumanBlood_TrainTest_Pool6,mm10,BS,21,GATTT,43,years,male,blood,NA
260,TS-HumanBlood_TrainTest_Pool6,mm10,BS,22,GTAGG,91,years,female,blood,NA
261,TS-HumanBlood_TrainTest_Pool6,mm10,BS,23,GTATA,57,years,female,blood,NA
262,TS-HumanBlood_TrainTest_Pool6,mm10,BS,24,GTGAG,59,years,male,blood,NA
263,TS-HumanBlood_TrainTest_Pool6,mm10,BS,25,TAATG,90,years,female,blood,NA
264,TS-HumanBlood_TrainTest_Pool6,mm10,BS,26,TAGAG,57,years,female,blood,NA
265,TS-HumanBlood_TrainTest_Pool6,mm10,BS,27,TATAA,59,years,male,blood,NA
266,TS-HumanBlood_TrainTest_Pool6,mm10,BS,28,TGATT,76,years,female,blood,NA
267,TS-HumanBlood_TrainTest_Pool6,mm10,BS,29,TGGAA,52,years,female,blood,NA
268,TS-HumanBlood_TrainTest_Pool6,mm10,BS,30,ATGAG,22,years,male,blood,NA
269,TS-HumanBlood_TrainTest_Pool6,mm10,BS,31,TTAGG,76,years,male,blood,NA
270,TS-HumanBlood_TrainTest_Pool6,mm10,BS,32,TGAGG,64,years,female,blood,NA
271,TS-HumanBlood_TrainTest_Pool6,mm10,BS,33,AGAGT,86,years,female,blood,NA
272,TS-HumanBlood_TrainTest_Pool6,mm10,BS,34,GAGAT,55,years,male,blood,NA
273,TS-HumanBlood_TrainTest_Pool6,mm10,BS,35,AGTTG,55,years,female,blood,NA
274,TS-HumanBlood_TrainTest_Pool6,mm10,BS,36,GATGA,88,years,male,blood,NA
275,TS-HumanBlood_TrainTest_Pool6,mm10,BS,37,ATGTA,91,years,female,blood,NA
276,TS-HumanBlood_TrainTest_Pool6,mm10,BS,38,AGATA,57,years,male,blood,NA
277,TS-HumanBlood_TrainTest_Pool6,mm10,BS,39,TGAGT,47,years,male,blood,NA
278,TS-HumanBlood_TrainTest_Pool6,mm10,BS,40,TGGTT,88,years,male,blood,NA
279,TS-HumanBlood_TrainTest_Pool6,mm10,BS,41,AATAT,52,years,female,blood,NA
280,TS-HumanBlood_TrainTest_Pool6,mm10,BS,42,ATAAG,47,years,female,blood,NA
281,TS-HumanBlood_TrainTest_Pool6,mm10,BS,43,AGTAT,90,years,male,blood,NA
282,TS-HumanBlood_TrainTest_Pool6,mm10,BS,44,TGTTG,50,years,female,blood,NA
283,TS-HumanBlood_TrainTest_Pool6,mm10,BS,45,GATAG,64,years,female,blood,NA
284,TS-HumanBlood_TrainTest_Pool6,mm10,BS,46,TAGTG,34,years,female,blood,NA
285,TS-HumanBlood_TrainTest_Pool6,mm10,BS,47,GGTAT,35,years,male,blood,NA
286,TS-HumanBlood_TrainTest_Pool6,mm10,BS,48,GTATG,26,years,female,blood,NA
287,TS-HumanBlood_TrainTest_Pool7,mm10,BS,1,AAAGA,53,years,female,blood,NA
288,TS-HumanBlood_TrainTest_Pool7,mm10,BS,2,AAGTA,26,years,male,blood,NA
289,TS-HumanBlood_TrainTest_Pool7,mm10,BS,3,AATTG,90,years,female,blood,NA
290,TS-HumanBlood_TrainTest_Pool7,mm10,BS,4,AGATG,49,years,male,blood,NA
291,TS-HumanBlood_TrainTest_Pool7,mm10,BS,5,AGGTT,49,years,male,blood,NA
292,TS-HumanBlood_TrainTest_Pool7,mm10,BS,6,AGTAA,45,years,female,blood,NA
293,TS-HumanBlood_TrainTest_Pool7,mm10,BS,7,ATTAG,85,years,male,blood,NA
294,TS-HumanBlood_TrainTest_Pool7,mm10,BS,8,GTTGT,25,years,male,blood,NA
295,TS-HumanBlood_TrainTest_Pool7,mm10,BS,9,AGTGA,66,years,male,blood,NA
296,TS-HumanBlood_TrainTest_Pool7,mm10,BS,10,ATGTG,38,years,female,blood,NA
297,TS-HumanBlood_TrainTest_Pool7,mm10,BS,11,GTAGA,82,years,female,blood,NA
298,TS-HumanBlood_TrainTest_Pool7,mm10,BS,12,GTGGG,83,years,male,blood,NA
299,TS-HumanBlood_TrainTest_Pool7,mm10,BS,13,GTGAA,87,years,female,blood,NA
300,TS-HumanBlood_TrainTest_Pool7,mm10,BS,14,GTTTG,78,years,female,blood,NA
301,TS-HumanBlood_TrainTest_Pool7,mm10,BS,15,GAGTG,46,years,male,blood,NA
302,TS-HumanBlood_TrainTest_Pool7,mm10,BS,16,ATTGG,34,years,female,blood,NA
303,TS-HumanBlood_TrainTest_Pool7,mm10,BS,17,GAAGT,70,years,female,blood,NA
304,TS-HumanBlood_TrainTest_Pool7,mm10,BS,18,GAGGG,61,years,female,blood,NA
305,TS-HumanBlood_TrainTest_Pool7,mm10,BS,19,GAGGA,38,years,female,blood,NA
306,TS-HumanBlood_TrainTest_Pool7,mm10,BS,20,GATGG,35,years,male,blood,NA
307,TS-HumanBlood_TrainTest_Pool7,mm10,BS,21,GATTT,83,years,male,blood,NA
308,TS-HumanBlood_TrainTest_Pool7,mm10,BS,22,GTAGG,71,years,female,blood,NA
309,TS-HumanBlood_TrainTest_Pool7,mm10,BS,23,GTATA,24,years,male,blood,NA
310,TS-HumanBlood_TrainTest_Pool7,mm10,BS,24,GTGAG,54,years,female,blood,NA
311,TS-HumanBlood_TrainTest_Pool7,mm10,BS,25,TAATG,24,years,female,blood,NA
312,TS-HumanBlood_TrainTest_Pool7,mm10,BS,26,TAGAG,32,years,female,blood,NA
313,TS-HumanBlood_TrainTest_Pool7,mm10,BS,27,TATAA,90,years,female,blood,NA
314,TS-HumanBlood_TrainTest_Pool7,mm10,BS,28,TGATT,35,years,female,blood,NA
315,TS-HumanBlood_TrainTest_Pool7,mm10,BS,29,TGGAA,84,years,male,blood,NA
316,TS-HumanBlood_TrainTest_Pool7,mm10,BS,30,ATGAG,91,years,female,blood,NA
317,TS-HumanBlood_TrainTest_Pool7,mm10,BS,31,TTAGG,23,years,female,blood,NA
318,TS-HumanBlood_TrainTest_Pool7,mm10,BS,32,TGAGG,80,years,female,blood,NA
319,TS-HumanBlood_TrainTest_Pool7,mm10,BS,33,AGAGT,75,years,female,blood,NA
320,TS-HumanBlood_TrainTest_Pool7,mm10,BS,34,GAGAT,37,years,female,blood,NA
321,TS-HumanBlood_TrainTest_Pool7,mm10,BS,35,AGTTG,50,years,female,blood,NA
322,TS-HumanBlood_TrainTest_Pool7,mm10,BS,36,GATGA,29,years,female,blood,NA
323,TS-HumanBlood_TrainTest_Pool7,mm10,BS,37,ATGTA,89,years,female,blood,NA
324,TS-HumanBlood_TrainTest_Pool7,mm10,BS,38,AGATA,63,years,female,blood,NA
325,TS-HumanBlood_TrainTest_Pool7,mm10,BS,39,TGAGT,61,years,male,blood,NA
326,TS-HumanBlood_TrainTest_Pool7,mm10,BS,40,TGGTT,70,years,female,blood,NA
327,TS-HumanBlood_TrainTest_Pool7,mm10,BS,41,AATAT,48,years,female,blood,NA
328,TS-HumanBlood_TrainTest_Pool7,mm10,BS,42,ATAAG,40,years,female,blood,NA
329,TS-HumanBlood_TrainTest_Pool7,mm10,BS,43,AGTAT,86,years,female,blood,NA
330,TS-HumanBlood_TrainTest_Pool7,mm10,BS,44,TGTTG,29,years,female,blood,NA
331,TS-HumanBlood_TrainTest_Pool7,mm10,BS,45,GATAG,48,years,female,blood,NA
332,TS-HumanBlood_TrainTest_Pool7,mm10,BS,46,TAGTG,72,years,male,blood,NA
333,TS-HumanBlood_TrainTest_Pool7,mm10,BS,47,GGTAT,30,years,female,blood,NA
334,TS-HumanBlood_TrainTest_Pool7,mm10,BS,48,GTATG,24,years,female,blood,NA
335,TS-HumanBlood_TrainTest_Pool8,mm10,BS,1,AAAGA,23,years,female,blood,NA
336,TS-HumanBlood_TrainTest_Pool8,mm10,BS,2,AAGTA,51,years,male,blood,NA
337,TS-HumanBlood_TrainTest_Pool8,mm10,BS,3,AATTG,87,years,male,blood,NA
338,TS-HumanBlood_TrainTest_Pool8,mm10,BS,4,AGATG,29,years,male,blood,NA
339,TS-HumanBlood_TrainTest_Pool8,mm10,BS,5,AGGTT,71,years,female,blood,NA
340,TS-HumanBlood_TrainTest_Pool8,mm10,BS,6,AGTAA,82,years,male,blood,NA
341,TS-HumanBlood_TrainTest_Pool8,mm10,BS,7,ATTAG,71,years,male,blood,NA
342,TS-HumanBlood_TrainTest_Pool8,mm10,BS,8,GTTGT,65,years,female,blood,NA
343,TS-HumanBlood_TrainTest_Pool8,mm10,BS,9,AGTGA,23,years,male,blood,NA
344,TS-HumanBlood_TrainTest_Pool8,mm10,BS,10,ATGTG,24,years,female,blood,NA
345,TS-HumanBlood_TrainTest_Pool8,mm10,BS,11,GTAGA,80,years,female,blood,NA
346,TS-HumanBlood_TrainTest_Pool8,mm10,BS,12,GTGGG,76,years,female,blood,NA
347,TS-HumanBlood_TrainTest_Pool8,mm10,BS,13,GTGAA,38,years,male,blood,NA
348,TS-HumanBlood_TrainTest_Pool8,mm10,BS,14,GTTTG,49,years,male,blood,NA
349,TS-HumanBlood_TrainTest_Pool8,mm10,BS,15,GAGTG,71,years,male,blood,NA
350,TS-HumanBlood_TrainTest_Pool8,mm10,BS,16,ATTGG,78,years,male,blood,NA
351,TS-HumanBlood_TrainTest_Pool8,mm10,BS,17,GAAGT,76,years,female,blood,NA
352,TS-HumanBlood_TrainTest_Pool8,mm10,BS,18,GAGGG,77,years,female,blood,NA
353,TS-HumanBlood_TrainTest_Pool8,mm10,BS,19,GAGGA,69,years,female,blood,NA
354,TS-HumanBlood_TrainTest_Pool8,mm10,BS,20,GATGG,87,years,male,blood,NA
355,TS-HumanBlood_TrainTest_Pool8,mm10,BS,21,GATTT,29,years,female,blood,NA
356,TS-HumanBlood_TrainTest_Pool8,mm10,BS,22,GTAGG,52,years,female,blood,NA
357,TS-HumanBlood_TrainTest_Pool8,mm10,BS,23,GTATA,23,years,male,blood,NA
358,TS-HumanBlood_TrainTest_Pool8,mm10,BS,24,GTGAG,35,years,female,blood,NA
359,TS-HumanBlood_TrainTest_Pool8,mm10,BS,25,TAATG,35,years,female,blood,NA
360,TS-HumanBlood_TrainTest_Pool8,mm10,BS,26,TAGAG,63,years,male,blood,NA
361,TS-HumanBlood_TrainTest_Pool8,mm10,BS,27,TATAA,36,years,male,blood,NA
362,TS-HumanBlood_TrainTest_Pool8,mm10,BS,28,TGATT,26,years,male,blood,NA
363,TS-HumanBlood_TrainTest_Pool8,mm10,BS,29,TGGAA,61,years,male,blood,NA
364,TS-HumanBlood_TrainTest_Pool8,mm10,BS,30,ATGAG,76,years,female,blood,NA
365,TS-HumanBlood_TrainTest_Pool8,mm10,BS,31,TTAGG,32,years,female,blood,NA
366,TS-HumanBlood_TrainTest_Pool8,mm10,BS,32,TGAGG,80,years,female,blood,NA
367,TS-HumanBlood_TrainTest_Pool8,mm10,BS,33,AGAGT,46,years,male,blood,NA
368,TS-HumanBlood_TrainTest_Pool8,mm10,BS,34,GAGAT,80,years,female,blood,NA
369,TS-HumanBlood_TrainTest_Pool8,mm10,BS,35,AGTTG,29,years,male,blood,NA
370,TS-HumanBlood_TrainTest_Pool8,mm10,BS,36,GATGA,29,years,female,blood,NA
371,TS-HumanBlood_TrainTest_Pool8,mm10,BS,37,ATGTA,59,years,male,blood,NA
372,TS-HumanBlood_TrainTest_Pool8,mm10,BS,38,AGATA,51,years,female,blood,NA
373,TS-HumanBlood_TrainTest_Pool8,mm10,BS,39,TGAGT,24,years,male,blood,NA
374,TS-HumanBlood_TrainTest_Pool8,mm10,BS,40,TGGTT,24,years,female,blood,NA
375,TS-HumanBlood_TrainTest_Pool8,mm10,BS,41,AATAT,69,years,male,blood,NA
376,TS-HumanBlood_TrainTest_Pool8,mm10,BS,42,ATAAG,76,years,female,blood,NA
377,TS-HumanBlood_TrainTest_Pool8,mm10,BS,43,AGTAT,87,years,male,blood,NA
378,TS-HumanBlood_TrainTest_Pool8,mm10,BS,44,TGTTG,49,years,female,blood,NA
379,TS-HumanBlood_TrainTest_Pool8,mm10,BS,45,GATAG,43,years,female,blood,NA
380,TS-HumanBlood_TrainTest_Pool8,mm10,BS,46,TAGTG,45,years,male,blood,NA
381,TS-HumanBlood_TrainTest_Pool8,mm10,BS,47,GGTAT,31,years,female,blood,NA
382,TS-HumanBlood_TrainTest_Pool8,mm10,BS,48,GTATG,72,years,male,blood,NA
383,TS-HumanBlood_TrainTest_Pool9,mm10,BS,1,AAAGA,41,years,female,blood,NA
384,TS-HumanBlood_TrainTest_Pool9,mm10,BS,2,AAGTA,30,years,male,blood,NA
385,TS-HumanBlood_TrainTest_Pool9,mm10,BS,3,AATTG,43,years,male,blood,NA
386,TS-HumanBlood_TrainTest_Pool9,mm10,BS,4,AGATG,64,years,male,blood,NA
387,TS-HumanBlood_TrainTest_Pool9,mm10,BS,5,AGGTT,83,years,female,blood,NA
388,TS-HumanBlood_TrainTest_Pool9,mm10,BS,6,AGTAA,71,years,female,blood,NA
389,TS-HumanBlood_TrainTest_Pool9,mm10,BS,7,ATTAG,73,years,female,blood,NA
390,TS-HumanBlood_TrainTest_Pool9,mm10,BS,8,GTTGT,49,years,male,blood,NA
391,TS-HumanBlood_TrainTest_Pool9,mm10,BS,9,AGTGA,48,years,male,blood,NA
392,TS-HumanBlood_TrainTest_Pool9,mm10,BS,10,ATGTG,29,years,male,blood,NA
393,TS-HumanBlood_TrainTest_Pool9,mm10,BS,11,GTAGA,67,years,male,blood,NA
394,TS-HumanBlood_TrainTest_Pool9,mm10,BS,12,GTGGG,40,years,male,blood,NA
395,TS-HumanBlood_TrainTest_Pool9,mm10,BS,13,GTGAA,46,years,female,blood,NA
396,TS-HumanBlood_TrainTest_Pool9,mm10,BS,14,GTTTG,46,years,female,blood,NA
397,TS-HumanBlood_TrainTest_Pool9,mm10,BS,15,GAGTG,36,years,female,blood,NA
398,TS-HumanBlood_TrainTest_Pool9,mm10,BS,16,ATTGG,32,years,female,blood,NA
399,TS-HumanBlood_TrainTest_Pool9,mm10,BS,17,GAAGT,48,years,male,blood,NA
400,TS-HumanBlood_TrainTest_Pool9,mm10,BS,18,GAGGG,53,years,female,blood,NA
401,TS-HumanBlood_TrainTest_Pool9,mm10,BS,19,GAGGA,39,years,female,blood,NA
402,TS-HumanBlood_TrainTest_Pool9,mm10,BS,20,GATGG,44,years,female,blood,NA
403,TS-HumanBlood_TrainTest_Pool9,mm10,BS,21,GATTT,28,years,female,blood,NA
404,TS-HumanBlood_TrainTest_Pool9,mm10,BS,22,GTAGG,43,years,female,blood,NA
405,TS-HumanBlood_TrainTest_Pool9,mm10,BS,23,GTATA,59,years,male,blood,NA
406,TS-HumanBlood_TrainTest_Pool9,mm10,BS,24,GTGAG,90,years,male,blood,NA
407,TS-HumanBlood_TrainTest_Pool9,mm10,BS,25,TAATG,81,years,male,blood,NA
408,TS-HumanBlood_TrainTest_Pool9,mm10,BS,26,TAGAG,74,years,female,blood,NA
409,TS-HumanBlood_TrainTest_Pool9,mm10,BS,27,TATAA,62,years,male,blood,NA
410,TS-HumanBlood_TrainTest_Pool9,mm10,BS,28,TGATT,84,years,female,blood,NA
411,TS-HumanBlood_TrainTest_Pool9,mm10,BS,29,TGGAA,73,years,female,blood,NA
412,TS-HumanBlood_TrainTest_Pool9,mm10,BS,30,ATGAG,64,years,male,blood,NA
413,TS-HumanBlood_TrainTest_Pool9,mm10,BS,31,TTAGG,33,years,female,blood,NA
414,TS-HumanBlood_TrainTest_Pool9,mm10,BS,32,TGAGG,68,years,female,blood,NA
415,TS-HumanBlood_TrainTest_Pool9,mm10,BS,33,AGAGT,83,years,male,blood,NA
416,TS-HumanBlood_TrainTest_Pool9,mm10,BS,34,GAGAT,79,years,male,blood,NA
417,TS-HumanBlood_TrainTest_Pool9,mm10,BS,35,AGTTG,91,years,male,blood,NA
418,TS-HumanBlood_TrainTest_Pool9,mm10,BS,36,GATGA,23,years,male,blood,NA
419,TS-HumanBlood_TrainTest_Pool9,mm10,BS,37,ATGTA,30,years,male,blood,NA
420,TS-HumanBlood_TrainTest_Pool9,mm10,BS,38,AGATA,92,years,male,blood,NA
421,TS-HumanBlood_TrainTest_Pool9,mm10,BS,39,TGAGT,92,years,male,blood,NA
422,TS-HumanBlood_TrainTest_Pool9,mm10,BS,40,TGGTT,25,years,female,blood,NA
423,TS-HumanBlood_TrainTest_Pool9,mm10,BS,41,AATAT,63,years,male,blood,NA
424,TS-HumanBlood_TrainTest_Pool9,mm10,BS,42,ATAAG,75,years,male,blood,NA
425,TS-HumanBlood_TrainTest_Pool9,mm10,BS,43,AGTAT,88,years,male,blood,NA
426,TS-HumanBlood_TrainTest_Pool9,mm10,BS,44,TGTTG,48,years,male,blood,NA
427,TS-HumanBlood_TrainTest_Pool9,mm10,BS,45,GATAG,76,years,male,blood,NA
428,TS-HumanBlood_TrainTest_Pool9,mm10,BS,46,TAGTG,60,years,female,blood,NA
429,TS-HumanBlood_TrainTest_Pool9,mm10,BS,47,GGTAT,65,years,female,blood,NA
430,TS-HumanBlood_TrainTest_Pool9,mm10,BS,48,GTATG,103,years,female,blood,NA
431,TS-HumanBlood_TrainTest_Pool10,mm10,BS,1,AAAGA,78,years,female,blood,NA
432,TS-HumanBlood_TrainTest_Pool10,mm10,BS,2,AAGTA,60,years,male,blood,NA
433,TS-HumanBlood_TrainTest_Pool10,mm10,BS,3,AATTG,66,years,male,blood,NA
434,TS-HumanBlood_TrainTest_Pool10,mm10,BS,4,AGATG,35,years,male,blood,NA
435,TS-HumanBlood_TrainTest_Pool10,mm10,BS,5,AGGTT,58,years,female,blood,NA
436,TS-HumanBlood_TrainTest_Pool10,mm10,BS,6,AGTAA,58,years,female,blood,NA
437,TS-HumanBlood_TrainTest_Pool10,mm10,BS,7,ATTAG,22,years,female,blood,NA
438,TS-HumanBlood_TrainTest_Pool10,mm10,BS,8,GTTGT,34,years,female,blood,NA
439,TS-HumanBlood_TrainTest_Pool10,mm10,BS,9,AGTGA,36,years,female,blood,NA
440,TS-HumanBlood_TrainTest_Pool10,mm10,BS,10,ATGTG,72,years,male,blood,NA
441,TS-HumanBlood_TrainTest_Pool10,mm10,BS,11,GTAGA,31,years,female,blood,NA
442,TS-HumanBlood_TrainTest_Pool10,mm10,BS,12,GTGGG,53,years,male,blood,NA
443,TS-HumanBlood_TrainTest_Pool10,mm10,BS,13,GTGAA,59,years,female,blood,NA
444,TS-HumanBlood_TrainTest_Pool10,mm10,BS,14,GTTTG,30,years,female,blood,NA
445,TS-HumanBlood_TrainTest_Pool10,mm10,BS,15,GAGTG,51,years,male,blood,NA
446,TS-HumanBlood_TrainTest_Pool10,mm10,BS,16,ATTGG,77,years,male,blood,NA
447,TS-HumanBlood_TrainTest_Pool10,mm10,BS,17,GAAGT,80,years,male,blood,NA
448,TS-HumanBlood_TrainTest_Pool10,mm10,BS,18,GAGGG,66,years,female,blood,NA
449,TS-HumanBlood_TrainTest_Pool10,mm10,BS,19,GAGGA,42,years,female,blood,NA
450,TS-HumanBlood_TrainTest_Pool10,mm10,BS,20,GATGG,80,years,female,blood,NA
451,TS-HumanBlood_TrainTest_Pool10,mm10,BS,21,GATTT,63,years,female,blood,NA
452,TS-HumanBlood_TrainTest_Pool10,mm10,BS,22,GTAGG,81,years,female,blood,NA
453,TS-HumanBlood_TrainTest_Pool10,mm10,BS,23,GTATA,48,years,female,blood,NA
454,TS-HumanBlood_TrainTest_Pool10,mm10,BS,24,GTGAG,56,years,female,blood,NA
455,TS-HumanBlood_TrainTest_Pool10,mm10,BS,25,TAATG,40,years,male,blood,NA
456,TS-HumanBlood_TrainTest_Pool10,mm10,BS,26,TAGAG,23,years,female,blood,NA
457,TS-HumanBlood_TrainTest_Pool10,mm10,BS,27,TATAA,40,years,female,blood,NA
458,TS-HumanBlood_TrainTest_Pool10,mm10,BS,28,TGATT,64,years,male,blood,NA
459,TS-HumanBlood_TrainTest_Pool10,mm10,BS,29,TGGAA,78,years,female,blood,NA
460,TS-HumanBlood_TrainTest_Pool10,mm10,BS,30,ATGAG,29,years,male,blood,NA
461,TS-HumanBlood_TrainTest_Pool10,mm10,BS,31,TTAGG,81,years,female,blood,NA
462,TS-HumanBlood_TrainTest_Pool10,mm10,BS,32,TGAGG,83,years,male,blood,NA
463,TS-HumanBlood_TrainTest_Pool10,mm10,BS,33,AGAGT,35,years,male,blood,NA
464,TS-HumanBlood_TrainTest_Pool10,mm10,BS,34,GAGAT,42,years,female,blood,NA
465,TS-HumanBlood_TrainTest_Pool10,mm10,BS,35,AGTTG,36,years,female,blood,NA
466,TS-HumanBlood_TrainTest_Pool10,mm10,BS,36,GATGA,85,years,female,blood,NA
467,TS-HumanBlood_TrainTest_Pool10,mm10,BS,37,ATGTA,38,years,male,blood,NA
468,TS-HumanBlood_TrainTest_Pool10,mm10,BS,38,AGATA,69,years,male,blood,NA
469,TS-HumanBlood_TrainTest_Pool10,mm10,BS,39,TGAGT,51,years,female,blood,NA
470,TS-HumanBlood_TrainTest_Pool10,mm10,BS,40,TGGTT,52,years,female,blood,NA
471,TS-HumanBlood_TrainTest_Pool10,mm10,BS,41,AATAT,90,years,male,blood,NA
472,TS-HumanBlood_TrainTest_Pool10,mm10,BS,42,ATAAG,70,years,male,blood,NA
473,TS-HumanBlood_TrainTest_Pool10,mm10,BS,43,AGTAT,67,years,male,blood,NA
474,TS-HumanBlood_TrainTest_Pool10,mm10,BS,44,TGTTG,98,years,male,blood,NA
475,TS-HumanBlood_TrainTest_Pool10,mm10,BS,45,GATAG,64,years,female,blood,NA
476,TS-HumanBlood_TrainTest_Pool10,mm10,BS,46,TAGTG,27,years,male,blood,NA
477,TS-HumanBlood_TrainTest_Pool10,mm10,BS,47,GGTAT,43,years,female,blood,NA
478,TS-HumanBlood_TrainTest_Pool10,mm10,BS,48,GTATG,41,years,female,blood,NA
479,TS-HumanBlood_TrainTest_Pool11,mm10,BS,1,AAAGA,71,years,male,blood,NA
480,TS-HumanBlood_TrainTest_Pool11,mm10,BS,2,AAGTA,90,years,male,blood,NA
481,TS-HumanBlood_TrainTest_Pool11,mm10,BS,3,AATTG,53,years,female,blood,NA
482,TS-HumanBlood_TrainTest_Pool11,mm10,BS,4,AGATG,32,years,male,blood,NA
483,TS-HumanBlood_TrainTest_Pool11,mm10,BS,5,AGGTT,30,years,male,blood,NA
484,TS-HumanBlood_TrainTest_Pool11,mm10,BS,6,AGTAA,35,years,male,blood,NA
485,TS-HumanBlood_TrainTest_Pool11,mm10,BS,7,ATTAG,33,years,male,blood,NA
486,TS-HumanBlood_TrainTest_Pool11,mm10,BS,8,GTTGT,74,years,male,blood,NA
487,TS-HumanBlood_TrainTest_Pool11,mm10,BS,9,AGTGA,88,years,male,blood,NA
488,TS-HumanBlood_TrainTest_Pool11,mm10,BS,10,ATGTG,81,years,male,blood,NA
489,TS-HumanBlood_TrainTest_Pool11,mm10,BS,11,GTAGA,51,years,male,blood,NA
490,TS-HumanBlood_TrainTest_Pool11,mm10,BS,12,GTGGG,45,years,female,blood,NA
491,TS-HumanBlood_TrainTest_Pool11,mm10,BS,13,GTGAA,72,years,female,blood,NA
492,TS-HumanBlood_TrainTest_Pool11,mm10,BS,14,GTTTG,26,years,female,blood,NA
493,TS-HumanBlood_TrainTest_Pool11,mm10,BS,15,GAGTG,57,years,male,blood,NA
494,TS-HumanBlood_TrainTest_Pool11,mm10,BS,16,ATTGG,51,years,female,blood,NA
495,TS-HumanBlood_TrainTest_Pool11,mm10,BS,17,GAAGT,58,years,male,blood,NA
496,TS-HumanBlood_TrainTest_Pool11,mm10,BS,18,GAGGG,76,years,male,blood,NA
497,TS-HumanBlood_TrainTest_Pool11,mm10,BS,19,GAGGA,87,years,female,blood,NA
498,TS-HumanBlood_TrainTest_Pool11,mm10,BS,20,GATGG,87,years,female,blood,NA
499,TS-HumanBlood_TrainTest_Pool11,mm10,BS,21,GATTT,78,years,male,blood,NA
500,TS-HumanBlood_TrainTest_Pool11,mm10,BS,22,GTAGG,46,years,female,blood,NA
501,TS-HumanBlood_TrainTest_Pool11,mm10,BS,23,GTATA,47,years,male,blood,NA
502,TS-HumanBlood_TrainTest_Pool11,mm10,BS,24,GTGAG,46,years,female,blood,NA
503,TS-HumanBlood_TrainTest_Pool11,mm10,BS,25,TAATG,46,years,male,blood,NA
504,TS-HumanBlood_TrainTest_Pool11,mm10,BS,26,TAGAG,66,years,male,blood,NA
505,TS-HumanBlood_TrainTest_Pool11,mm10,BS,27,TATAA,78,years,male,blood,NA
506,TS-HumanBlood_TrainTest_Pool11,mm10,BS,28,TGATT,59,years,female,blood,NA
507,TS-HumanBlood_TrainTest_Pool11,mm10,BS,29,TGGAA,78,years,male,blood,NA
508,TS-HumanBlood_TrainTest_Pool11,mm10,BS,30,ATGAG,77,years,female,blood,NA
509,TS-HumanBlood_TrainTest_Pool11,mm10,BS,31,TTAGG,81,years,male,blood,NA
510,TS-HumanBlood_TrainTest_Pool11,mm10,BS,32,TGAGG,45,years,male,blood,NA
511,TS-HumanBlood_TrainTest_Pool11,mm10,BS,33,AGAGT,79,years,female,blood,NA
512,TS-HumanBlood_TrainTest_Pool11,mm10,BS,34,GAGAT,76,years,male,blood,NA
513,TS-HumanBlood_TrainTest_Pool11,mm10,BS,35,AGTTG,33,years,female,blood,NA
514,TS-HumanBlood_TrainTest_Pool11,mm10,BS,36,GATGA,65,years,male,blood,NA
515,TS-HumanBlood_TrainTest_Pool11,mm10,BS,37,ATGTA,83,years,male,blood,NA
516,TS-HumanBlood_TrainTest_Pool11,mm10,BS,38,AGATA,77,years,female,blood,NA
517,TS-HumanBlood_TrainTest_Pool11,mm10,BS,39,TGAGT,79,years,female,blood,NA
518,TS-HumanBlood_TrainTest_Pool11,mm10,BS,40,TGGTT,36,years,female,blood,NA
519,TS-HumanBlood_TrainTest_Pool11,mm10,BS,41,AATAT,28,years,male,blood,NA
520,TS-HumanBlood_TrainTest_Pool11,mm10,BS,42,ATAAG,65,years,male,blood,NA
521,TS-HumanBlood_TrainTest_Pool11,mm10,BS,43,AGTAT,41,years,male,blood,NA
522,TS-HumanBlood_TrainTest_Pool11,mm10,BS,44,TGTTG,61,years,male,blood,NA
523,TS-HumanBlood_TrainTest_Pool11,mm10,BS,45,GATAG,68,years,female,blood,NA
524,TS-HumanBlood_TrainTest_Pool11,mm10,BS,46,TAGTG,60,years,male,blood,NA
525,TS-HumanBlood_TrainTest_Pool11,mm10,BS,47,GGTAT,71,years,male,blood,NA
526,TS-HumanBlood_TrainTest_Pool11,mm10,BS,48,GTATG,57,years,male,blood,NA
527,TS-HumanBlood_TrainTest_Pool12,mm10,BS,1,AAAGA,51,years,male,blood,NA
528,TS-HumanBlood_TrainTest_Pool12,mm10,BS,2,AAGTA,95,years,female,blood,NA
529,TS-HumanBlood_TrainTest_Pool12,mm10,BS,3,AATTG,47,years,female,blood,NA
530,TS-HumanBlood_TrainTest_Pool12,mm10,BS,4,AGATG,32,years,female,blood,NA
531,TS-HumanBlood_TrainTest_Pool12,mm10,BS,5,AGGTT,76,years,male,blood,NA
532,TS-HumanBlood_TrainTest_Pool12,mm10,BS,6,AGTAA,71,years,male,blood,NA
533,TS-HumanBlood_TrainTest_Pool12,mm10,BS,7,ATTAG,61,years,male,blood,NA
534,TS-HumanBlood_TrainTest_Pool12,mm10,BS,8,GTTGT,60,years,female,blood,NA
535,TS-HumanBlood_TrainTest_Pool12,mm10,BS,9,AGTGA,30,years,female,blood,NA
536,TS-HumanBlood_TrainTest_Pool12,mm10,BS,10,ATGTG,63,years,male,blood,NA
537,TS-HumanBlood_TrainTest_Pool12,mm10,BS,11,GTAGA,35,years,female,blood,NA
538,TS-HumanBlood_TrainTest_Pool12,mm10,BS,12,GTGGG,59,years,female,blood,NA
539,TS-HumanBlood_TrainTest_Pool12,mm10,BS,13,GTGAA,88,years,male,blood,NA
540,TS-HumanBlood_TrainTest_Pool12,mm10,BS,14,GTTTG,92,years,male,blood,NA
541,TS-HumanBlood_TrainTest_Pool12,mm10,BS,15,GAGTG,54,years,male,blood,NA
542,TS-HumanBlood_TrainTest_Pool12,mm10,BS,16,ATTGG,23,years,female,blood,NA
543,TS-HumanBlood_TrainTest_Pool12,mm10,BS,17,GAAGT,23,years,male,blood,NA
544,TS-HumanBlood_TrainTest_Pool12,mm10,BS,18,GAGGG,23,years,female,blood,NA
545,TS-HumanBlood_TrainTest_Pool12,mm10,BS,19,GAGGA,43,years,male,blood,NA
546,TS-HumanBlood_TrainTest_Pool12,mm10,BS,20,GATGG,21,years,male,blood,NA
547,TS-HumanBlood_TrainTest_Pool12,mm10,BS,21,GATTT,26,years,female,blood,NA
548,TS-HumanBlood_TrainTest_Pool12,mm10,BS,22,GTAGG,47,years,male,blood,NA
549,TS-HumanBlood_TrainTest_Pool12,mm10,BS,23,GTATA,67,years,female,blood,NA
550,TS-HumanBlood_TrainTest_Pool12,mm10,BS,24,GTGAG,35,years,female,blood,NA
551,TS-HumanBlood_TrainTest_Pool12,mm10,BS,25,TAATG,39,years,male,blood,NA
552,TS-HumanBlood_TrainTest_Pool12,mm10,BS,26,TAGAG,32,years,female,blood,NA
553,TS-HumanBlood_TrainTest_Pool12,mm10,BS,27,TATAA,90,years,female,blood,NA
554,TS-HumanBlood_TrainTest_Pool12,mm10,BS,28,TGATT,24,years,male,blood,NA
555,TS-HumanBlood_TrainTest_Pool12,mm10,BS,29,TGGAA,81,years,male,blood,NA
556,TS-HumanBlood_TrainTest_Pool12,mm10,BS,30,ATGAG,61,years,male,blood,NA
557,TS-HumanBlood_TrainTest_Pool12,mm10,BS,31,TTAGG,83,years,male,blood,NA
558,TS-HumanBlood_TrainTest_Pool12,mm10,BS,32,TGAGG,90,years,male,blood,NA
559,TS-HumanBlood_TrainTest_Pool12,mm10,BS,33,AGAGT,46,years,male,blood,NA
560,TS-HumanBlood_TrainTest_Pool12,mm10,BS,34,GAGAT,54,years,male,blood,NA
561,TS-HumanBlood_TrainTest_Pool12,mm10,BS,35,AGTTG,79,years,male,blood,NA
562,TS-HumanBlood_TrainTest_Pool12,mm10,BS,36,GATGA,92,years,female,blood,NA
563,TS-HumanBlood_TrainTest_Pool12,mm10,BS,37,ATGTA,60,years,male,blood,NA
564,TS-HumanBlood_TrainTest_Pool12,mm10,BS,38,AGATA,90,years,male,blood,NA
565,TS-HumanBlood_TrainTest_Pool12,mm10,BS,39,TGAGT,53,years,female,blood,NA
566,TS-HumanBlood_TrainTest_Pool12,mm10,BS,40,TGGTT,46,years,female,blood,NA
567,TS-HumanBlood_TrainTest_Pool12,mm10,BS,41,AATAT,41,years,female,blood,NA
568,TS-HumanBlood_TrainTest_Pool12,mm10,BS,42,ATAAG,72,years,female,blood,NA
569,TS-HumanBlood_TrainTest_Pool12,mm10,BS,43,AGTAT,24,years,female,blood,NA
570,TS-HumanBlood_TrainTest_Pool12,mm10,BS,44,TGTTG,68,years,male,blood,NA
571,TS-HumanBlood_TrainTest_Pool12,mm10,BS,45,GATAG,48,years,male,blood,NA
572,TS-HumanBlood_TrainTest_Pool12,mm10,BS,46,TAGTG,41,years,female,blood,NA
573,TS-HumanBlood_TrainTest_Pool12,mm10,BS,47,GGTAT,51,years,male,blood,NA
574,TS-HumanBlood_TrainTest_Pool12,mm10,BS,48,GTATG,35,years,female,blood,NA
575,TS-HumanBlood_TrainTest_Pool13,mm10,BS,1,AAAGA,24,years,female,blood,NA
576,TS-HumanBlood_TrainTest_Pool13,mm10,BS,2,AAGTA,64,years,female,blood,NA
577,TS-HumanBlood_TrainTest_Pool13,mm10,BS,3,AATTG,60,years,female,blood,NA
578,TS-HumanBlood_TrainTest_Pool13,mm10,BS,4,AGATG,38,years,male,blood,NA
579,TS-HumanBlood_TrainTest_Pool13,mm10,BS,5,AGGTT,25,years,female,blood,NA
580,TS-HumanBlood_TrainTest_Pool13,mm10,BS,6,AGTAA,24,years,female,blood,NA
581,TS-HumanBlood_TrainTest_Pool13,mm10,BS,7,ATTAG,27,years,female,blood,NA
582,TS-HumanBlood_TrainTest_Pool13,mm10,BS,8,GTTGT,47,years,female,blood,NA
583,TS-HumanBlood_TrainTest_Pool13,mm10,BS,9,AGTGA,27,years,female,blood,NA
584,TS-HumanBlood_TrainTest_Pool13,mm10,BS,10,ATGTG,87,years,male,blood,NA
585,TS-HumanBlood_TrainTest_Pool13,mm10,BS,11,GTAGA,24,years,male,blood,NA
586,TS-HumanBlood_TrainTest_Pool13,mm10,BS,12,GTGGG,54,years,female,blood,NA
587,TS-HumanBlood_TrainTest_Pool13,mm10,BS,13,GTGAA,59,years,female,blood,NA
588,TS-HumanBlood_TrainTest_Pool13,mm10,BS,14,GTTTG,77,years,female,blood,NA
589,TS-HumanBlood_TrainTest_Pool13,mm10,BS,15,GAGTG,59,years,female,blood,NA
590,TS-HumanBlood_TrainTest_Pool13,mm10,BS,16,ATTGG,66,years,male,blood,NA
591,TS-HumanBlood_TrainTest_Pool13,mm10,BS,17,GAAGT,56,years,male,blood,NA
592,TS-HumanBlood_TrainTest_Pool13,mm10,BS,18,GAGGG,47,years,female,blood,NA
593,TS-HumanBlood_TrainTest_Pool13,mm10,BS,19,GAGGA,57,years,female,blood,NA
594,TS-HumanBlood_TrainTest_Pool13,mm10,BS,20,GATGG,72,years,female,blood,NA
595,TS-HumanBlood_TrainTest_Pool13,mm10,BS,21,GATTT,80,years,female,blood,NA
596,TS-HumanBlood_TrainTest_Pool13,mm10,BS,22,GTAGG,86,years,female,blood,NA
597,TS-HumanBlood_TrainTest_Pool13,mm10,BS,23,GTATA,87,years,female,blood,NA
598,TS-HumanBlood_TrainTest_Pool13,mm10,BS,24,GTGAG,91,years,female,blood,NA
599,TS-HumanBlood_TrainTest_Pool13,mm10,BS,25,TAATG,86,years,female,blood,NA
600,TS-HumanBlood_TrainTest_Pool13,mm10,BS,26,TAGAG,68,years,female,blood,NA
601,TS-HumanBlood_TrainTest_Pool13,mm10,BS,27,TATAA,80,years,female,blood,NA
602,TS-HumanBlood_TrainTest_Pool13,mm10,BS,28,TGATT,62,years,female,blood,NA
603,TS-HumanBlood_TrainTest_Pool13,mm10,BS,29,TGGAA,95,years,male,blood,NA
604,TS-HumanBlood_TrainTest_Pool13,mm10,BS,30,ATGAG,72,years,female,blood,NA
605,TS-HumanBlood_TrainTest_Pool13,mm10,BS,31,TTAGG,69,years,male,blood,NA
606,TS-HumanBlood_TrainTest_Pool13,mm10,BS,32,TGAGG,51,years,female,blood,NA
607,TS-HumanBlood_TrainTest_Pool13,mm10,BS,33,AGAGT,38,years,male,blood,NA
608,TS-HumanBlood_TrainTest_Pool13,mm10,BS,34,GAGAT,81,years,female,blood,NA
609,TS-HumanBlood_TrainTest_Pool13,mm10,BS,35,AGTTG,75,years,male,blood,NA
610,TS-HumanBlood_TrainTest_Pool13,mm10,BS,36,GATGA,36,years,male,blood,NA
611,TS-HumanBlood_TrainTest_Pool13,mm10,BS,37,ATGTA,78,years,female,blood,NA
612,TS-HumanBlood_TrainTest_Pool13,mm10,BS,38,AGATA,27,years,male,blood,NA
613,TS-HumanBlood_TrainTest_Pool13,mm10,BS,39,TGAGT,55,years,male,blood,NA
614,TS-HumanBlood_TrainTest_Pool13,mm10,BS,40,TGGTT,55,years,female,blood,NA
615,TS-HumanBlood_TrainTest_Pool13,mm10,BS,41,AATAT,23,years,male,blood,NA
616,TS-HumanBlood_TrainTest_Pool13,mm10,BS,42,ATAAG,85,years,male,blood,NA
617,TS-HumanBlood_TrainTest_Pool13,mm10,BS,43,AGTAT,55,years,female,blood,NA
618,TS-HumanBlood_TrainTest_Pool13,mm10,BS,44,TGTTG,58,years,female,blood,NA
619,TS-HumanBlood_TrainTest_Pool13,mm10,BS,45,GATAG,31,years,female,blood,NA
620,TS-HumanBlood_TrainTest_Pool13,mm10,BS,46,TAGTG,34,years,male,blood,NA
621,TS-HumanBlood_TrainTest_Pool13,mm10,BS,47,GGTAT,46,years,female,blood,NA
622,TS-HumanBlood_TrainTest_Pool13,mm10,BS,48,GTATG,66,years,male,blood,NA
623,TS-HumanBlood_TrainTest_Pool14,mm10,BS,1,AAAGA,48,years,male,blood,NA
624,TS-HumanBlood_TrainTest_Pool14,mm10,BS,2,AAGTA,30,years,female,blood,NA
625,TS-HumanBlood_TrainTest_Pool14,mm10,BS,3,AATTG,35,years,female,blood,NA
626,TS-HumanBlood_TrainTest_Pool14,mm10,BS,4,AGATG,67,years,female,blood,NA
627,TS-HumanBlood_TrainTest_Pool14,mm10,BS,5,AGGTT,26,years,male,blood,NA
628,TS-HumanBlood_TrainTest_Pool14,mm10,BS,6,AGTAA,75,years,female,blood,NA
629,TS-HumanBlood_TrainTest_Pool14,mm10,BS,7,ATTAG,43,years,male,blood,NA
630,TS-HumanBlood_TrainTest_Pool14,mm10,BS,8,GTTGT,91,years,female,blood,NA
631,TS-HumanBlood_TrainTest_Pool14,mm10,BS,9,AGTGA,69,years,male,blood,NA
632,TS-HumanBlood_TrainTest_Pool14,mm10,BS,10,ATGTG,63,years,male,blood,NA
633,TS-HumanBlood_TrainTest_Pool14,mm10,BS,11,GTAGA,74,years,male,blood,NA
634,TS-HumanBlood_TrainTest_Pool14,mm10,BS,12,GTGGG,55,years,female,blood,NA
635,TS-HumanBlood_TrainTest_Pool14,mm10,BS,13,GTGAA,95,years,female,blood,NA
636,TS-HumanBlood_TrainTest_Pool14,mm10,BS,14,GTTTG,86,years,female,blood,NA
637,TS-HumanBlood_TrainTest_Pool14,mm10,BS,15,GAGTG,52,years,male,blood,NA
638,TS-HumanBlood_TrainTest_Pool14,mm10,BS,16,ATTGG,100,years,female,blood,NA
639,TS-HumanBlood_TrainTest_Pool14,mm10,BS,17,GAAGT,57,years,female,blood,NA
640,TS-HumanBlood_TrainTest_Pool14,mm10,BS,18,GAGGG,94,years,male,blood,NA
641,TS-HumanBlood_TrainTest_Pool14,mm10,BS,19,GAGGA,73,years,female,blood,NA
642,TS-HumanBlood_TrainTest_Pool14,mm10,BS,20,GATGG,31,years,male,blood,NA
643,TS-HumanBlood_TrainTest_Pool14,mm10,BS,21,GATTT,92,years,female,blood,NA
644,TS-HumanBlood_TrainTest_Pool14,mm10,BS,22,GTAGG,72,years,female,blood,NA
645,TS-HumanBlood_TrainTest_Pool14,mm10,BS,23,GTATA,30,years,male,blood,NA
646,TS-HumanBlood_TrainTest_Pool14,mm10,BS,24,GTGAG,83,years,female,blood,NA
647,TS-HumanBlood_TrainTest_Pool14,mm10,BS,25,TAATG,80,years,female,blood,NA
648,TS-HumanBlood_TrainTest_Pool14,mm10,BS,26,TAGAG,68,years,female,blood,NA
649,TS-HumanBlood_TrainTest_Pool14,mm10,BS,27,TATAA,68,years,female,blood,NA
650,TS-HumanBlood_TrainTest_Pool14,mm10,BS,28,TGATT,74,years,male,blood,NA
651,TS-HumanBlood_TrainTest_Pool14,mm10,BS,29,TGGAA,48,years,male,blood,NA
652,TS-HumanBlood_TrainTest_Pool14,mm10,BS,30,ATGAG,52,years,female,blood,NA
653,TS-HumanBlood_TrainTest_Pool14,mm10,BS,31,TTAGG,45,years,male,blood,NA
654,TS-HumanBlood_TrainTest_Pool14,mm10,BS,32,TGAGG,55,years,female,blood,NA
655,TS-HumanBlood_TrainTest_Pool14,mm10,BS,33,AGAGT,90,years,female,blood,NA
656,TS-HumanBlood_TrainTest_Pool14,mm10,BS,34,GAGAT,71,years,male,blood,NA
657,TS-HumanBlood_TrainTest_Pool14,mm10,BS,35,AGTTG,71,years,female,blood,NA
658,TS-HumanBlood_TrainTest_Pool14,mm10,BS,36,GATGA,29,years,male,blood,NA
659,TS-HumanBlood_TrainTest_Pool14,mm10,BS,37,ATGTA,68,years,female,blood,NA
660,TS-HumanBlood_TrainTest_Pool14,mm10,BS,38,AGATA,23,years,male,blood,NA
661,TS-HumanBlood_TrainTest_Pool14,mm10,BS,39,TGAGT,54,years,male,blood,NA
662,TS-HumanBlood_TrainTest_Pool14,mm10,BS,40,TGGTT,83,years,male,blood,NA
663,TS-HumanBlood_TrainTest_Pool14,mm10,BS,41,AATAT,33,years,male,blood,NA
664,TS-HumanBlood_TrainTest_Pool14,mm10,BS,42,ATAAG,89,years,male,blood,NA
665,TS-HumanBlood_TrainTest_Pool14,mm10,BS,43,AGTAT,41,years,male,blood,NA
666,TS-HumanBlood_TrainTest_Pool14,mm10,BS,44,TGTTG,36,years,female,blood,NA
667,TS-HumanBlood_TrainTest_Pool14,mm10,BS,45,GATAG,44,years,female,blood,NA
668,TS-HumanBlood_TrainTest_Pool14,mm10,BS,46,TAGTG,39,years,female,blood,NA
669,TS-HumanBlood_TrainTest_Pool14,mm10,BS,47,GGTAT,87,years,male,blood,NA
670,TS-HumanBlood_TrainTest_Pool14,mm10,BS,48,GTATG,87,years,female,blood,NA
671,TS-HumanBlood_TrainTest_Pool15,mm10,BS,1,AAAGA,62,years,male,blood,NA
672,TS-HumanBlood_TrainTest_Pool15,mm10,BS,2,AAGTA,71,years,male,blood,NA
673,TS-HumanBlood_TrainTest_Pool15,mm10,BS,3,AATTG,75,years,male,blood,NA
674,TS-HumanBlood_TrainTest_Pool15,mm10,BS,4,AGATG,27,years,female,blood,NA
675,TS-HumanBlood_TrainTest_Pool15,mm10,BS,5,AGGTT,80,years,female,blood,NA
676,TS-HumanBlood_TrainTest_Pool15,mm10,BS,6,AGTAA,46,years,female,blood,NA
677,TS-HumanBlood_TrainTest_Pool15,mm10,BS,7,ATTAG,73,years,male,blood,NA
678,TS-HumanBlood_TrainTest_Pool15,mm10,BS,8,GTTGT,40,years,male,blood,NA
679,TS-HumanBlood_TrainTest_Pool15,mm10,BS,9,AGTGA,85,years,female,blood,NA
680,TS-HumanBlood_TrainTest_Pool15,mm10,BS,10,ATGTG,80,years,female,blood,NA
681,TS-HumanBlood_TrainTest_Pool15,mm10,BS,11,GTAGA,75,years,female,blood,NA
682,TS-HumanBlood_TrainTest_Pool15,mm10,BS,12,GTGGG,85,years,male,blood,NA
683,TS-HumanBlood_TrainTest_Pool15,mm10,BS,13,GTGAA,46,years,female,blood,NA
684,TS-HumanBlood_TrainTest_Pool15,mm10,BS,14,GTTTG,84,years,male,blood,NA
685,TS-HumanBlood_TrainTest_Pool15,mm10,BS,15,GAGTG,64,years,male,blood,NA
686,TS-HumanBlood_TrainTest_Pool15,mm10,BS,16,ATTGG,42,years,male,blood,NA
687,TS-HumanBlood_TrainTest_Pool15,mm10,BS,17,GAAGT,66,years,male,blood,NA
688,TS-HumanBlood_TrainTest_Pool15,mm10,BS,18,GAGGG,36,years,male,blood,NA
689,TS-HumanBlood_TrainTest_Pool15,mm10,BS,19,GAGGA,63,years,female,blood,NA
690,TS-HumanBlood_TrainTest_Pool15,mm10,BS,20,GATGG,60,years,female,blood,NA
691,TS-HumanBlood_TrainTest_Pool15,mm10,BS,21,GATTT,60,years,female,blood,NA
692,TS-HumanBlood_TrainTest_Pool15,mm10,BS,22,GTAGG,49,years,female,blood,NA
693,TS-HumanBlood_TrainTest_Pool15,mm10,BS,23,GTATA,82,years,female,blood,NA
694,TS-HumanBlood_TrainTest_Pool15,mm10,BS,24,GTGAG,52,years,female,blood,NA
695,TS-HumanBlood_TrainTest_Pool15,mm10,BS,25,TAATG,52,years,female,blood,NA
696,TS-HumanBlood_TrainTest_Pool15,mm10,BS,26,TAGAG,67,years,male,blood,NA
697,TS-HumanBlood_TrainTest_Pool15,mm10,BS,27,TATAA,48,years,female,blood,NA
698,TS-HumanBlood_TrainTest_Pool15,mm10,BS,28,TGATT,91,years,female,blood,NA
699,TS-HumanBlood_TrainTest_Pool15,mm10,BS,29,TGGAA,30,years,male,blood,NA
700,TS-HumanBlood_TrainTest_Pool15,mm10,BS,30,ATGAG,77,years,female,blood,NA
701,TS-HumanBlood_TrainTest_Pool15,mm10,BS,31,TTAGG,60,years,male,blood,NA
702,TS-HumanBlood_TrainTest_Pool15,mm10,BS,32,TGAGG,82,years,female,blood,NA
703,TS-HumanBlood_TrainTest_Pool15,mm10,BS,33,AGAGT,29,years,male,blood,NA
704,TS-HumanBlood_TrainTest_Pool15,mm10,BS,34,GAGAT,82,years,female,blood,NA
705,TS-HumanBlood_TrainTest_Pool15,mm10,BS,35,AGTTG,32,years,male,blood,NA
706,TS-HumanBlood_TrainTest_Pool15,mm10,BS,36,GATGA,57,years,male,blood,NA
707,TS-HumanBlood_TrainTest_Pool15,mm10,BS,37,ATGTA,71,years,female,blood,NA
708,TS-HumanBlood_TrainTest_Pool15,mm10,BS,38,AGATA,93,years,female,blood,NA
709,TS-HumanBlood_TrainTest_Pool15,mm10,BS,39,TGAGT,64,years,female,blood,NA
710,TS-HumanBlood_TrainTest_Pool15,mm10,BS,40,TGGTT,94,years,female,blood,NA
711,TS-HumanBlood_TrainTest_Pool15,mm10,BS,41,AATAT,90,years,male,blood,NA
712,TS-HumanBlood_TrainTest_Pool15,mm10,BS,42,ATAAG,60,years,female,blood,NA
713,TS-HumanBlood_TrainTest_Pool15,mm10,BS,43,AGTAT,96,years,female,blood,NA
714,TS-HumanBlood_TrainTest_Pool15,mm10,BS,44,TGTTG,74,years,female,blood,NA
715,TS-HumanBlood_TrainTest_Pool15,mm10,BS,45,GATAG,67,years,female,blood,NA
716,TS-HumanBlood_TrainTest_Pool15,mm10,BS,46,TAGTG,69,years,female,blood,NA
717,TS-HumanBlood_TrainTest_Pool15,mm10,BS,47,GGTAT,53,years,female,blood,NA
718,TS-HumanBlood_TrainTest_Pool15,mm10,BS,48,GTATG,69,years,female,blood,NA
719,TS-HumanBlood_TrainTest_Pool16,mm10,BS,1,AAAGA,23,years,male,blood,NA
720,TS-HumanBlood_TrainTest_Pool16,mm10,BS,2,AAGTA,63,years,female,blood,NA
721,TS-HumanBlood_TrainTest_Pool16,mm10,BS,3,AATTG,65,years,female,blood,NA
722,TS-HumanBlood_TrainTest_Pool16,mm10,BS,4,AGATG,87,years,male,blood,NA
723,TS-HumanBlood_TrainTest_Pool16,mm10,BS,5,AGGTT,43,years,male,blood,NA
724,TS-HumanBlood_TrainTest_Pool16,mm10,BS,6,AGTAA,27,years,female,blood,NA
725,TS-HumanBlood_TrainTest_Pool16,mm10,BS,7,ATTAG,23,years,male,blood,NA
726,TS-HumanBlood_TrainTest_Pool16,mm10,BS,8,GTTGT,96,years,male,blood,NA
727,TS-HumanBlood_TrainTest_Pool16,mm10,BS,9,AGTGA,68,years,male,blood,NA
728,TS-HumanBlood_TrainTest_Pool16,mm10,BS,10,ATGTG,81,years,male,blood,NA
729,TS-HumanBlood_TrainTest_Pool16,mm10,BS,11,GTAGA,66,years,female,blood,NA
730,TS-HumanBlood_TrainTest_Pool16,mm10,BS,12,GTGGG,90,years,female,blood,NA
731,TS-HumanBlood_TrainTest_Pool16,mm10,BS,13,GTGAA,46,years,female,blood,NA
732,TS-HumanBlood_TrainTest_Pool16,mm10,BS,14,GTTTG,91,years,male,blood,NA
733,TS-HumanBlood_TrainTest_Pool16,mm10,BS,15,GAGTG,62,years,male,blood,NA
734,TS-HumanBlood_TrainTest_Pool16,mm10,BS,16,ATTGG,61,years,male,blood,NA
735,TS-HumanBlood_TrainTest_Pool16,mm10,BS,17,GAAGT,40,years,female,blood,NA
736,TS-HumanBlood_TrainTest_Pool16,mm10,BS,18,GAGGG,75,years,female,blood,NA
737,TS-HumanBlood_TrainTest_Pool16,mm10,BS,19,GAGGA,49,years,female,blood,NA
738,TS-HumanBlood_TrainTest_Pool16,mm10,BS,20,GATGG,82,years,male,blood,NA
739,TS-HumanBlood_TrainTest_Pool16,mm10,BS,21,GATTT,31,years,female,blood,NA
740,TS-HumanBlood_TrainTest_Pool16,mm10,BS,22,GTAGG,56,years,male,blood,NA
741,TS-HumanBlood_TrainTest_Pool16,mm10,BS,23,GTATA,31,years,female,blood,NA
742,TS-HumanBlood_TrainTest_Pool16,mm10,BS,24,GTGAG,50,years,male,blood,NA
743,TS-HumanBlood_TrainTest_Pool16,mm10,BS,25,TAATG,50,years,male,blood,NA
744,TS-HumanBlood_TrainTest_Pool16,mm10,BS,26,TAGAG,25,years,female,blood,NA
745,TS-HumanBlood_TrainTest_Pool16,mm10,BS,27,TATAA,57,years,male,blood,NA
746,TS-HumanBlood_TrainTest_Pool16,mm10,BS,28,TGATT,41,years,male,blood,NA
747,TS-HumanBlood_TrainTest_Pool16,mm10,BS,29,TGGAA,73,years,female,blood,NA
748,TS-HumanBlood_TrainTest_Pool16,mm10,BS,30,ATGAG,51,years,male,blood,NA
749,TS-HumanBlood_TrainTest_Pool16,mm10,BS,31,TTAGG,74,years,female,blood,NA
750,TS-HumanBlood_TrainTest_Pool16,mm10,BS,32,TGAGG,28,years,male,blood,NA
751,TS-HumanBlood_TrainTest_Pool16,mm10,BS,33,AGAGT,75,years,female,blood,NA
752,TS-HumanBlood_TrainTest_Pool16,mm10,BS,34,GAGAT,18,years,female,blood,NA
753,TS-HumanBlood_TrainTest_Pool16,mm10,BS,35,AGTTG,84,years,male,blood,NA
754,TS-HumanBlood_TrainTest_Pool16,mm10,BS,36,GATGA,88,years,female,blood,NA
755,TS-HumanBlood_TrainTest_Pool16,mm10,BS,37,ATGTA,41,years,female,blood,NA
756,TS-HumanBlood_TrainTest_Pool16,mm10,BS,38,AGATA,54,years,male,blood,NA
757,TS-HumanBlood_TrainTest_Pool16,mm10,BS,39,TGAGT,38,years,female,blood,NA
758,TS-HumanBlood_TrainTest_Pool16,mm10,BS,40,TGGTT,53,years,female,blood,NA
759,TS-HumanBlood_TrainTest_Pool16,mm10,BS,41,AATAT,41,years,male,blood,NA
760,TS-HumanBlood_TrainTest_Pool16,mm10,BS,42,ATAAG,55,years,female,blood,NA
761,TS-HumanBlood_TrainTest_Pool16,mm10,BS,43,AGTAT,51,years,female,blood,NA
762,TS-HumanBlood_TrainTest_Pool16,mm10,BS,44,TGTTG,48,years,male,blood,NA
763,TS-HumanBlood_TrainTest_Pool16,mm10,BS,45,GATAG,33,years,male,blood,NA
764,TS-HumanBlood_TrainTest_Pool16,mm10,BS,46,TAGTG,25,years,female,blood,NA
765,TS-HumanBlood_TrainTest_Pool16,mm10,BS,47,GGTAT,28,years,female,blood,NA
766,TS-HumanBlood_TrainTest_Pool16,mm10,BS,48,GTATG,28,years,female,blood,NA
767,TS-HumanBlood_TrainTest_Pool17,mm10,BS,1,AAAGA,74,years,male,blood,NA
768,TS-HumanBlood_TrainTest_Pool17,mm10,BS,2,AAGTA,74,years,male,blood,NA
769,TS-HumanBlood_TrainTest_Pool17,mm10,BS,3,AATTG,98,years,male,blood,NA
770,TS-HumanBlood_TrainTest_Pool17,mm10,BS,4,AGATG,24,years,male,blood,NA
771,TS-HumanBlood_TrainTest_Pool17,mm10,BS,5,AGGTT,53,years,male,blood,NA
772,TS-HumanBlood_TrainTest_Pool17,mm10,BS,6,AGTAA,55,years,male,blood,NA
773,TS-HumanBlood_TrainTest_Pool17,mm10,BS,7,ATTAG,51,years,female,blood,NA
774,TS-HumanBlood_TrainTest_Pool17,mm10,BS,8,GTTGT,48,years,male,blood,NA
775,TS-HumanBlood_TrainTest_Pool17,mm10,BS,9,AGTGA,19,years,female,blood,NA
776,TS-HumanBlood_TrainTest_Pool17,mm10,BS,10,ATGTG,40,years,male,blood,NA
777,TS-HumanBlood_TrainTest_Pool17,mm10,BS,11,GTAGA,25,years,male,blood,NA
778,TS-HumanBlood_TrainTest_Pool17,mm10,BS,12,GTGGG,77,years,male,blood,NA
779,TS-HumanBlood_TrainTest_Pool17,mm10,BS,13,GTGAA,36,years,female,blood,NA
780,TS-HumanBlood_TrainTest_Pool17,mm10,BS,14,GTTTG,91,years,female,blood,NA
781,TS-HumanBlood_TrainTest_Pool17,mm10,BS,15,GAGTG,25,years,male,blood,NA
782,TS-HumanBlood_TrainTest_Pool17,mm10,BS,16,ATTGG,49,years,male,blood,NA
783,TS-HumanBlood_TrainTest_Pool17,mm10,BS,17,GAAGT,27,years,female,blood,NA
784,TS-HumanBlood_TrainTest_Pool17,mm10,BS,18,GAGGG,74,years,male,blood,NA
785,TS-HumanBlood_TrainTest_Pool17,mm10,BS,19,GAGGA,73,years,male,blood,NA
786,TS-HumanBlood_TrainTest_Pool17,mm10,BS,20,GATGG,54,years,female,blood,NA
787,TS-HumanBlood_TrainTest_Pool17,mm10,BS,21,GATTT,85,years,female,blood,NA
788,TS-HumanBlood_TrainTest_Pool17,mm10,BS,22,GTAGG,82,years,male,blood,NA
789,TS-HumanBlood_TrainTest_Pool17,mm10,BS,23,GTATA,94,years,female,blood,NA
790,TS-HumanBlood_TrainTest_Pool17,mm10,BS,24,GTGAG,59,years,male,blood,NA
791,TS-HumanBlood_TrainTest_Pool17,mm10,BS,25,TAATG,61,years,male,blood,NA
792,TS-HumanBlood_TrainTest_Pool17,mm10,BS,26,TAGAG,32,years,male,blood,NA
793,TS-HumanBlood_TrainTest_Pool17,mm10,BS,27,TATAA,28,years,female,blood,NA
794,TS-HumanBlood_TrainTest_Pool17,mm10,BS,28,TGATT,70,years,female,blood,NA
795,TS-HumanBlood_TrainTest_Pool17,mm10,BS,29,TGGAA,21,years,male,blood,NA
796,TS-HumanBlood_TrainTest_Pool17,mm10,BS,30,ATGAG,25,years,female,blood,NA
797,TS-HumanBlood_TrainTest_Pool17,mm10,BS,31,TTAGG,38,years,male,blood,NA
798,TS-HumanBlood_TrainTest_Pool17,mm10,BS,32,TGAGG,26,years,male,blood,NA
799,TS-HumanBlood_TrainTest_Pool17,mm10,BS,33,AGAGT,19,years,male,blood,NA
800,TS-HumanBlood_TrainTest_Pool17,mm10,BS,34,GAGAT,44,years,female,blood,NA
801,TS-HumanBlood_TrainTest_Pool17,mm10,BS,35,AGTTG,85,years,female,blood,NA
802,TS-HumanBlood_TrainTest_Pool17,mm10,BS,36,GATGA,58,years,male,blood,NA
803,TS-HumanBlood_TrainTest_Pool17,mm10,BS,37,ATGTA,73,years,male,blood,NA
804,TS-HumanBlood_TrainTest_Pool17,mm10,BS,38,AGATA,92,years,female,blood,NA
805,TS-HumanBlood_TrainTest_Pool17,mm10,BS,39,TGAGT,73,years,female,blood,NA
806,TS-HumanBlood_TrainTest_Pool17,mm10,BS,40,TGGTT,64,years,female,blood,NA
807,TS-HumanBlood_TrainTest_Pool17,mm10,BS,41,AATAT,55,years,female,blood,NA
808,TS-HumanBlood_TrainTest_Pool17,mm10,BS,42,ATAAG,69,years,male,blood,NA
809,TS-HumanBlood_TrainTest_Pool17,mm10,BS,43,AGTAT,72,years,female,blood,NA
810,TS-HumanBlood_TrainTest_Pool17,mm10,BS,44,TGTTG,35,years,female,blood,NA
811,TS-HumanBlood_TrainTest_Pool17,mm10,BS,45,GATAG,65,years,female,blood,NA
812,TS-HumanBlood_TrainTest_Pool17,mm10,BS,46,TAGTG,83,years,female,blood,NA
813,TS-HumanBlood_TrainTest_Pool17,mm10,BS,47,GGTAT,77,years,male,blood,NA
814,TS-HumanBlood_TrainTest_Pool17,mm10,BS,48,GTATG,75,years,female,blood,NA
815,TS-HumanBlood_TrainTest_Pool18,mm10,BS,1,AAAGA,65,years,female,blood,NA
816,TS-HumanBlood_TrainTest_Pool18,mm10,BS,2,AAGTA,41,years,male,blood,NA
817,TS-HumanBlood_TrainTest_Pool18,mm10,BS,3,AATTG,86,years,male,blood,NA
818,TS-HumanBlood_TrainTest_Pool18,mm10,BS,4,AGATG,83,years,female,blood,NA
819,TS-HumanBlood_TrainTest_Pool18,mm10,BS,5,AGGTT,95,years,male,blood,NA
820,TS-HumanBlood_TrainTest_Pool18,mm10,BS,6,AGTAA,92,years,female,blood,NA
821,TS-HumanBlood_TrainTest_Pool18,mm10,BS,7,ATTAG,95,years,male,blood,NA
822,TS-HumanBlood_TrainTest_Pool18,mm10,BS,8,GTTGT,64,years,male,blood,NA
823,TS-HumanBlood_TrainTest_Pool18,mm10,BS,9,AGTGA,65,years,male,blood,NA
824,TS-HumanBlood_TrainTest_Pool18,mm10,BS,10,ATGTG,73,years,female,blood,NA
825,TS-HumanBlood_TrainTest_Pool18,mm10,BS,11,GTAGA,58,years,male,blood,NA
826,TS-HumanBlood_TrainTest_Pool18,mm10,BS,12,GTGGG,21,years,female,blood,NA
827,TS-HumanBlood_TrainTest_Pool18,mm10,BS,13,GTGAA,25,years,male,blood,NA
828,TS-HumanBlood_TrainTest_Pool18,mm10,BS,14,GTTTG,53,years,male,blood,NA
829,TS-HumanBlood_TrainTest_Pool18,mm10,BS,15,GAGTG,24,years,female,blood,NA
830,TS-HumanBlood_TrainTest_Pool18,mm10,BS,16,ATTGG,68,years,female,blood,NA
831,TS-HumanBlood_TrainTest_Pool18,mm10,BS,17,GAAGT,60,years,male,blood,NA
832,TS-HumanBlood_TrainTest_Pool18,mm10,BS,18,GAGGG,64,years,female,blood,NA
833,TS-HumanBlood_TrainTest_Pool18,mm10,BS,19,GAGGA,82,years,male,blood,NA
834,TS-HumanBlood_TrainTest_Pool18,mm10,BS,20,GATGG,24,years,male,blood,NA
835,TS-HumanBlood_TrainTest_Pool18,mm10,BS,21,GATTT,33,years,female,blood,NA
836,TS-HumanBlood_TrainTest_Pool18,mm10,BS,22,GTAGG,48,years,male,blood,NA
837,TS-HumanBlood_TrainTest_Pool18,mm10,BS,23,GTATA,91,years,male,blood,NA
838,TS-HumanBlood_TrainTest_Pool18,mm10,BS,24,GTGAG,82,years,male,blood,NA
839,TS-HumanBlood_TrainTest_Pool18,mm10,BS,25,TAATG,62,years,female,blood,NA
840,TS-HumanBlood_TrainTest_Pool18,mm10,BS,26,TAGAG,84,years,male,blood,NA
841,TS-HumanBlood_TrainTest_Pool18,mm10,BS,27,TATAA,38,years,male,blood,NA
842,TS-HumanBlood_TrainTest_Pool18,mm10,BS,28,TGATT,22,years,female,blood,NA
843,TS-HumanBlood_TrainTest_Pool18,mm10,BS,29,TGGAA,53,years,male,blood,NA
844,TS-HumanBlood_TrainTest_Pool18,mm10,BS,30,ATGAG,26,years,male,blood,NA
845,TS-HumanBlood_TrainTest_Pool18,mm10,BS,31,TTAGG,34,years,female,blood,NA
846,TS-HumanBlood_TrainTest_Pool18,mm10,BS,32,TGAGG,22,years,female,blood,NA
847,TS-HumanBlood_TrainTest_Pool18,mm10,BS,33,AGAGT,42,years,male,blood,NA
848,TS-HumanBlood_TrainTest_Pool18,mm10,BS,34,GAGAT,74,years,male,blood,NA
849,TS-HumanBlood_TrainTest_Pool18,mm10,BS,35,AGTTG,67,years,female,blood,NA
850,TS-HumanBlood_TrainTest_Pool18,mm10,BS,36,GATGA,75,years,male,blood,NA
851,TS-HumanBlood_TrainTest_Pool18,mm10,BS,37,ATGTA,57,years,male,blood,NA
852,TS-HumanBlood_TrainTest_Pool18,mm10,BS,38,AGATA,50,years,male,blood,NA
853,TS-HumanBlood_TrainTest_Pool18,mm10,BS,39,TGAGT,53,years,female,blood,NA
854,TS-HumanBlood_TrainTest_Pool18,mm10,BS,40,TGGTT,48,years,female,blood,NA
855,TS-HumanBlood_TrainTest_Pool18,mm10,BS,41,AATAT,27,years,male,blood,NA
856,TS-HumanBlood_TrainTest_Pool18,mm10,BS,42,ATAAG,24,years,male,blood,NA
857,TS-HumanBlood_TrainTest_Pool18,mm10,BS,43,AGTAT,38,years,male,blood,NA
858,TS-HumanBlood_TrainTest_Pool18,mm10,BS,44,TGTTG,37,years,female,blood,NA
859,TS-HumanBlood_TrainTest_Pool18,mm10,BS,45,GATAG,39,years,female,blood,NA
860,TS-HumanBlood_TrainTest_Pool18,mm10,BS,46,TAGTG,77,years,male,blood,NA
861,TS-HumanBlood_TrainTest_Pool18,mm10,BS,47,GGTAT,50,years,male,blood,NA
862,TS-HumanBlood_TrainTest_Pool18,mm10,BS,48,GTATG,39,years,female,blood,NA
Lambda_1,TS-HumanBlood_TrainTest_Pool1,Enterobacteriophage_lambda,BS,49,AGGAG,NA,NA,NA,NA,NA
Lambda_2,TS-HumanBlood_TrainTest_Pool2,Enterobacteriophage_lambda,BS,49,AGGAG,NA,NA,NA,NA,NA
Lambda_3,TS-HumanBlood_TrainTest_Pool3,Enterobacteriophage_lambda,BS,49,AGGAG,NA,NA,NA,NA,NA
Lambda_4,TS-HumanBlood_TrainTest_Pool4,Enterobacteriophage_lambda,BS,49,AGGAG,NA,NA,NA,NA,NA
Lambda_5,TS-HumanBlood_TrainTest_Pool5,Enterobacteriophage_lambda,BS,49,AGGAG,NA,NA,NA,NA,NA
Lambda_6,TS-HumanBlood_TrainTest_Pool6,Enterobacteriophage_lambda,BS,49,AGGAG,NA,NA,NA,NA,NA
Lambda_7,TS-HumanBlood_TrainTest_Pool7,Enterobacteriophage_lambda,BS,49,AGGAG,NA,NA,NA,NA,NA
Lambda_8,TS-HumanBlood_TrainTest_Pool8,Enterobacteriophage_lambda,BS,49,AGGAG,NA,NA,NA,NA,NA
Lambda_9,TS-HumanBlood_TrainTest_Pool9,Enterobacteriophage_lambda,BS,49,AGGAG,NA,NA,NA,NA,NA
Lambda_10,TS-HumanBlood_TrainTest_Pool10,Enterobacteriophage_lambda,BS,49,AGGAG,NA,NA,NA,NA,NA
Lambda_11,TS-HumanBlood_TrainTest_Pool11,Enterobacteriophage_lambda,BS,49,AGGAG,NA,NA,NA,NA,NA
Lambda_12,TS-HumanBlood_TrainTest_Pool12,Enterobacteriophage_lambda,BS,49,AGGAG,NA,NA,NA,NA,NA
Lambda_13,TS-HumanBlood_TrainTest_Pool13,Enterobacteriophage_lambda,BS,49,AGGAG,NA,NA,NA,NA,NA
Lambda_14,TS-HumanBlood_TrainTest_Pool14,Enterobacteriophage_lambda,BS,49,AGGAG,NA,NA,NA,NA,NA
Lambda_15,TS-HumanBlood_TrainTest_Pool15,Enterobacteriophage_lambda,BS,49,AGGAG,NA,NA,NA,NA,NA
Lambda_16,TS-HumanBlood_TrainTest_Pool16,Enterobacteriophage_lambda,BS,49,AGGAG,NA,NA,NA,NA,NA
Lambda_17,TS-HumanBlood_TrainTest_Pool17,Enterobacteriophage_lambda,BS,49,AGGAG,NA,NA,NA,NA,NA
Lambda_18,TS-HumanBlood_TrainTest_Pool18,Enterobacteriophage_lambda,BS,49,AGGAG,NA,NA,NA,NA,NA
