sample_ID,pool_ID,genome,BS,barcode_N,barcode,age,tissue,sex,exclude,age_units
3m-1-Liver,TS-Liver-Pool1,mm10,BS,1,AAAGA,3,Liver,male,NA,months
3m-2-Liver,TS-Liver-Pool1,mm10,BS,2,AAGTA,3,Liver,female,NA,months
3m-3-Liver,TS-Liver-Pool1,mm10,BS,3,AATTG,3,Liver,female,NA,months
3m-4-Liver,TS-Liver-Pool1,mm10,BS,4,AGATG,3,Liver,female,NA,months
3m-5-Liver,TS-Liver-Pool1,mm10,BS,5,AGGTT,3,Liver,female,NA,months
3m-6-Liver,TS-Liver-Pool1,mm10,BS,6,AGTAA,3,Liver,female,NA,months
3m-7-Liver,TS-Liver-Pool1,mm10,BS,7,ATTAG,3,Liver,female,NA,months
3m-8-Liver,TS-Liver-Pool1,mm10,BS,8,GTTGT,3,Liver,female,NA,months
3m-9-Liver,TS-Liver-Pool1,mm10,BS,9,AGTGA,3,Liver,female,NA,months
3m-10-Liver,TS-Liver-Pool1,mm10,BS,10,ATGTG,3,Liver,male,NA,months
9m-1-Liver,TS-Liver-Pool1,mm10,BS,11,GTAGA,9,Liver,male,NA,months
9m-2-Liver,TS-Liver-Pool1,mm10,BS,12,GTGGG,9,Liver,female,NA,months
9m-3-Liver,TS-Liver-Pool1,mm10,BS,13,GTGAA,9,Liver,female,x,months
9m-4-Liver,TS-Liver-Pool1,mm10,BS,14,GTTTG,9,Liver,female,NA,months
9m-5-Liver,TS-Liver-Pool1,mm10,BS,15,GAGTG,9,Liver,female,NA,months
9m-6-Liver,TS-Liver-Pool1,mm10,BS,16,ATTGG,9,Liver,female,NA,months
9m-7-Liver,TS-Liver-Pool1,mm10,BS,17,GAAGT,9,Liver,female,NA,months
9m-8-Liver,TS-Liver-Pool1,mm10,BS,18,GAGGG,9,Liver,female,NA,months
9m-9-Liver,TS-Liver-Pool1,mm10,BS,19,GAGGA,9,Liver,female,NA,months
9m-10-Liver,TS-Liver-Pool1,mm10,BS,20,GATGG,9,Liver,male,NA,months
15m-1-Liver,TS-Liver-Pool1,mm10,BS,21,GATTT,15,Liver,male,NA,months
15m-2-Liver,TS-Liver-Pool1,mm10,BS,22,GTAGG,15,Liver,female,NA,months
15m-3-Liver,TS-Liver-Pool1,mm10,BS,23,GTATA,15,Liver,female,NA,months
15m-4-Liver,TS-Liver-Pool1,mm10,BS,24,GTGAG,15,Liver,female,NA,months
15m-5-Liver,TS-Liver-Pool1,mm10,BS,50,TTAAG,15,Liver,female,NA,months
15m-6-Liver,TS-Liver-Pool1,mm10,BS,26,TAGAG,15,Liver,female,NA,months
15m-7-Liver,TS-Liver-Pool1,mm10,BS,27,TATAA,15,Liver,female,NA,months
15m-8-Liver,TS-Liver-Pool1,mm10,BS,28,TGATT,15,Liver,female,NA,months
15m-9-Liver,TS-Liver-Pool1,mm10,BS,29,TGGAA,15,Liver,female,NA,months
15m-10-Liver,TS-Liver-Pool1,mm10,BS,30,ATGAG,15,Liver,male,NA,months
3m-11-Liver,TS-Liver-Pool1,mm10,BS,31,TTAGG,3,Liver,female,NA,months
3m-12-Liver,TS-Liver-Pool1,mm10,BS,32,TGAGG,3,Liver,female,NA,months
3m-13-Liver,TS-Liver-Pool1,mm10,BS,33,AGAGT,3,Liver,female,NA,months
3m-14-Liver,TS-Liver-Pool1,mm10,BS,34,GAGAT,3,Liver,female,NA,months
3m-15-Liver,TS-Liver-Pool1,mm10,BS,35,AGTTG,3,Liver,female,NA,months
3m-16-Liver,TS-Liver-Pool1,mm10,BS,36,GATGA,3,Liver,female,NA,months
3m-17-Liver,TS-Liver-Pool1,mm10,BS,37,ATGTA,3,Liver,female,NA,months
3m-18-Liver,TS-Liver-Pool1,mm10,BS,38,AGATA,3,Liver,female,NA,months
3m-19-Liver,TS-Liver-Pool1,mm10,BS,39,TGAGT,3,Liver,female,NA,months
3m-20-Liver,TS-Liver-Pool1,mm10,BS,40,TGGTT,3,Liver,female,NA,months
9m-11-Liver,TS-Liver-Pool2,mm10,BS,1,AAAGA,9,Liver,female,NA,months
9m-12-Liver,TS-Liver-Pool2,mm10,BS,2,AAGTA,9,Liver,female,NA,months
9m-13-Liver,TS-Liver-Pool2,mm10,BS,3,AATTG,9,Liver,female,NA,months
9m-14-Liver,TS-Liver-Pool2,mm10,BS,4,AGATG,9,Liver,female,NA,months
9m-15-Liver,TS-Liver-Pool2,mm10,BS,5,AGGTT,9,Liver,female,NA,months
9m-16-Liver,TS-Liver-Pool2,mm10,BS,6,AGTAA,9,Liver,female,NA,months
9m-17-Liver,TS-Liver-Pool2,mm10,BS,7,ATTAG,9,Liver,female,NA,months
9m-18-Liver,TS-Liver-Pool2,mm10,BS,8,GTTGT,9,Liver,female,NA,months
9m-19-Liver,TS-Liver-Pool2,mm10,BS,9,AGTGA,9,Liver,female,NA,months
9m-20-Liver,TS-Liver-Pool2,mm10,BS,10,ATGTG,9,Liver,female,NA,months
15m-11-Liver,TS-Liver-Pool2,mm10,BS,11,GTAGA,15,Liver,female,NA,months
15m-12-Liver,TS-Liver-Pool2,mm10,BS,12,GTGGG,15,Liver,female,NA,months
15m-13-Liver,TS-Liver-Pool2,mm10,BS,13,GTGAA,15,Liver,female,NA,months
15m-14-Liver,TS-Liver-Pool2,mm10,BS,14,GTTTG,15,Liver,female,NA,months
15m-15-Liver,TS-Liver-Pool2,mm10,BS,15,GAGTG,15,Liver,female,NA,months
15m-16-Liver,TS-Liver-Pool2,mm10,BS,16,ATTGG,15,Liver,female,NA,months
15m-17-Liver,TS-Liver-Pool2,mm10,BS,17,GAAGT,15,Liver,female,NA,months
15m-18-Liver,TS-Liver-Pool2,mm10,BS,18,GAGGG,15,Liver,female,NA,months
15m-19-Liver,TS-Liver-Pool2,mm10,BS,19,GAGGA,15,Liver,female,NA,months
15m-20-Liver,TS-Liver-Pool2,mm10,BS,20,GATGG,15,Liver,female,NA,months
20m-11-Liver,TS-Liver-Pool2,mm10,BS,21,GATTT,20,Liver,female,NA,months
20m-12-Liver,TS-Liver-Pool2,mm10,BS,22,GTAGG,20,Liver,female,NA,months
20m-13-Liver,TS-Liver-Pool2,mm10,BS,23,GTATA,20,Liver,female,NA,months
20m-14-Liver,TS-Liver-Pool2,mm10,BS,24,GTGAG,20,Liver,female,NA,months
20m-15-Liver,TS-Liver-Pool2,mm10,BS,50,TTAAG,20,Liver,female,NA,months
20m-16-Liver,TS-Liver-Pool2,mm10,BS,26,TAGAG,20,Liver,female,x,months
20m-17-Liver,TS-Liver-Pool2,mm10,BS,27,TATAA,20,Liver,female,NA,months
20m-18-Liver,TS-Liver-Pool2,mm10,BS,28,TGATT,20,Liver,female,NA,months
20m-19-Liver,TS-Liver-Pool2,mm10,BS,29,TGGAA,20,Liver,female,NA,months
20m-20-Liver,TS-Liver-Pool2,mm10,BS,30,ATGAG,20,Liver,female,NA,months
20m-1-Liver,TS-Liver-Pool2,mm10,BS,31,TTAGG,20,Liver,male,NA,months
20m-2-Liver,TS-Liver-Pool2,mm10,BS,32,TGAGG,20,Liver,female,NA,months
20m-3-Liver,TS-Liver-Pool2,mm10,BS,33,AGAGT,20,Liver,female,NA,months
20m-4-Liver,TS-Liver-Pool2,mm10,BS,34,GAGAT,20,Liver,female,NA,months
20m-5-Liver,TS-Liver-Pool2,mm10,BS,35,AGTTG,20,Liver,female,NA,months
20m-6-Liver,TS-Liver-Pool2,mm10,BS,36,GATGA,20,Liver,female,NA,months
20m-7-Liver,TS-Liver-Pool2,mm10,BS,37,ATGTA,20,Liver,female,NA,months
20m-8-Liver,TS-Liver-Pool2,mm10,BS,38,AGATA,20,Liver,female,NA,months
20m-9-Liver,TS-Liver-Pool2,mm10,BS,39,TGAGT,20,Liver,female,NA,months
20m-10-Liver,TS-Liver-Pool2,mm10,BS,40,TGGTT,20,Liver,male,NA,months
3m-1-Skin,TS-Skin-Pool1,mm10,BS,1,AAAGA,3,Skin,male,NA,months
3m-2-Skin,TS-Skin-Pool1,mm10,BS,2,AAGTA,3,Skin,female,NA,months
3m-3-Skin,TS-Skin-Pool1,mm10,BS,3,AATTG,3,Skin,female,NA,months
3m-4-Skin,TS-Skin-Pool1,mm10,BS,4,AGATG,3,Skin,female,NA,months
3m-5-Skin,TS-Skin-Pool1,mm10,BS,5,AGGTT,3,Skin,female,NA,months
3m-6-Skin,TS-Skin-Pool1,mm10,BS,6,AGTAA,3,Skin,female,NA,months
3m-7-Skin,TS-Skin-Pool1,mm10,BS,7,ATTAG,3,Skin,female,NA,months
3m-8-Skin,TS-Skin-Pool1,mm10,BS,8,GTTGT,3,Skin,female,NA,months
3m-9-Skin,TS-Skin-Pool1,mm10,BS,9,AGTGA,3,Skin,female,NA,months
3m-10-Skin,TS-Skin-Pool1,mm10,BS,10,ATGTG,3,Skin,male,NA,months
9m-1-Skin,TS-Skin-Pool1,mm10,BS,11,GTAGA,9,Skin,male,NA,months
9m-2-Skin,TS-Skin-Pool1,mm10,BS,12,GTGGG,9,Skin,female,NA,months
9m-3-Skin,TS-Skin-Pool1,mm10,BS,13,GTGAA,9,Skin,female,NA,months
9m-4-Skin,TS-Skin-Pool1,mm10,BS,14,GTTTG,9,Skin,female,NA,months
9m-5-Skin,TS-Skin-Pool1,mm10,BS,15,GAGTG,9,Skin,female,NA,months
9m-6-Skin,TS-Skin-Pool1,mm10,BS,16,ATTGG,9,Skin,female,NA,months
9m-7-Skin,TS-Skin-Pool1,mm10,BS,17,GAAGT,9,Skin,female,NA,months
9m-8-Skin,TS-Skin-Pool1,mm10,BS,18,GAGGG,9,Skin,female,NA,months
9m-9-Skin,TS-Skin-Pool1,mm10,BS,19,GAGGA,9,Skin,female,NA,months
9m-10-Skin,TS-Skin-Pool1,mm10,BS,20,GATGG,9,Skin,male,NA,months
15m-1-Skin,TS-Skin-Pool1,mm10,BS,21,GATTT,15,Skin,male,NA,months
15m-2-Skin,TS-Skin-Pool1,mm10,BS,22,GTAGG,15,Skin,female,NA,months
15m-3-Skin,TS-Skin-Pool1,mm10,BS,23,GTATA,15,Skin,female,NA,months
15m-4-Skin,TS-Skin-Pool1,mm10,BS,24,GTGAG,15,Skin,female,NA,months
15m-5-Skin,TS-Skin-Pool1,mm10,BS,50,TTAAG,15,Skin,female,NA,months
15m-6-Skin,TS-Skin-Pool1,mm10,BS,26,TAGAG,15,Skin,female,NA,months
15m-7-Skin,TS-Skin-Pool1,mm10,BS,27,TATAA,15,Skin,female,NA,months
15m-8-Skin,TS-Skin-Pool1,mm10,BS,28,TGATT,15,Skin,female,NA,months
15m-9-Skin,TS-Skin-Pool1,mm10,BS,29,TGGAA,15,Skin,female,NA,months
15m-10-Skin,TS-Skin-Pool1,mm10,BS,30,ATGAG,15,Skin,male,NA,months
3m-11-Skin,TS-Skin-Pool1,mm10,BS,31,TTAGG,3,Skin,female,NA,months
3m-12-Skin,TS-Skin-Pool1,mm10,BS,32,TGAGG,3,Skin,female,NA,months
3m-13-Skin,TS-Skin-Pool1,mm10,BS,33,AGAGT,3,Skin,female,NA,months
3m-14-Skin,TS-Skin-Pool1,mm10,BS,34,GAGAT,3,Skin,female,NA,months
3m-15-Skin,TS-Skin-Pool1,mm10,BS,35,AGTTG,3,Skin,female,NA,months
3m-16-Skin,TS-Skin-Pool1,mm10,BS,36,GATGA,3,Skin,female,NA,months
3m-17-Skin,TS-Skin-Pool1,mm10,BS,37,ATGTA,3,Skin,female,NA,months
3m-18-Skin,TS-Skin-Pool1,mm10,BS,38,AGATA,3,Skin,female,NA,months
3m-19-Skin,TS-Skin-Pool1,mm10,BS,39,TGAGT,3,Skin,female,NA,months
3m-20-Skin,TS-Skin-Pool1,mm10,BS,40,TGGTT,3,Skin,female,NA,months
9m-11-Skin,TS-Skin-Pool2,mm10,BS,1,AAAGA,9,Skin,female,NA,months
9m-12-Skin,TS-Skin-Pool2,mm10,BS,2,AAGTA,9,Skin,female,NA,months
9m-13-Skin,TS-Skin-Pool2,mm10,BS,3,AATTG,9,Skin,female,NA,months
9m-14-Skin,TS-Skin-Pool2,mm10,BS,4,AGATG,9,Skin,female,NA,months
9m-15-Skin,TS-Skin-Pool2,mm10,BS,5,AGGTT,9,Skin,female,NA,months
9m-16-Skin,TS-Skin-Pool2,mm10,BS,6,AGTAA,9,Skin,female,NA,months
9m-17-Skin,TS-Skin-Pool2,mm10,BS,7,ATTAG,9,Skin,female,NA,months
9m-18-Skin,TS-Skin-Pool2,mm10,BS,8,GTTGT,9,Skin,female,NA,months
9m-19-Skin,TS-Skin-Pool2,mm10,BS,9,AGTGA,9,Skin,female,NA,months
9m-20-Skin,TS-Skin-Pool2,mm10,BS,10,ATGTG,9,Skin,female,NA,months
15m-11-Skin,TS-Skin-Pool2,mm10,BS,11,GTAGA,15,Skin,female,NA,months
15m-12-Skin,TS-Skin-Pool2,mm10,BS,12,GTGGG,15,Skin,female,NA,months
15m-13-Skin,TS-Skin-Pool2,mm10,BS,13,GTGAA,15,Skin,female,NA,months
15m-14-Skin,TS-Skin-Pool2,mm10,BS,14,GTTTG,15,Skin,female,NA,months
15m-15-Skin,TS-Skin-Pool2,mm10,BS,15,GAGTG,15,Skin,female,NA,months
15m-16-Skin,TS-Skin-Pool2,mm10,BS,16,ATTGG,15,Skin,female,NA,months
15m-17-Skin,TS-Skin-Pool2,mm10,BS,17,GAAGT,15,Skin,female,NA,months
15m-18-Skin,TS-Skin-Pool2,mm10,BS,18,GAGGG,15,Skin,female,NA,months
15m-19-Skin,TS-Skin-Pool2,mm10,BS,19,GAGGA,15,Skin,female,NA,months
15m-20-Skin,TS-Skin-Pool2,mm10,BS,20,GATGG,15,Skin,female,NA,months
20m-11-Skin,TS-Skin-Pool2,mm10,BS,21,GATTT,20,Skin,female,NA,months
20m-12-Skin,TS-Skin-Pool2,mm10,BS,22,GTAGG,20,Skin,female,NA,months
20m-13-Skin,TS-Skin-Pool2,mm10,BS,23,GTATA,20,Skin,female,NA,months
20m-14-Skin,TS-Skin-Pool2,mm10,BS,24,GTGAG,20,Skin,female,NA,months
20m-15-Skin,TS-Skin-Pool2,mm10,BS,50,TTAAG,20,Skin,female,NA,months
20m-16-Skin,TS-Skin-Pool2,mm10,BS,26,TAGAG,20,Skin,female,NA,months
20m-17-Skin,TS-Skin-Pool2,mm10,BS,27,TATAA,20,Skin,female,NA,months
20m-18-Skin,TS-Skin-Pool2,mm10,BS,28,TGATT,20,Skin,female,NA,months
20m-19-Skin,TS-Skin-Pool2,mm10,BS,29,TGGAA,20,Skin,female,NA,months
20m-20-Skin,TS-Skin-Pool2,mm10,BS,30,ATGAG,20,Skin,female,NA,months
20m-1-Skin,TS-Skin-Pool2,mm10,BS,31,TTAGG,20,Skin,male,NA,months
20m-2-Skin,TS-Skin-Pool2,mm10,BS,32,TGAGG,20,Skin,female,NA,months
20m-3-Skin,TS-Skin-Pool2,mm10,BS,33,AGAGT,20,Skin,female,NA,months
20m-4-Skin,TS-Skin-Pool2,mm10,BS,34,GAGAT,20,Skin,female,NA,months
20m-5-Skin,TS-Skin-Pool2,mm10,BS,35,AGTTG,20,Skin,female,NA,months
20m-6-Skin,TS-Skin-Pool2,mm10,BS,36,GATGA,20,Skin,female,NA,months
20m-7-Skin,TS-Skin-Pool2,mm10,BS,37,ATGTA,20,Skin,female,NA,months
20m-8-Skin,TS-Skin-Pool2,mm10,BS,38,AGATA,20,Skin,female,NA,months
20m-9-Skin,TS-Skin-Pool2,mm10,BS,39,TGAGT,20,Skin,female,NA,months
20m-10-Skin,TS-Skin-Pool2,mm10,BS,40,TGGTT,20,Skin,male,NA,months
3m-1-WAT,TS-WAT-Pool1,mm10,BS,1,AAAGA,3,WAT,male,NA,months
3m-2-WAT,TS-WAT-Pool1,mm10,BS,2,AAGTA,3,WAT,female,NA,months
3m-3-WAT,TS-WAT-Pool1,mm10,BS,3,AATTG,3,WAT,female,NA,months
3m-4-WAT,TS-WAT-Pool1,mm10,BS,4,AGATG,3,WAT,female,NA,months
3m-5-WAT,TS-WAT-Pool1,mm10,BS,5,AGGTT,3,WAT,female,NA,months
3m-6-WAT,TS-WAT-Pool1,mm10,BS,6,AGTAA,3,WAT,female,NA,months
3m-7-WAT,TS-WAT-Pool1,mm10,BS,7,ATTAG,3,WAT,female,NA,months
3m-8-WAT,TS-WAT-Pool1,mm10,BS,8,GTTGT,3,WAT,female,NA,months
3m-9-WAT,TS-WAT-Pool1,mm10,BS,9,AGTGA,3,WAT,female,NA,months
3m-10-WAT,TS-WAT-Pool1,mm10,BS,10,ATGTG,3,WAT,male,NA,months
9m-1-WAT,TS-WAT-Pool1,mm10,BS,11,GTAGA,9,WAT,male,NA,months
9m-2-WAT,TS-WAT-Pool1,mm10,BS,12,GTGGG,9,WAT,female,NA,months
9m-3-WAT,TS-WAT-Pool1,mm10,BS,13,GTGAA,9,WAT,female,NA,months
9m-4-WAT,TS-WAT-Pool1,mm10,BS,14,GTTTG,9,WAT,female,NA,months
9m-5-WAT,TS-WAT-Pool1,mm10,BS,15,GAGTG,9,WAT,female,NA,months
9m-6-WAT,TS-WAT-Pool1,mm10,BS,16,ATTGG,9,WAT,female,NA,months
9m-7-WAT,TS-WAT-Pool1,mm10,BS,17,GAAGT,9,WAT,female,NA,months
9m-8-WAT,TS-WAT-Pool1,mm10,BS,18,GAGGG,9,WAT,female,NA,months
9m-9-WAT,TS-WAT-Pool1,mm10,BS,19,GAGGA,9,WAT,female,NA,months
9m-10-WAT,TS-WAT-Pool1,mm10,BS,20,GATGG,9,WAT,male,NA,months
15m-1-WAT,TS-WAT-Pool1,mm10,BS,21,GATTT,15,WAT,male,NA,months
15m-2-WAT,TS-WAT-Pool1,mm10,BS,22,GTAGG,15,WAT,female,NA,months
15m-3-WAT,TS-WAT-Pool1,mm10,BS,23,GTATA,15,WAT,female,NA,months
15m-4-WAT,TS-WAT-Pool1,mm10,BS,24,GTGAG,15,WAT,female,NA,months
15m-5-WAT,TS-WAT-Pool1,mm10,BS,50,TTAAG,15,WAT,female,NA,months
15m-6-WAT,TS-WAT-Pool1,mm10,BS,26,TAGAG,15,WAT,female,NA,months
15m-7-WAT,TS-WAT-Pool1,mm10,BS,27,TATAA,15,WAT,female,NA,months
15m-8-WAT,TS-WAT-Pool1,mm10,BS,28,TGATT,15,WAT,female,NA,months
15m-9-WAT,TS-WAT-Pool1,mm10,BS,29,TGGAA,15,WAT,female,NA,months
15m-10-WAT,TS-WAT-Pool1,mm10,BS,30,ATGAG,15,WAT,male,NA,months
3m-11-WAT,TS-WAT-Pool1,mm10,BS,31,TTAGG,3,WAT,female,NA,months
3m-12-WAT,TS-WAT-Pool1,mm10,BS,32,TGAGG,3,WAT,female,NA,months
3m-13-WAT,TS-WAT-Pool1,mm10,BS,33,AGAGT,3,WAT,female,NA,months
3m-14-WAT,TS-WAT-Pool1,mm10,BS,34,GAGAT,3,WAT,female,NA,months
3m-15-WAT,TS-WAT-Pool1,mm10,BS,35,AGTTG,3,WAT,female,NA,months
3m-16-WAT,TS-WAT-Pool1,mm10,BS,36,GATGA,3,WAT,female,NA,months
3m-17-WAT,TS-WAT-Pool1,mm10,BS,37,ATGTA,3,WAT,female,NA,months
3m-18-WAT,TS-WAT-Pool1,mm10,BS,38,AGATA,3,WAT,female,NA,months
3m-19-WAT,TS-WAT-Pool1,mm10,BS,39,TGAGT,3,WAT,female,NA,months
3m-20-WAT,TS-WAT-Pool1,mm10,BS,40,TGGTT,3,WAT,female,NA,months
