pool_ID,sample_ID,genome,bisulfite,barcode_N,barcode_oligo,barcode,sex,age,tissue
TS-Muscle-Pool-1,Muscle_1.1,mm10,BS,17,TS317,GAAGT,female,6,Muscle
TS-Muscle-Pool-1,Muscle_1.2,mm10,BS,18,TS318,GAGGG,female,6,Muscle
TS-Muscle-Pool-1,Muscle_1.3,mm10,BS,19,TS319,GAGGA,female,6,Muscle
TS-Muscle-Pool-1,Muscle_1.5,mm10,BS,20,TS320,GATGG,female,6,Muscle
TS-Muscle-Pool-1,Muscle_2.2,mm10,BS,21,TS321,GATTT,female,6,Muscle
TS-Muscle-Pool-1,Muscle_2.3,mm10,BS,22,TS322,GTAGG,female,6,Muscle
TS-Muscle-Pool-1,Muscle_3.1,mm10,BS,23,TS323,GTATA,female,12,Muscle
TS-Muscle-Pool-1,Muscle_3.3,mm10,BS,24,TS324,GTGAG,female,12,Muscle
TS-Muscle-Pool-1,Muscle_3.5,mm10,BS,25,TS325,TAATG,female,12,Muscle
TS-Muscle-Pool-1,Muscle_4.1,mm10,BS,26,TS326,TAGAG,female,12,Muscle
TS-Muscle-Pool-1,Muscle_4.2,mm10,BS,27,TS327,TATAA,female,12,Muscle
TS-Muscle-Pool-1,Muscle_4.4,mm10,BS,28,TS328,TGATT,female,12,Muscle
TS-Muscle-Pool-1,Muscle_5.3,mm10,BS,29,TS329,TGGAA,female,18,Muscle
TS-Muscle-Pool-1,Muscle_5.4,mm10,BS,30,TS330,ATGAG,female,18,Muscle
TS-Muscle-Pool-1,Muscle_5.5,mm10,BS,31,TS331,TTAGG,female,18,Muscle
TS-Muscle-Pool-1,Muscle_6.2,mm10,BS,32,TS332,TGAGG,female,18,Muscle
TS-Muscle-Pool-1,Muscle_6.3,mm10,BS,33,TS333,AGAGT,female,18,Muscle
TS-Muscle-Pool-1,Muscle_7.4,mm10,BS,34,TS334,GAGAT,female,24,Muscle
TS-Muscle-Pool-1,Muscle_7.5,mm10,BS,35,TS335,AGTTG,female,24,Muscle
TS-Muscle-Pool-1,Muscle_8.2,mm10,BS,36,TS336,GATGA,female,24,Muscle
TS-Muscle-Pool-1,Muscle_9.1,mm10,BS,37,TS337,ATGTA,female,24,Muscle
TS-Muscle-Pool-1,Muscle_9.3,mm10,BS,38,TS338,AGATA,female,24,Muscle
TS-Muscle-Pool-1,Muscle_1078.3,mm10,BS,39,TS339,TGAGT,male,10.3,Muscle
TS-Muscle-Pool-1,Muscle_1080.2,mm10,BS,40,TS340,TGGTT,male,10.7,Muscle
TS-Muscle-Pool-1,Muscle_1080.4,mm10,BS,41,TS341,AATAT,male,10.7,Muscle
TS-Muscle-Pool-1,Muscle_1082.1,mm10,BS,42,TS342,ATAAG,male,11.2,Muscle
TS-Muscle-Pool-1,Muscle_1083.1,mm10,BS,43,TS343,AGTAT,male,11.3,Muscle
TS-Muscle-Pool-1,Muscle_1087.3,mm10,BS,44,TS344,TGTTG,male,11,Muscle
TS-Muscle-Pool-1,Muscle_1089.2,mm10,BS,45,TS345,GATAG,male,10.8,Muscle
TS-Muscle-Pool-1,Muscle_1089.3,mm10,BS,46,TS346,TAGTG,male,10.8,Muscle
TS-Muscle-Pool-1,Muscle_1090.1,mm10,BS,47,TS347,GGTAT,male,10.4,Muscle
TS-Muscle-Pool-1,Muscle_A2-4,mm10,BS,48,TS348,GTATG,male,6,Muscle
TS-Muscle-Pool-1,Muscle_A4-3,mm10,BS,49,TS349,AGGAG,male,12,Muscle
TS-Muscle-Pool-1,Muscle_A5-1,mm10,BS,50,TS350,TTAAG,male,12,Muscle
TS-Muscle-Pool-1,Muscle_A5-3,mm10,BS,51,TS351,AGGTG,male,12,Muscle
TS-Muscle-Pool-1,Muscle_A6-1,mm10,BS,52,TS352,GGAAG,male,12,Muscle
TS-Muscle-Pool-1,Muscle_A6-2,mm10,BS,53,TS353,GTGTA,male,12,Muscle
TS-Muscle-Pool-1,Muscle_A6-3,mm10,BS,54,TS354,TAAGA,male,12,Muscle
TS-Muscle-Pool-1,Muscle_A7-1,mm10,BS,55,TS355,ATGGT,male,18,Muscle
TS-Muscle-Pool-1,Muscle_A7-2,mm10,BS,56,TS356,AGAGG,male,18,Muscle
TS-Muscle-Pool-1,Muscle_A8-2,mm10,BS,57,TS357,GTGGT,male,18,Muscle
TS-Muscle-Pool-1,Muscle_A8-3,mm10,BS,58,TS358,AGTTA,male,18,Muscle
TS-Muscle-Pool-1,Muscle_A9-3,mm10,BS,59,TS359,GTAAG,male,18,Muscle
TS-Muscle-Pool-1,Lambda,Enterobacteriophage_lambda,BS,12,TS312,GTGGG,NA,NA,NA
TS-Muscle-Pool-2,Muscle_A10-2,mm10,BS,17,TS317,GAAGT,male,24,Muscle
TS-Muscle-Pool-2,Muscle_D1.4,mm10,BS,18,TS318,GAGGG,female,16.5,Muscle
TS-Muscle-Pool-2,Muscle_D2.1,mm10,BS,19,TS319,GAGGA,female,16.5,Muscle
TS-Muscle-Pool-2,Muscle_D3.1,mm10,BS,20,TS320,GATGG,female,16.5,Muscle
TS-Muscle-Pool-2,Muscle_D3.2,mm10,BS,21,TS321,GATTT,female,16.5,Muscle
TS-Muscle-Pool-2,Muscle_D3.3,mm10,BS,22,TS322,GTAGG,female,16.5,Muscle
TS-Muscle-Pool-2,Muscle_D4.1,mm10,BS,23,TS323,GTATA,female,16.5,Muscle
TS-Muscle-Pool-2,Muscle_D5.1,mm10,BS,24,TS324,GTGAG,female,22.5,Muscle
TS-Muscle-Pool-2,Muscle_D6.1,mm10,BS,25,TS325,TAATG,female,22.5,Muscle
TS-Muscle-Pool-2,Muscle_D6.2,mm10,BS,26,TS326,TAGAG,female,22.5,Muscle
TS-Muscle-Pool-2,Muscle_D6.3,mm10,BS,27,TS327,TATAA,female,22.5,Muscle
TS-Muscle-Pool-2,Muscle_D7.1,mm10,BS,28,TS328,TGATT,female,22.5,Muscle
TS-Muscle-Pool-2,Muscle_D7.3,mm10,BS,29,TS329,TGGAA,female,22.5,Muscle
TS-Muscle-Pool-2,Muscle_D7.4,mm10,BS,30,TS330,ATGAG,female,22.5,Muscle
TS-Muscle-Pool-2,Muscle_D8.1,mm10,BS,31,TS331,TTAGG,female,22.5,Muscle
TS-Muscle-Pool-2,Muscle_D9.1,mm10,BS,32,TS332,TGAGG,female,28.5,Muscle
TS-Muscle-Pool-2,Muscle_D9.2,mm10,BS,33,TS333,AGAGT,female,28.5,Muscle
TS-Muscle-Pool-2,Muscle_D9.4,mm10,BS,34,TS334,GAGAT,female,28.5,Muscle
TS-Muscle-Pool-2,Muscle_D10.1,mm10,BS,35,TS335,AGTTG,female,28.5,Muscle
TS-Muscle-Pool-2,Muscle_D12.2,mm10,BS,36,TS336,GATGA,female,28.5,Muscle
TS-Muscle-Pool-2,Muscle_D12.3,mm10,BS,37,TS337,ATGTA,female,28.5,Muscle
TS-Muscle-Pool-2,Muscle_D13.1,mm10,BS,38,TS338,AGATA,male,16.5,Muscle
TS-Muscle-Pool-2,Muscle_D13.2,mm10,BS,39,TS339,TGAGT,male,16.5,Muscle
TS-Muscle-Pool-2,Muscle_D14.1,mm10,BS,40,TS340,TGGTT,male,16.5,Muscle
TS-Muscle-Pool-2,Muscle_D14.2,mm10,BS,41,TS341,AATAT,male,16.5,Muscle
TS-Muscle-Pool-2,Muscle_D14.3,mm10,BS,42,TS342,ATAAG,male,16.5,Muscle
TS-Muscle-Pool-2,Muscle_D15.1,mm10,BS,43,TS343,AGTAT,male,16.5,Muscle
TS-Muscle-Pool-2,Muscle_D16.1,mm10,BS,44,TS344,TGTTG,male,16.5,Muscle
TS-Muscle-Pool-2,Muscle_D16.2,mm10,BS,45,TS345,GATAG,male,16.5,Muscle
TS-Muscle-Pool-2,Muscle_D18.1,mm10,BS,46,TS346,TAGTG,male,22.5,Muscle
TS-Muscle-Pool-2,Muscle_D18.2,mm10,BS,47,TS347,GGTAT,male,22.5,Muscle
TS-Muscle-Pool-2,Muscle_D18.3,mm10,BS,48,TS348,GTATG,male,22.5,Muscle
TS-Muscle-Pool-2,Muscle_D19.1,mm10,BS,49,TS349,AGGAG,male,22.5,Muscle
TS-Muscle-Pool-2,Muscle_D20.1,mm10,BS,50,TS350,TTAAG,male,22.5,Muscle
TS-Muscle-Pool-2,Muscle_D20.2,mm10,BS,51,TS351,AGGTG,male,22.5,Muscle
TS-Muscle-Pool-2,Muscle_D21.1,mm10,BS,52,TS352,GGAAG,male,28.5,Muscle
TS-Muscle-Pool-2,Muscle_D24.1,mm10,BS,53,TS353,GTGTA,male,28.5,Muscle
TS-Muscle-Pool-2,Muscle_D25.1,mm10,BS,54,TS354,TAAGA,male,28.5,Muscle
TS-Muscle-Pool-2,Muscle_D25.3,mm10,BS,55,TS355,ATGGT,male,28.5,Muscle
TS-Muscle-Pool-2,Muscle_D26.1,mm10,BS,56,TS356,AGAGG,male,28.5,Muscle
TS-Muscle-Pool-2,Muscle_D26.2,mm10,BS,57,TS357,GTGGT,male,28.5,Muscle
TS-Muscle-Pool-2,Muscle_D27.2,mm10,BS,58,TS358,AGTTA,female,29.6,Muscle
TS-Muscle-Pool-2,Muscle_D27.3,mm10,BS,59,TS359,GTAAG,female,29.6,Muscle
TS-Muscle-Pool-2,Lambda,Enterobacteriophage_lambda,BS,12,TS312,GTGGG,NA,NA,NA
TS-Muscle-Pool-3,Muscle_D30.2,mm10,BS,17,TS317,GAAGT,female,29.6,Muscle
TS-Muscle-Pool-3,Muscle_O1.1,mm10,BS,18,TS318,GAGGG,male,30,Muscle
TS-Muscle-Pool-3,Muscle_O2.1,mm10,BS,19,TS319,GAGGA,male,30,Muscle
TS-Muscle-Pool-3,Muscle_O4.2,mm10,BS,20,TS320,GATGG,male,30,Muscle
TS-Muscle-Pool-3,Muscle_O4.3,mm10,BS,21,TS321,GATTT,male,30,Muscle
TS-Muscle-Pool-3,Muscle_O5.3,mm10,BS,22,TS322,GTAGG,male,30,Muscle
TS-Muscle-Pool-3,Muscle_O7.2,mm10,BS,23,TS323,GTATA,male,30,Muscle
TS-Muscle-Pool-3,Muscle_O8.1,mm10,BS,24,TS324,GTGAG,male,30,Muscle
TS-Muscle-Pool-3,Muscle_O9.2,mm10,BS,25,TS325,TAATG,male,30,Muscle
TS-Muscle-Pool-3,Muscle_O10.1,mm10,BS,26,TS326,TAGAG,male,30,Muscle
TS-Muscle-Pool-3,Muscle_O11.1,mm10,BS,27,TS327,TATAA,female,30,Muscle
TS-Muscle-Pool-3,Muscle_O12.2,mm10,BS,28,TS328,TGATT,female,30,Muscle
TS-Muscle-Pool-3,Muscle_O13.2,mm10,BS,29,TS329,TGGAA,female,30,Muscle
TS-Muscle-Pool-3,Muscle_O14.1,mm10,BS,30,TS330,ATGAG,female,30,Muscle
TS-Muscle-Pool-3,Muscle_O14.2,mm10,BS,31,TS331,TTAGG,female,30,Muscle
TS-Muscle-Pool-3,Muscle_O14.5,mm10,BS,32,TS332,TGAGG,female,30,Muscle
TS-Muscle-Pool-3,Muscle_O15.2,mm10,BS,33,TS333,AGAGT,female,30,Muscle
TS-Muscle-Pool-3,Muscle_O16.3,mm10,BS,34,TS334,GAGAT,female,30,Muscle
TS-Muscle-Pool-3,Muscle_TS1,mm10,BS,35,TS335,AGTTG,male,6,Muscle
TS-Muscle-Pool-3,Muscle_TS2,mm10,BS,36,TS336,GATGA,male,6,Muscle
TS-Muscle-Pool-3,Muscle_TS3,mm10,BS,37,TS337,ATGTA,male,6,Muscle
TS-Muscle-Pool-3,Muscle_TS4,mm10,BS,38,TS338,AGATA,male,12,Muscle
TS-Muscle-Pool-3,Muscle_TS5,mm10,BS,39,TS339,TGAGT,male,12,Muscle
TS-Muscle-Pool-3,Muscle_TS6,mm10,BS,40,TS340,TGGTT,male,12,Muscle
TS-Muscle-Pool-3,Muscle_TS7,mm10,BS,41,TS341,AATAT,male,18,Muscle
TS-Muscle-Pool-3,Muscle_TS8,mm10,BS,42,TS342,ATAAG,male,18,Muscle
TS-Muscle-Pool-3,Muscle_TS9,mm10,BS,43,TS343,AGTAT,male,18,Muscle
TS-Muscle-Pool-3,Muscle_TS10,mm10,BS,44,TS344,TGTTG,male,18,Muscle
TS-Muscle-Pool-3,Muscle_TS11,mm10,BS,45,TS345,GATAG,male,24,Muscle
TS-Muscle-Pool-3,Muscle_TS12,mm10,BS,46,TS346,TAGTG,male,24,Muscle
TS-Muscle-Pool-3,Muscle_TS13,mm10,BS,47,TS347,GGTAT,male,24,Muscle
TS-Muscle-Pool-3,Muscle_TS14,mm10,BS,48,TS348,GTATG,male,24,Muscle
TS-Muscle-Pool-3,Muscle_TS15,mm10,BS,49,TS349,AGGAG,male,24,Muscle
TS-Muscle-Pool-3,Muscle_TS16,mm10,BS,50,TS350,TTAAG,male,6,Muscle
TS-Muscle-Pool-3,Muscle_TS17,mm10,BS,51,TS351,AGGTG,male,6,Muscle
TS-Muscle-Pool-3,Muscle_TS18,mm10,BS,52,TS352,GGAAG,male,6,Muscle
TS-Muscle-Pool-3,Muscle_TS21,mm10,BS,53,TS353,GTGTA,male,12,Muscle
TS-Muscle-Pool-3,Muscle_TS22,mm10,BS,54,TS354,TAAGA,male,18,Muscle
TS-Muscle-Pool-3,Muscle_TS23,mm10,BS,55,TS355,ATGGT,male,18,Muscle
TS-Muscle-Pool-3,Muscle_TS25,mm10,BS,56,TS356,AGAGG,male,18,Muscle
TS-Muscle-Pool-3,Muscle_TS26,mm10,BS,57,TS357,GTGGT,male,24,Muscle
TS-Muscle-Pool-3,Muscle_TS27,mm10,BS,58,TS358,AGTTA,male,24,Muscle
TS-Muscle-Pool-3,Lambda,Enterobacteriophage_lambda,BS,12,TS312,GTGGG,NA,NA,NA
TS-Muscle-Pool-4,Muscle_TS28,mm10,BS,17,TS317,GAAGT,male,24,Muscle
TS-Muscle-Pool-4,Muscle_TS29,mm10,BS,18,TS318,GAGGG,male,24,Muscle
TS-Muscle-Pool-4,Muscle_TS30,mm10,BS,19,TS319,GAGGA,male,24,Muscle
TS-Muscle-Pool-4,Muscle_v1.1,mm10,BS,20,TS320,GATGG,female,3,Muscle
TS-Muscle-Pool-4,Muscle_v1.3,mm10,BS,21,TS321,GATTT,female,3,Muscle
TS-Muscle-Pool-4,Muscle_v2.1,mm10,BS,22,TS322,GTAGG,female,3,Muscle
TS-Muscle-Pool-4,Muscle_v2.2,mm10,BS,23,TS323,GTATA,female,3,Muscle
TS-Muscle-Pool-4,Muscle_v2.3,mm10,BS,24,TS324,GTGAG,female,3,Muscle
TS-Muscle-Pool-4,Muscle_v3.1,mm10,BS,25,TS325,TAATG,female,6,Muscle
TS-Muscle-Pool-4,Muscle_v3.2,mm10,BS,26,TS326,TAGAG,female,6,Muscle
TS-Muscle-Pool-4,Muscle_v3.4,mm10,BS,27,TS327,TATAA,female,6,Muscle
TS-Muscle-Pool-4,Muscle_v4.2,mm10,BS,28,TS328,TGATT,female,6,Muscle
TS-Muscle-Pool-4,Muscle_v5.1,mm10,BS,29,TS329,TGGAA,female,12,Muscle
TS-Muscle-Pool-4,Muscle_v5.2,mm10,BS,30,TS330,ATGAG,female,12,Muscle
TS-Muscle-Pool-4,Muscle_v5.3,mm10,BS,31,TS331,TTAGG,female,12,Muscle
TS-Muscle-Pool-4,Muscle_v6.1,mm10,BS,32,TS332,TGAGG,female,12,Muscle
TS-Muscle-Pool-4,Muscle_v6.3,mm10,BS,33,TS333,AGAGT,female,12,Muscle
TS-Muscle-Pool-4,Muscle_v7.1,mm10,BS,34,TS334,GAGAT,female,18,Muscle
TS-Muscle-Pool-4,Muscle_v7.2,mm10,BS,35,TS335,AGTTG,female,18,Muscle
TS-Muscle-Pool-4,Muscle_v8.2,mm10,BS,36,TS336,GATGA,female,18,Muscle
TS-Muscle-Pool-4,Muscle_v8.3,mm10,BS,37,TS337,ATGTA,female,18,Muscle
TS-Muscle-Pool-4,Muscle_v9.1,mm10,BS,38,TS338,AGATA,female,24,Muscle
TS-Muscle-Pool-4,Muscle_v9.2,mm10,BS,39,TS339,TGAGT,female,24,Muscle
TS-Muscle-Pool-4,Muscle_v9.3,mm10,BS,40,TS340,TGGTT,female,24,Muscle
TS-Muscle-Pool-4,Muscle_v9.4,mm10,BS,41,TS341,AATAT,female,24,Muscle
TS-Muscle-Pool-4,Muscle_v10.1,mm10,BS,42,TS342,ATAAG,female,24,Muscle
TS-Muscle-Pool-4,Muscle_v10.2,mm10,BS,43,TS343,AGTAT,female,24,Muscle
TS-Muscle-Pool-4,Muscle_Y40.1,mm10,BS,44,TS344,TGTTG,male,4,Muscle
TS-Muscle-Pool-4,Muscle_Y40.2,mm10,BS,45,TS345,GATAG,male,4,Muscle
TS-Muscle-Pool-4,Muscle_Y41.1,mm10,BS,46,TS346,TAGTG,male,4,Muscle
TS-Muscle-Pool-4,Muscle_Y41.2,mm10,BS,47,TS347,GGTAT,male,4,Muscle
TS-Muscle-Pool-4,Muscle_A50.1,mm10,BS,48,TS348,GTATG,male,10,Muscle
TS-Muscle-Pool-4,Muscle_A50.2,mm10,BS,49,TS349,AGGAG,male,10,Muscle
TS-Muscle-Pool-4,Muscle_A50.3,mm10,BS,50,TS350,TTAAG,male,10,Muscle
TS-Muscle-Pool-4,Muscle_A50.4,mm10,BS,51,TS351,AGGTG,male,10,Muscle
TS-Muscle-Pool-4,Muscle_A55.1,mm10,BS,52,TS352,GGAAG,male,10,Muscle
TS-Muscle-Pool-4,Muscle_A55.2,mm10,BS,53,TS353,GTGTA,male,10,Muscle
TS-Muscle-Pool-4,Muscle_A55.3,mm10,BS,54,TS354,TAAGA,male,10,Muscle
TS-Muscle-Pool-4,Muscle_A55.4,mm10,BS,55,TS355,ATGGT,male,10,Muscle
TS-Muscle-Pool-4,Muscle_A57.1,mm10,BS,56,TS356,AGAGG,male,10,Muscle
TS-Muscle-Pool-4,Muscle_A57.2,mm10,BS,57,TS357,GTGGT,male,10,Muscle
TS-Muscle-Pool-4,Lambda,Enterobacteriophage_lambda,BS,12,TS312,GTGGG,NA,NA,NA
