barcode,pool_ID,sample_ID,genome,bisulfite,barcode_N,barcode_oligo,age,age_units,sex,exclude
AAAGA,TS-rDNA-clock_rDNABaits_Pool1,168,rDNA_mouse,BS,1,TS301,99,weeks,Female,NA
AAGTA,TS-rDNA-clock_rDNABaits_Pool1,256,rDNA_mouse,BS,2,TS302,53,weeks,Male,NA
AATTG,TS-rDNA-clock_rDNABaits_Pool1,187,rDNA_mouse,BS,3,TS303,79,weeks,Female,NA
AGATG,TS-rDNA-clock_rDNABaits_Pool1,73,rDNA_mouse,BS,4,TS304,129,weeks,Male,NA
AGGTT,TS-rDNA-clock_rDNABaits_Pool1,227,rDNA_mouse,BS,5,TS305,68,weeks,Male,NA
AGTAA,TS-rDNA-clock_rDNABaits_Pool1,296,rDNA_mouse,BS,6,TS306,20,weeks,Female,NA
ATTAG,TS-rDNA-clock_rDNABaits_Pool1,198,rDNA_mouse,BS,7,TS307,78,weeks,Female,NA
GTTGT,TS-rDNA-clock_rDNABaits_Pool1,79,rDNA_mouse,BS,8,TS308,129,weeks,Male,NA
AGTGA,TS-rDNA-clock_rDNABaits_Pool1,166,rDNA_mouse,BS,9,TS309,99,weeks,Female,NA
ATGTG,TS-rDNA-clock_rDNABaits_Pool1,320,rDNA_mouse,BS,10,TS310,9,weeks,Female,NA
GTGAA,TS-rDNA-clock_rDNABaits_Pool1,317,rDNA_mouse,BS,13,TS313,9,weeks,Male,NA
GTTTG,TS-rDNA-clock_rDNABaits_Pool1,336,rDNA_mouse,BS,14,TS314,65,weeks,Male,NA
GAGTG,TS-rDNA-clock_rDNABaits_Pool1,269,rDNA_mouse,BS,15,TS315,40,weeks,Female,NA
ATTGG,TS-rDNA-clock_rDNABaits_Pool1,288,rDNA_mouse,BS,16,TS316,20,weeks,Female,NA
GAAGT,TS-rDNA-clock_rDNABaits_Pool1,346,rDNA_mouse,BS,17,TS317,60,weeks,Male,NA
GAGGG,TS-rDNA-clock_rDNABaits_Pool1,285,rDNA_mouse,BS,18,TS318,20,weeks,Female,NA
GAGGA,TS-rDNA-clock_rDNABaits_Pool1,266,rDNA_mouse,BS,19,TS319,37,weeks,Female,NA
GATGG,TS-rDNA-clock_rDNABaits_Pool1,364,rDNA_mouse,BS,20,TS320,88,weeks,Male,NA
GATTT,TS-rDNA-clock_rDNABaits_Pool1,258,rDNA_mouse,BS,21,TS321,53,weeks,Male,NA
GTAGG,TS-rDNA-clock_rDNABaits_Pool1,74,rDNA_mouse,BS,22,TS322,129,weeks,Male,NA
GTATA,TS-rDNA-clock_rDNABaits_Pool1,162,rDNA_mouse,BS,23,TS323,111,weeks,Female,NA
GTGAG,TS-rDNA-clock_rDNABaits_Pool1,220,rDNA_mouse,BS,24,TS324,82,weeks,Male,NA
TAATG,TS-rDNA-clock_rDNABaits_Pool1,165,rDNA_mouse,BS,25,TS325,111,weeks,Male,NA
TAGAG,TS-rDNA-clock_rDNABaits_Pool1,179,rDNA_mouse,BS,26,TS326,99,weeks,Female,NA
TATAA,TS-rDNA-clock_rDNABaits_Pool1,217,rDNA_mouse,BS,27,TS327,82,weeks,Male,NA
TGATT,TS-rDNA-clock_rDNABaits_Pool1,350,rDNA_mouse,BS,28,TS328,60,weeks,Male,NA
TGGAA,TS-rDNA-clock_rDNABaits_Pool1,223,rDNA_mouse,BS,29,TS329,82,weeks,Male,NA
ATGAG,TS-rDNA-clock_rDNABaits_Pool1,83,rDNA_mouse,BS,30,TS330,129,weeks,Male,NA
TTAGG,TS-rDNA-clock_rDNABaits_Pool1,218,rDNA_mouse,BS,31,TS331,82,weeks,Male,NA
TGAGG,TS-rDNA-clock_rDNABaits_Pool1,291,rDNA_mouse,BS,32,TS332,20,weeks,Male,NA
AGAGT,TS-rDNA-clock_rDNABaits_Pool1,207,rDNA_mouse,BS,33,TS333,82,weeks,Female,NA
GAGAT,TS-rDNA-clock_rDNABaits_Pool1,344,rDNA_mouse,BS,34,TS334,60,weeks,Male,NA
AGTTG,TS-rDNA-clock_rDNABaits_Pool1,260,rDNA_mouse,BS,35,TS335,51,weeks,Female,NA
GATGA,TS-rDNA-clock_rDNABaits_Pool1,267,rDNA_mouse,BS,36,TS336,40,weeks,Female,NA
ATGTA,TS-rDNA-clock_rDNABaits_Pool1,234,rDNA_mouse,BS,37,TS337,68,weeks,Male,NA
AGATA,TS-rDNA-clock_rDNABaits_Pool1,352,rDNA_mouse,BS,38,TS338,88,weeks,Male,NA
TGAGT,TS-rDNA-clock_rDNABaits_Pool1,314,rDNA_mouse,BS,39,TS339,9,weeks,Male,NA
TGGTT,TS-rDNA-clock_rDNABaits_Pool1,204,rDNA_mouse,BS,40,TS340,78,weeks,Male,NA
AATAT,TS-rDNA-clock_rDNABaits_Pool1,194,rDNA_mouse,BS,41,TS341,79,weeks,Female,NA
ATAAG,TS-rDNA-clock_rDNABaits_Pool1,46,rDNA_mouse,BS,42,TS342,141,weeks,Male,NA
AGTAT,TS-rDNA-clock_rDNABaits_Pool1,237,rDNA_mouse,BS,43,TS343,67,weeks,Male,NA
TGTTG,TS-rDNA-clock_rDNABaits_Pool1,184,rDNA_mouse,BS,44,TS344,100,weeks,Male,NA
GATAG,TS-rDNA-clock_rDNABaits_Pool1,302,rDNA_mouse,BS,45,TS345,38,weeks,Male,NA
TAGTG,TS-rDNA-clock_rDNABaits_Pool1,340,rDNA_mouse,BS,46,TS346,65,weeks,Male,NA
GGTAT,TS-rDNA-clock_rDNABaits_Pool1,306,rDNA_mouse,BS,47,TS347,9,weeks,Female,NA
GTATG,TS-rDNA-clock_rDNABaits_Pool1,321,rDNA_mouse,BS,48,TS348,9,weeks,Female,NA
AGGAG,TS-rDNA-clock_rDNABaits_Pool1,86,rDNA_mouse,BS,49,TS349,129,weeks,Male,NA
TTAAG,TS-rDNA-clock_rDNABaits_Pool1,366,rDNA_mouse,BS,50,TS350,88,weeks,Female,NA
AGGTG,TS-rDNA-clock_rDNABaits_Pool1,Lambda_Phage_1,Enterobacteriophage_lambda,BS,51,TS351,NA,NA,NA,NA
AAAGA,TS-rDNA-clock_rDNABaits_Pool2,148,rDNA_mouse,BS,1,TS301,111,weeks,Male,NA
AAGTA,TS-rDNA-clock_rDNABaits_Pool2,186,rDNA_mouse,BS,2,TS302,79,weeks,Female,NA
AATTG,TS-rDNA-clock_rDNABaits_Pool2,262,rDNA_mouse,BS,3,TS303,50,weeks,Female,NA
AGATG,TS-rDNA-clock_rDNABaits_Pool2,261,rDNA_mouse,BS,4,TS304,51,weeks,Female,NA
AGGTT,TS-rDNA-clock_rDNABaits_Pool2,257,rDNA_mouse,BS,5,TS305,53,weeks,Female,NA
AGTAA,TS-rDNA-clock_rDNABaits_Pool2,315,rDNA_mouse,BS,6,TS306,9,weeks,Male,NA
ATTAG,TS-rDNA-clock_rDNABaits_Pool2,196,rDNA_mouse,BS,7,TS307,79,weeks,Male,NA
GTTGT,TS-rDNA-clock_rDNABaits_Pool2,84,rDNA_mouse,BS,8,TS308,129,weeks,Male,NA
AGTGA,TS-rDNA-clock_rDNABaits_Pool2,337,rDNA_mouse,BS,9,TS309,65,weeks,Male,NA
ATGTG,TS-rDNA-clock_rDNABaits_Pool2,339,rDNA_mouse,BS,10,TS310,65,weeks,Male,NA
GTGAA,TS-rDNA-clock_rDNABaits_Pool2,311,rDNA_mouse,BS,13,TS313,9,weeks,Female,NA
GTTTG,TS-rDNA-clock_rDNABaits_Pool2,287,rDNA_mouse,BS,14,TS314,20,weeks,Female,NA
GAGTG,TS-rDNA-clock_rDNABaits_Pool2,240,rDNA_mouse,BS,15,TS315,67,weeks,Male,NA
ATTGG,TS-rDNA-clock_rDNABaits_Pool2,331,rDNA_mouse,BS,16,TS316,65,weeks,Male,NA
GAAGT,TS-rDNA-clock_rDNABaits_Pool2,335,rDNA_mouse,BS,17,TS317,65,weeks,Male,NA
GAGGG,TS-rDNA-clock_rDNABaits_Pool2,164,rDNA_mouse,BS,18,TS318,111,weeks,Female,NA
GAGGA,TS-rDNA-clock_rDNABaits_Pool2,353,rDNA_mouse,BS,19,TS319,88,weeks,Male,NA
GATGG,TS-rDNA-clock_rDNABaits_Pool2,255,rDNA_mouse,BS,20,TS320,53,weeks,Male,NA
GATTT,TS-rDNA-clock_rDNABaits_Pool2,191,rDNA_mouse,BS,21,TS321,79,weeks,Male,NA
GTAGG,TS-rDNA-clock_rDNABaits_Pool2,294,rDNA_mouse,BS,22,TS322,20,weeks,Female,NA
GTATA,TS-rDNA-clock_rDNABaits_Pool2,185,rDNA_mouse,BS,23,TS323,100,weeks,Male,NA
GTGAG,TS-rDNA-clock_rDNABaits_Pool2,292,rDNA_mouse,BS,24,TS324,20,weeks,Female,NA
TAATG,TS-rDNA-clock_rDNABaits_Pool2,233,rDNA_mouse,BS,25,TS325,68,weeks,Male,NA
TAGAG,TS-rDNA-clock_rDNABaits_Pool2,332,rDNA_mouse,BS,26,TS326,65,weeks,Male,NA
TATAA,TS-rDNA-clock_rDNABaits_Pool2,221,rDNA_mouse,BS,27,TS327,82,weeks,Male,x
TGATT,TS-rDNA-clock_rDNABaits_Pool2,286,rDNA_mouse,BS,28,TS328,20,weeks,Female,x
TGGAA,TS-rDNA-clock_rDNABaits_Pool2,78,rDNA_mouse,BS,29,TS329,129,weeks,Male,x
ATGAG,TS-rDNA-clock_rDNABaits_Pool2,354,rDNA_mouse,BS,30,TS330,88,weeks,Male,x
TTAGG,TS-rDNA-clock_rDNABaits_Pool2,57,rDNA_mouse,BS,31,TS331,141,weeks,Male,x
TGAGG,TS-rDNA-clock_rDNABaits_Pool2,97,rDNA_mouse,BS,32,TS332,129,weeks,Male,x
AGAGT,TS-rDNA-clock_rDNABaits_Pool2,151,rDNA_mouse,BS,33,TS333,111,weeks,Female,x
GAGAT,TS-rDNA-clock_rDNABaits_Pool2,171,rDNA_mouse,BS,34,TS334,100,weeks,Male,x
AGTTG,TS-rDNA-clock_rDNABaits_Pool2,172,rDNA_mouse,BS,35,TS335,99,weeks,Male,NA
GATGA,TS-rDNA-clock_rDNABaits_Pool2,362,rDNA_mouse,BS,36,TS336,87,weeks,Male,NA
ATGTA,TS-rDNA-clock_rDNABaits_Pool2,224,rDNA_mouse,BS,37,TS337,82,weeks,Male,NA
AGATA,TS-rDNA-clock_rDNABaits_Pool2,158,rDNA_mouse,BS,38,TS338,111,weeks,Female,NA
TGAGT,TS-rDNA-clock_rDNABaits_Pool2,163,rDNA_mouse,BS,39,TS339,111,weeks,Female,NA
TGGTT,TS-rDNA-clock_rDNABaits_Pool2,342,rDNA_mouse,BS,40,TS340,60,weeks,Male,NA
AATAT,TS-rDNA-clock_rDNABaits_Pool2,312,rDNA_mouse,BS,41,TS341,9,weeks,Male,NA
ATAAG,TS-rDNA-clock_rDNABaits_Pool2,360,rDNA_mouse,BS,42,TS342,87,weeks,Male,NA
AGTAT,TS-rDNA-clock_rDNABaits_Pool2,348,rDNA_mouse,BS,43,TS343,60,weeks,Male,NA
TGTTG,TS-rDNA-clock_rDNABaits_Pool2,274,rDNA_mouse,BS,44,TS344,40,weeks,Male,NA
GATAG,TS-rDNA-clock_rDNABaits_Pool2,243,rDNA_mouse,BS,45,TS345,66,weeks,Male,NA
TAGTG,TS-rDNA-clock_rDNABaits_Pool2,324,rDNA_mouse,BS,46,TS346,9,weeks,Male,NA
GGTAT,TS-rDNA-clock_rDNABaits_Pool2,152,rDNA_mouse,BS,47,TS347,111,weeks,Male,NA
GTATG,TS-rDNA-clock_rDNABaits_Pool2,157,rDNA_mouse,BS,48,TS348,111,weeks,Male,NA
AGGAG,TS-rDNA-clock_rDNABaits_Pool2,343,rDNA_mouse,BS,49,TS349,60,weeks,Male,NA
TTAAG,TS-rDNA-clock_rDNABaits_Pool2,297,rDNA_mouse,BS,50,TS350,20,weeks,Male,NA
AGGTG,TS-rDNA-clock_rDNABaits_Pool2,Lambda_Phage_2,Enterobacteriophage_lambda,BS,51,TS351,NA,NA,NA,NA
AAAGA,TS-rDNA-clock_rDNABaits_Pool3,76,rDNA_mouse,BS,1,TS301,129,weeks,Male,NA
AAGTA,TS-rDNA-clock_rDNABaits_Pool3,323,rDNA_mouse,BS,2,TS302,9,weeks,Male,NA
AATTG,TS-rDNA-clock_rDNABaits_Pool3,159,rDNA_mouse,BS,3,TS303,111,weeks,Female,NA
AGATG,TS-rDNA-clock_rDNABaits_Pool3,301,rDNA_mouse,BS,4,TS304,38,weeks,Male,NA
AGGTT,TS-rDNA-clock_rDNABaits_Pool3,89,rDNA_mouse,BS,5,TS305,129,weeks,Male,NA
AGTAA,TS-rDNA-clock_rDNABaits_Pool3,338,rDNA_mouse,BS,6,TS306,65,weeks,Male,NA
ATTAG,TS-rDNA-clock_rDNABaits_Pool3,316,rDNA_mouse,BS,7,TS307,9,weeks,Male,NA
GTTGT,TS-rDNA-clock_rDNABaits_Pool3,226,rDNA_mouse,BS,8,TS308,68,weeks,Female,NA
AGTGA,TS-rDNA-clock_rDNABaits_Pool3,347,rDNA_mouse,BS,9,TS309,60,weeks,Male,NA
ATGTG,TS-rDNA-clock_rDNABaits_Pool3,192,rDNA_mouse,BS,10,TS310,79,weeks,Female,NA
GTGAA,TS-rDNA-clock_rDNABaits_Pool3,300,rDNA_mouse,BS,13,TS313,38,weeks,Male,NA
GTTTG,TS-rDNA-clock_rDNABaits_Pool3,333,rDNA_mouse,BS,14,TS314,65,weeks,Male,NA
GAGTG,TS-rDNA-clock_rDNABaits_Pool3,273,rDNA_mouse,BS,15,TS315,40,weeks,Male,NA
ATTGG,TS-rDNA-clock_rDNABaits_Pool3,308,rDNA_mouse,BS,16,TS316,9,weeks,Female,NA
GAAGT,TS-rDNA-clock_rDNABaits_Pool3,284,rDNA_mouse,BS,17,TS317,34,weeks,Male,NA
GAGGG,TS-rDNA-clock_rDNABaits_Pool3,254,rDNA_mouse,BS,18,TS318,53,weeks,Male,NA
GAGGA,TS-rDNA-clock_rDNABaits_Pool3,325,rDNA_mouse,BS,19,TS319,9,weeks,Male,NA
GATGG,TS-rDNA-clock_rDNABaits_Pool3,193,rDNA_mouse,BS,20,TS320,79,weeks,Female,NA
GATTT,TS-rDNA-clock_rDNABaits_Pool3,357,rDNA_mouse,BS,21,TS321,87,weeks,Female,NA
GTAGG,TS-rDNA-clock_rDNABaits_Pool3,42,rDNA_mouse,BS,22,TS322,141,weeks,Male,NA
GTATA,TS-rDNA-clock_rDNABaits_Pool3,272,rDNA_mouse,BS,23,TS323,40,weeks,Male,NA
GTGAG,TS-rDNA-clock_rDNABaits_Pool3,299,rDNA_mouse,BS,24,TS324,38,weeks,Male,NA
TAATG,TS-rDNA-clock_rDNABaits_Pool3,169,rDNA_mouse,BS,25,TS325,99,weeks,Female,NA
TAGAG,TS-rDNA-clock_rDNABaits_Pool3,170,rDNA_mouse,BS,26,TS326,100,weeks,Female,NA
TATAA,TS-rDNA-clock_rDNABaits_Pool3,259,rDNA_mouse,BS,27,TS327,51,weeks,Female,NA
TGATT,TS-rDNA-clock_rDNABaits_Pool3,289,rDNA_mouse,BS,28,TS328,20,weeks,Male,NA
TGGAA,TS-rDNA-clock_rDNABaits_Pool3,235,rDNA_mouse,BS,29,TS329,68,weeks,Male,NA
ATGAG,TS-rDNA-clock_rDNABaits_Pool3,190,rDNA_mouse,BS,30,TS330,79,weeks,Male,NA
TTAGG,TS-rDNA-clock_rDNABaits_Pool3,39,rDNA_mouse,BS,31,TS331,153,weeks,Male,NA
TGAGG,TS-rDNA-clock_rDNABaits_Pool3,270,rDNA_mouse,BS,32,TS332,37,weeks,Male,NA
AGAGT,TS-rDNA-clock_rDNABaits_Pool3,334,rDNA_mouse,BS,33,TS333,65,weeks,Male,NA
GAGAT,TS-rDNA-clock_rDNABaits_Pool3,175,rDNA_mouse,BS,34,TS334,99,weeks,Male,NA
AGTTG,TS-rDNA-clock_rDNABaits_Pool3,52,rDNA_mouse,BS,35,TS335,141,weeks,Male,NA
GATGA,TS-rDNA-clock_rDNABaits_Pool3,199,rDNA_mouse,BS,36,TS336,78,weeks,Male,NA
ATGTA,TS-rDNA-clock_rDNABaits_Pool3,345,rDNA_mouse,BS,37,TS337,60,weeks,Male,NA
AGATA,TS-rDNA-clock_rDNABaits_Pool3,222,rDNA_mouse,BS,38,TS338,82,weeks,Male,NA
TGAGT,TS-rDNA-clock_rDNABaits_Pool3,75,rDNA_mouse,BS,39,TS339,129,weeks,Male,NA
TGGTT,TS-rDNA-clock_rDNABaits_Pool3,290,rDNA_mouse,BS,40,TS340,20,weeks,Male,NA
AATAT,TS-rDNA-clock_rDNABaits_Pool3,201,rDNA_mouse,BS,41,TS341,78,weeks,Male,NA
ATAAG,TS-rDNA-clock_rDNABaits_Pool3,202,rDNA_mouse,BS,42,TS342,78,weeks,Male,NA
AGTAT,TS-rDNA-clock_rDNABaits_Pool3,304,rDNA_mouse,BS,43,TS343,35,weeks,Female,NA
TGTTG,TS-rDNA-clock_rDNABaits_Pool3,341,rDNA_mouse,BS,44,TS344,60,weeks,Male,NA
GATAG,TS-rDNA-clock_rDNABaits_Pool3,309,rDNA_mouse,BS,45,TS345,9,weeks,Female,NA
TAGTG,TS-rDNA-clock_rDNABaits_Pool3,216,rDNA_mouse,BS,46,TS346,82,weeks,Male,NA
GGTAT,TS-rDNA-clock_rDNABaits_Pool3,53,rDNA_mouse,BS,47,TS347,141,weeks,Male,NA
GTATG,TS-rDNA-clock_rDNABaits_Pool3,307,rDNA_mouse,BS,48,TS348,9,weeks,Female,NA
AGGAG,TS-rDNA-clock_rDNABaits_Pool3,33,rDNA_mouse,BS,49,TS349,153,weeks,Male,NA
TTAAG,TS-rDNA-clock_rDNABaits_Pool3,48,rDNA_mouse,BS,50,TS350,141,weeks,Male,NA
AGGTG,TS-rDNA-clock_rDNABaits_Pool3,Lambda_Phage_3,Enterobacteriophage_lambda,BS,51,TS351,NA,NA,NA,NA
AAAGA,TS-rDNA-clock_rDNABaits_Pool4,203,rDNA_mouse,BS,1,TS301,78,weeks,Male,NA
AAGTA,TS-rDNA-clock_rDNABaits_Pool4,200,rDNA_mouse,BS,2,TS302,78,weeks,Male,NA
AATTG,TS-rDNA-clock_rDNABaits_Pool4,40,rDNA_mouse,BS,3,TS303,153,weeks,Male,NA
AGATG,TS-rDNA-clock_rDNABaits_Pool4,173,rDNA_mouse,BS,4,TS304,99,weeks,Male,NA
AGGTT,TS-rDNA-clock_rDNABaits_Pool4,206,rDNA_mouse,BS,5,TS305,82,weeks,Female,NA
AGTAA,TS-rDNA-clock_rDNABaits_Pool4,265,rDNA_mouse,BS,6,TS306,37,weeks,Female,NA
ATTAG,TS-rDNA-clock_rDNABaits_Pool4,355,rDNA_mouse,BS,7,TS307,87,weeks,Female,NA
GTTGT,TS-rDNA-clock_rDNABaits_Pool4,63,rDNA_mouse,BS,8,TS308,141,weeks,Male,NA
AGTGA,TS-rDNA-clock_rDNABaits_Pool4,295,rDNA_mouse,BS,9,TS309,20,weeks,Female,NA
ATGTG,TS-rDNA-clock_rDNABaits_Pool4,303,rDNA_mouse,BS,10,TS310,35,weeks,Male,NA
GTGAA,TS-rDNA-clock_rDNABaits_Pool4,195,rDNA_mouse,BS,13,TS313,79,weeks,Female,NA
GTTTG,TS-rDNA-clock_rDNABaits_Pool4,188,rDNA_mouse,BS,14,TS314,79,weeks,Female,NA
GAGTG,TS-rDNA-clock_rDNABaits_Pool4,65,rDNA_mouse,BS,15,TS315,141,weeks,Male,NA
ATTGG,TS-rDNA-clock_rDNABaits_Pool4,214,rDNA_mouse,BS,16,TS316,82,weeks,Female,NA
GAAGT,TS-rDNA-clock_rDNABaits_Pool4,361,rDNA_mouse,BS,17,TS317,87,weeks,Male,NA
GAGGG,TS-rDNA-clock_rDNABaits_Pool4,319,rDNA_mouse,BS,18,TS318,9,weeks,Female,NA
GAGGA,TS-rDNA-clock_rDNABaits_Pool4,88,rDNA_mouse,BS,19,TS319,129,weeks,Male,NA
GATGG,TS-rDNA-clock_rDNABaits_Pool4,71,rDNA_mouse,BS,20,TS320,129,weeks,Male,NA
GATTT,TS-rDNA-clock_rDNABaits_Pool4,322,rDNA_mouse,BS,21,TS321,9,weeks,Female,NA
GTAGG,TS-rDNA-clock_rDNABaits_Pool4,351,rDNA_mouse,BS,22,TS322,88,weeks,Male,NA
GTATA,TS-rDNA-clock_rDNABaits_Pool4,161,rDNA_mouse,BS,23,TS323,111,weeks,Female,NA
GTGAG,TS-rDNA-clock_rDNABaits_Pool4,349,rDNA_mouse,BS,24,TS324,60,weeks,Male,NA
TAATG,TS-rDNA-clock_rDNABaits_Pool4,293,rDNA_mouse,BS,25,TS325,20,weeks,Female,NA
TAGAG,TS-rDNA-clock_rDNABaits_Pool4,211,rDNA_mouse,BS,26,TS326,79,weeks,Female,NA
TATAA,TS-rDNA-clock_rDNABaits_Pool4,230,rDNA_mouse,BS,27,TS327,68,weeks,Female,NA
TGATT,TS-rDNA-clock_rDNABaits_Pool4,310,rDNA_mouse,BS,28,TS328,9,weeks,Female,NA
TGGAA,TS-rDNA-clock_rDNABaits_Pool4,358,rDNA_mouse,BS,29,TS329,87,weeks,Female,NA
ATGAG,TS-rDNA-clock_rDNABaits_Pool4,47,rDNA_mouse,BS,30,TS330,141,weeks,Male,NA
TTAGG,TS-rDNA-clock_rDNABaits_Pool4,278,rDNA_mouse,BS,31,TS331,34,weeks,Female,NA
TGAGG,TS-rDNA-clock_rDNABaits_Pool4,208,rDNA_mouse,BS,32,TS332,82,weeks,Female,NA
AGAGT,TS-rDNA-clock_rDNABaits_Pool4,283,rDNA_mouse,BS,33,TS333,34,weeks,Male,NA
GAGAT,TS-rDNA-clock_rDNABaits_Pool4,210,rDNA_mouse,BS,34,TS334,80,weeks,Female,NA
AGTTG,TS-rDNA-clock_rDNABaits_Pool4,229,rDNA_mouse,BS,35,TS335,68,weeks,Male,NA
GATGA,TS-rDNA-clock_rDNABaits_Pool4,219,rDNA_mouse,BS,36,TS336,81,weeks,Male,NA
ATGTA,TS-rDNA-clock_rDNABaits_Pool4,368,rDNA_mouse,BS,37,TS337,88,weeks,Female,NA
AGATA,TS-rDNA-clock_rDNABaits_Pool4,215,rDNA_mouse,BS,38,TS338,82,weeks,Male,NA
TGAGT,TS-rDNA-clock_rDNABaits_Pool4,271,rDNA_mouse,BS,39,TS339,37,weeks,Male,NA
TGGTT,TS-rDNA-clock_rDNABaits_Pool4,313,rDNA_mouse,BS,40,TS340,9,weeks,Male,NA
AATAT,TS-rDNA-clock_rDNABaits_Pool4,279,rDNA_mouse,BS,41,TS341,34,weeks,Female,NA
ATAAG,TS-rDNA-clock_rDNABaits_Pool4,205,rDNA_mouse,BS,42,TS342,78,weeks,Male,x
AGTAT,TS-rDNA-clock_rDNABaits_Pool4,356,rDNA_mouse,BS,43,TS343,87,weeks,Female,NA
TGTTG,TS-rDNA-clock_rDNABaits_Pool4,367,rDNA_mouse,BS,44,TS344,88,weeks,Female,NA
GATAG,TS-rDNA-clock_rDNABaits_Pool4,268,rDNA_mouse,BS,45,TS345,40,weeks,Female,NA
TAGTG,TS-rDNA-clock_rDNABaits_Pool4,365,rDNA_mouse,BS,46,TS346,87,weeks,Female,NA
GGTAT,TS-rDNA-clock_rDNABaits_Pool4,363,rDNA_mouse,BS,47,TS347,87,weeks,Male,NA
GTATG,TS-rDNA-clock_rDNABaits_Pool4,298,rDNA_mouse,BS,48,TS348,20,weeks,Male,NA
AGGAG,TS-rDNA-clock_rDNABaits_Pool4,90,rDNA_mouse,BS,49,TS349,129,weeks,Male,NA
AGGTG,TS-rDNA-clock_rDNABaits_Pool4,Lambda_Phage_4,Enterobacteriophage_lambda,BS,51,TS351,NA,NA,NA,NA