pool_ID,sample_ID,genome,barcode,barcode_N,sex,age,tissue,exclude
TS-TissueClocks_Pool1,Liver_1,mm10,AAAGA,1,male,10.3,Liver,NA
TS-TissueClocks_Pool1,Liver_2,mm10,AAGTA,2,male,10.7,Liver,NA
TS-TissueClocks_Pool1,Liver_3,mm10,AATTG,3,male,10.7,Liver,NA
TS-TissueClocks_Pool1,Liver_4,mm10,AGATG,4,male,11.3,Liver,NA
TS-TissueClocks_Pool1,Liver_5,mm10,AGGTT,5,male,11.2,Liver,NA
TS-TissueClocks_Pool1,Liver_6,mm10,AGTAA,6,male,11.3,Liver,NA
TS-TissueClocks_Pool1,Liver_7,mm10,ATTAG,7,male,11.1,Liver,NA
TS-TissueClocks_Pool1,Liver_8,mm10,GTTGT,8,male,11,Liver,NA
TS-TissueClocks_Pool1,Liver_9,mm10,AGTGA,9,male,10.8,Liver,NA
TS-TissueClocks_Pool1,Liver_10,mm10,ATGTG,10,male,10.8,Liver,NA
TS-TissueClocks_Pool1,Liver_11,mm10,GTAGA,11,male,10.4,Liver,NA
TS-TissueClocks_Pool1,Liver_12,mm10,GTGGG,12,male,25,Liver,x
TS-TissueClocks_Pool1,Liver_13,mm10,GTGAA,13,male,25,Liver,x
TS-TissueClocks_Pool1,Liver_14,mm10,GTTTG,14,male,25,Liver,x
TS-TissueClocks_Pool1,Liver_15,mm10,GAGTG,15,male,25,Liver,x
TS-TissueClocks_Pool1,Liver_16,mm10,ATTGG,16,male,25,Liver,x
TS-TissueClocks_Pool1,Liver_17,mm10,TAATG,25,male,25,Liver,x
TS-TissueClocks_Pool1,Liver_18,mm10,TAGAG,26,male,25,Liver,x
TS-TissueClocks_Pool1,Liver_19,mm10,TATAA,27,male,25,Liver,x
TS-TissueClocks_Pool1,WAT_20,mm10,TGATT,28,female,12,WAT,NA
TS-TissueClocks_Pool1,Liver_21,mm10,TGGAA,29,male,25,Liver,NA
TS-TissueClocks_Pool1,Liver_22,mm10,ATGAG,30,male,25,Liver,NA
TS-TissueClocks_Pool1,Liver_23,mm10,TTAGG,31,male,25,Liver,NA
TS-TissueClocks_Pool1,Skin_24,mm10,TGAGG,32,female,29.60655738,Skin,NA
TS-TissueClocks_Pool1,Skin_25,mm10,AATAT,41,female,29.60655738,Skin,NA
TS-TissueClocks_Pool1,Skin_26,mm10,ATAAG,42,female,29.60655738,Skin,NA
TS-TissueClocks_Pool1,Skin_27,mm10,AGTAT,43,female,29.60655738,Skin,NA
TS-TissueClocks_Pool1,Skin_28,mm10,TGTTG,44,female,3,Skin,NA
TS-TissueClocks_Pool1,Skin_29,mm10,GATAG,45,female,3,Skin,NA
TS-TissueClocks_Pool1,Skin_30,mm10,TAGTG,46,female,3,Skin,NA
TS-TissueClocks_Pool1,Skin_31,mm10,GGTAT,47,female,24,Skin,NA
TS-TissueClocks_Pool1,Skin_32,mm10,GTATG,48,female,24,Skin,NA
TS-TissueClocks_Pool1,Skin_33,mm10,AGGAG,49,female,3,Skin,NA
TS-TissueClocks_Pool1,Skin_34,mm10,TTAAG,50,female,3,Skin,NA
TS-TissueClocks_Pool1,Skin_35,mm10,AGGTG,51,female,3,Skin,NA
TS-TissueClocks_Pool1,Skin_36,mm10,GGAAG,52,female,6,Skin,NA
TS-TissueClocks_Pool1,Skin_37,mm10,GTGTA,53,female,6,Skin,NA
TS-TissueClocks_Pool1,Skin_38,mm10,TAAGA,54,female,6,Skin,NA
TS-TissueClocks_Pool1,Skin_39,mm10,ATGGT,55,female,6,Skin,NA
TS-TissueClocks_Pool1,Skin_40,mm10,AGAGG,56,female,6,Skin,NA
TS-TissueClocks_Pool1,Skin_41,mm10,GTGGT,57,female,6,Skin,NA
TS-TissueClocks_Pool1,Skin_42,mm10,AGTTA,58,female,12,Skin,NA
TS-TissueClocks_Pool1,Skin_43,mm10,GTAAG,59,female,12,Skin,NA
TS-TissueClocks_Pool1,Skin_44,mm10,ATATT,60,female,12,Skin,NA
TS-TissueClocks_Pool1,Skin_45,mm10,AATAG,61,female,12,Skin,NA
TS-TissueClocks_Pool1,Skin_46,mm10,GATTA,62,female,12,Skin,NA
TS-TissueClocks_Pool1,Skin_47,mm10,ATAGA,63,female,12,Skin,NA
TS-TissueClocks_Pool1,Skin_48,mm10,GAAGA,64,female,18,Skin,NA
TS-TissueClocks_Pool1,lambda_49,Enterobacteriophage_lambda,TGGTT,40,NA,NA,NA,NA
TS-TissueClocks_Pool2,Skin_50,mm10,AAAGA,1,female,18,Skin,NA
TS-TissueClocks_Pool2,Skin_51,mm10,AAGTA,2,female,18,Skin,NA
TS-TissueClocks_Pool2,Skin_52,mm10,AATTG,3,female,18,Skin,NA
TS-TissueClocks_Pool2,Skin_53,mm10,AGATG,4,female,18,Skin,NA
TS-TissueClocks_Pool2,Skin_54,mm10,AGGTT,5,female,18,Skin,NA
TS-TissueClocks_Pool2,Skin_55,mm10,AGTAA,6,female,24,Skin,NA
TS-TissueClocks_Pool2,Skin_56,mm10,ATTAG,7,female,24,Skin,NA
TS-TissueClocks_Pool2,Skin_57,mm10,GTTGT,8,female,24,Skin,NA
TS-TissueClocks_Pool2,Skin_58,mm10,AGTGA,9,female,24,Skin,NA
TS-TissueClocks_Pool2,Skin_59,mm10,ATGTG,10,male,4,Skin,NA
TS-TissueClocks_Pool2,Skin_60,mm10,GTAGA,11,male,4,Skin,NA
TS-TissueClocks_Pool2,Skin_61,mm10,GTGGG,12,male,4,Skin,NA
TS-TissueClocks_Pool2,Skin_62,mm10,GTGAA,13,male,4,Skin,NA
TS-TissueClocks_Pool2,Skin_63,mm10,GTTTG,14,male,4,Skin,NA
TS-TissueClocks_Pool2,Skin_64,mm10,GAGTG,15,male,4,Skin,NA
TS-TissueClocks_Pool2,Skin_65,mm10,ATTGG,16,male,4,Skin,NA
TS-TissueClocks_Pool2,Skin_66,mm10,TAATG,25,male,4,Skin,NA
TS-TissueClocks_Pool2,Skin_67,mm10,TAGAG,26,male,4,Skin,NA
TS-TissueClocks_Pool2,Skin_68,mm10,TATAA,27,male,4,Skin,NA
TS-TissueClocks_Pool2,Skin_69,mm10,TGATT,28,male,10.3,Skin,NA
TS-TissueClocks_Pool2,Skin_70,mm10,TGGAA,29,male,10.7,Skin,NA
TS-TissueClocks_Pool2,Skin_71,mm10,ATGAG,30,male,10.7,Skin,NA
TS-TissueClocks_Pool2,Skin_72,mm10,TTAGG,31,male,11.3,Skin,NA
TS-TissueClocks_Pool2,Skin_73,mm10,TGAGG,32,male,11.2,Skin,NA
TS-TissueClocks_Pool2,Skin_74,mm10,AATAT,41,male,11.3,Skin,NA
TS-TissueClocks_Pool2,WAT_75,mm10,ATAAG,42,male,24,WAT,NA
TS-TissueClocks_Pool2,WAT_76,mm10,AGTAT,43,male,12,WAT,NA
TS-TissueClocks_Pool2,WAT_77,mm10,TGTTG,44,male,18,WAT,NA
TS-TissueClocks_Pool2,WAT_78,mm10,GATAG,45,male,6,WAT,NA
TS-TissueClocks_Pool2,WAT_79,mm10,TAGTG,46,male,18,WAT,NA
TS-TissueClocks_Pool2,Skin_80,mm10,GGTAT,47,male,6,Skin,NA
TS-TissueClocks_Pool2,Skin_81,mm10,GTATG,48,male,18,Skin,NA
TS-TissueClocks_Pool2,Skin_82,mm10,AGGAG,49,male,24,Skin,NA
TS-TissueClocks_Pool2,Skin_83,mm10,TTAAG,50,male,24,Skin,NA
TS-TissueClocks_Pool2,Skin_84,mm10,AGGTG,51,male,24,Skin,NA
TS-TissueClocks_Pool2,Skin_85,mm10,GGAAG,52,male,24,Skin,NA
TS-TissueClocks_Pool2,Skin_86,mm10,GTGTA,53,male,24,Skin,NA
TS-TissueClocks_Pool2,Skin_87,mm10,TAAGA,54,male,6,Skin,NA
TS-TissueClocks_Pool2,Skin_88,mm10,ATGGT,55,male,6,Skin,NA
TS-TissueClocks_Pool2,Skin_89,mm10,AGAGG,56,male,12,Skin,NA
TS-TissueClocks_Pool2,Skin_90,mm10,GTGGT,57,male,6,Skin,NA
TS-TissueClocks_Pool2,Skin_91,mm10,AGTTA,58,male,12,Skin,NA
TS-TissueClocks_Pool2,Skin_92,mm10,GTAAG,59,male,12,Skin,NA
TS-TissueClocks_Pool2,Skin_93,mm10,ATATT,60,male,18,Skin,NA
TS-TissueClocks_Pool2,Skin_94,mm10,AATAG,61,male,18,Skin,NA
TS-TissueClocks_Pool2,Skin_95,mm10,GATTA,62,male,24,Skin,NA
TS-TissueClocks_Pool2,Skin_96,mm10,ATAGA,63,male,24,Skin,NA
TS-TissueClocks_Pool2,Skin_97,mm10,GAAGA,64,male,24,Skin,NA
TS-TissueClocks_Pool2,lambda_98,Enterobacteriophage_lambda,TGGTT,40,NA,NA,NA,NA
TS-TissueClocks_Pool3,Skin_99,mm10,AAAGA,1,male,6,Skin,NA
TS-TissueClocks_Pool3,Skin_100,mm10,AAGTA,2,male,24,Skin,NA
TS-TissueClocks_Pool3,Skin_101,mm10,AATTG,3,male,12,Skin,NA
TS-TissueClocks_Pool3,Skin_102,mm10,AGATG,4,male,12,Skin,NA
TS-TissueClocks_Pool3,Skin_103,mm10,AGGTT,5,male,18,Skin,NA
TS-TissueClocks_Pool3,Skin_104,mm10,AGTAA,6,male,18,Skin,NA
TS-TissueClocks_Pool3,Skin_105,mm10,ATTAG,7,male,18,Skin,NA
TS-TissueClocks_Pool3,Skin_106,mm10,GTTGT,8,female,16.52459016,Skin,NA
TS-TissueClocks_Pool3,Skin_107,mm10,AGTGA,9,female,16.52459016,Skin,NA
TS-TissueClocks_Pool3,Skin_108,mm10,ATGTG,10,female,28.45901639,Skin,NA
TS-TissueClocks_Pool3,Skin_109,mm10,GTAGA,11,female,28.45901639,Skin,NA
TS-TissueClocks_Pool3,Skin_110,mm10,GTGGG,12,male,16.49180328,Skin,NA
TS-TissueClocks_Pool3,Skin_111,mm10,GTGAA,13,male,16.49180328,Skin,NA
TS-TissueClocks_Pool3,Skin_112,mm10,GTTTG,14,male,16.49180328,Skin,NA
TS-TissueClocks_Pool3,Skin_113,mm10,GAGTG,15,male,16.49180328,Skin,NA
TS-TissueClocks_Pool3,Skin_114,mm10,ATTGG,16,male,16.49180328,Skin,NA
TS-TissueClocks_Pool3,Skin_115,mm10,TAATG,25,male,16.49180328,Skin,NA
TS-TissueClocks_Pool3,Skin_116,mm10,TAGAG,26,male,16.49180328,Skin,NA
TS-TissueClocks_Pool3,Skin_117,mm10,TATAA,27,male,16.49180328,Skin,NA
TS-TissueClocks_Pool3,Skin_118,mm10,TGATT,28,male,16.49180328,Skin,NA
TS-TissueClocks_Pool3,Skin_119,mm10,TGGAA,29,male,16.49180328,Skin,NA
TS-TissueClocks_Pool3,Skin_120,mm10,ATGAG,30,male,22.45901639,Skin,NA
TS-TissueClocks_Pool3,Skin_121,mm10,TTAGG,31,male,22.45901639,Skin,NA
TS-TissueClocks_Pool3,Skin_122,mm10,TGAGG,32,male,22.45901639,Skin,NA
TS-TissueClocks_Pool3,Skin_123,mm10,AATAT,41,male,22.45901639,Skin,NA
TS-TissueClocks_Pool3,Skin_124,mm10,ATAAG,42,male,22.45901639,Skin,NA
TS-TissueClocks_Pool3,Skin_125,mm10,AGTAT,43,female,16.52459016,Skin,NA
TS-TissueClocks_Pool3,Skin_126,mm10,TGTTG,44,male,22.45901639,Skin,NA
TS-TissueClocks_Pool3,Skin_127,mm10,GATAG,45,male,22.45901639,Skin,NA
TS-TissueClocks_Pool3,Skin_128,mm10,TAGTG,46,male,28.45901639,Skin,NA
TS-TissueClocks_Pool3,Skin_129,mm10,GGTAT,47,male,26.16393443,Skin,NA
TS-TissueClocks_Pool3,Skin_130,mm10,GTATG,48,male,26.16393443,Skin,NA
TS-TissueClocks_Pool3,Skin_131,mm10,AGGAG,49,male,26.16393443,Skin,NA
TS-TissueClocks_Pool3,Skin_132,mm10,TTAAG,50,male,26.16393443,Skin,NA
TS-TissueClocks_Pool3,Skin_133,mm10,AGGTG,51,male,26.16393443,Skin,NA
TS-TissueClocks_Pool3,Skin_134,mm10,GGAAG,52,female,16.52459016,Skin,NA
TS-TissueClocks_Pool3,Skin_135,mm10,GTGTA,53,female,16.52459016,Skin,NA
TS-TissueClocks_Pool3,Skin_136,mm10,TAAGA,54,female,16.52459016,Skin,NA
TS-TissueClocks_Pool3,Skin_137,mm10,ATGGT,55,female,16.52459016,Skin,NA
TS-TissueClocks_Pool3,Skin_138,mm10,AGAGG,56,female,16.52459016,Skin,NA
TS-TissueClocks_Pool3,Skin_139,mm10,GTGGT,57,female,22.45901639,Skin,NA
TS-TissueClocks_Pool3,Skin_140,mm10,AGTTA,58,female,22.49180328,Skin,NA
TS-TissueClocks_Pool3,Skin_141,mm10,GTAAG,59,female,22.49180328,Skin,NA
TS-TissueClocks_Pool3,Skin_142,mm10,ATATT,60,female,22.49180328,Skin,NA
TS-TissueClocks_Pool3,Skin_143,mm10,AATAG,61,female,22.49180328,Skin,NA
TS-TissueClocks_Pool3,Skin_144,mm10,GATTA,62,female,22.49180328,Skin,NA
TS-TissueClocks_Pool3,Skin_145,mm10,ATAGA,63,female,22.49180328,Skin,NA
TS-TissueClocks_Pool3,Skin_146,mm10,GAAGA,64,female,28.45901639,Skin,NA
TS-TissueClocks_Pool3,lambda_147,Enterobacteriophage_lambda,TGGTT,40,NA,NA,NA,NA
TS-TissueClocks_Pool4,Skin_148,mm10,AAAGA,1,female,28.45901639,Skin,NA
TS-TissueClocks_Pool4,Skin_149,mm10,AAGTA,2,female,28.45901639,Skin,NA
TS-TissueClocks_Pool4,Skin_150,mm10,AATTG,3,male,25.83606557,Skin,NA
TS-TissueClocks_Pool4,Skin_151,mm10,AGATG,4,male,25.83606557,Skin,NA
TS-TissueClocks_Pool4,Skin_152,mm10,AGGTT,5,male,25.83606557,Skin,NA
TS-TissueClocks_Pool4,Skin_153,mm10,AGTAA,6,male,26.42622951,Skin,NA
TS-TissueClocks_Pool4,Skin_154,mm10,ATTAG,7,male,26.42622951,Skin,NA
TS-TissueClocks_Pool4,Skin_155,mm10,GTTGT,8,male,26.42622951,Skin,NA
TS-TissueClocks_Pool4,Skin_156,mm10,AGTGA,9,male,26.42622951,Skin,NA
TS-TissueClocks_Pool4,Skin_157,mm10,ATGTG,10,male,26.42622951,Skin,NA
TS-TissueClocks_Pool4,Skin_158,mm10,GTAGA,11,male,26.42622951,Skin,NA
TS-TissueClocks_Pool4,Skin_159,mm10,GTGGG,12,male,26.42622951,Skin,NA
TS-TissueClocks_Pool4,Skin_160,mm10,GTGAA,13,male,26.42622951,Skin,NA
TS-TissueClocks_Pool4,Skin_161,mm10,GTTTG,14,male,26.42622951,Skin,NA
TS-TissueClocks_Pool4,Skin_162,mm10,GAGTG,15,male,26.42622951,Skin,NA
TS-TissueClocks_Pool4,Skin_163,mm10,ATTGG,16,male,26.42622951,Skin,NA
TS-TissueClocks_Pool4,Skin_164,mm10,TAATG,25,male,26.42622951,Skin,NA
TS-TissueClocks_Pool4,Skin_165,mm10,TAGAG,26,male,26.42622951,Skin,NA
TS-TissueClocks_Pool4,Skin_166,mm10,TATAA,27,male,25.83606557,Skin,NA
TS-TissueClocks_Pool4,Skin_167,mm10,TGATT,28,male,25.83606557,Skin,NA
TS-TissueClocks_Pool4,Skin_168,mm10,TGGAA,29,male,25.83606557,Skin,NA
TS-TissueClocks_Pool4,Skin_169,mm10,ATGAG,30,male,25.83606557,Skin,NA
TS-TissueClocks_Pool4,Skin_170,mm10,TTAGG,31,male,25.83606557,Skin,NA
TS-TissueClocks_Pool4,WAT_171,mm10,TGAGG,32,male,12,WAT,NA
TS-TissueClocks_Pool4,Skin_172,mm10,AATAT,41,male,25.83606557,Skin,NA
TS-TissueClocks_Pool4,Skin_173,mm10,ATAAG,42,male,25.83606557,Skin,NA
TS-TissueClocks_Pool4,Skin_174,mm10,AGTAT,43,male,25.83606557,Skin,NA
TS-TissueClocks_Pool4,Skin_175,mm10,TGTTG,44,male,25.83606557,Skin,NA
TS-TissueClocks_Pool4,Skin_176,mm10,GATAG,45,male,25.83606557,Skin,NA
TS-TissueClocks_Pool4,Skin_177,mm10,TAGTG,46,male,25.83606557,Skin,NA
TS-TissueClocks_Pool4,Skin_178,mm10,GGTAT,47,male,26.42622951,Skin,NA
TS-TissueClocks_Pool4,Skin_179,mm10,GTATG,48,male,26.42622951,Skin,NA
TS-TissueClocks_Pool4,Skin_180,mm10,AGGAG,49,male,26.42622951,Skin,NA
TS-TissueClocks_Pool4,Skin_181,mm10,TTAAG,50,male,26.42622951,Skin,NA
TS-TissueClocks_Pool4,Skin_182,mm10,AGGTG,51,male,26.42622951,Skin,NA
TS-TissueClocks_Pool4,Skin_183,mm10,GGAAG,52,male,26.42622951,Skin,NA
TS-TissueClocks_Pool4,Skin_184,mm10,GTGTA,53,male,26.42622951,Skin,NA
TS-TissueClocks_Pool4,Skin_185,mm10,TAAGA,54,male,26.42622951,Skin,NA
TS-TissueClocks_Pool4,Skin_186,mm10,ATGGT,55,male,26.42622951,Skin,NA
TS-TissueClocks_Pool4,Skin_187,mm10,AGAGG,56,male,26.42622951,Skin,NA
TS-TissueClocks_Pool4,Skin_188,mm10,GTGGT,57,male,26.42622951,Skin,NA
TS-TissueClocks_Pool4,Skin_189,mm10,AGTTA,58,male,26.42622951,Skin,NA
TS-TissueClocks_Pool4,Skin_190,mm10,GTAAG,59,male,26.42622951,Skin,NA
TS-TissueClocks_Pool4,Skin_191,mm10,ATATT,60,male,28.5,Skin,NA
TS-TissueClocks_Pool4,Skin_192,mm10,AATAG,61,male,28.5,Skin,NA
TS-TissueClocks_Pool4,Skin_193,mm10,GATTA,62,female,9.836065574,Skin,NA
TS-TissueClocks_Pool4,Skin_194,mm10,ATAGA,63,female,9.836065574,Skin,NA
TS-TissueClocks_Pool4,Skin_195,mm10,GAAGA,64,female,9.836065574,Skin,NA
TS-TissueClocks_Pool4,lambda_196,Enterobacteriophage_lambda,TGGTT,40,NA,NA,NA,NA
TS-TissueClocks_Pool5,Skin_197,mm10,AAAGA,1,female,9.836065574,Skin,NA
TS-TissueClocks_Pool5,Skin_198,mm10,AAGTA,2,female,21.7704918,Skin,NA
TS-TissueClocks_Pool5,Skin_199,mm10,AATTG,3,female,21.7704918,Skin,NA
TS-TissueClocks_Pool5,Skin_200,mm10,AGATG,4,female,21.7704918,Skin,NA
TS-TissueClocks_Pool5,Skin_201,mm10,AGGTT,5,female,21.7704918,Skin,NA
TS-TissueClocks_Pool5,Skin_202,mm10,AGTAA,6,female,21.7704918,Skin,NA
TS-TissueClocks_Pool5,Skin_203,mm10,ATTAG,7,female,21.7704918,Skin,NA
TS-TissueClocks_Pool5,Skin_204,mm10,GTTGT,8,female,21.7704918,Skin,NA
TS-TissueClocks_Pool5,Skin_205,mm10,AGTGA,9,male,9.803278689,Skin,NA
TS-TissueClocks_Pool5,Skin_206,mm10,ATGTG,10,male,9.803278689,Skin,NA
TS-TissueClocks_Pool5,Skin_207,mm10,GTAGA,11,male,9.803278689,Skin,NA
TS-TissueClocks_Pool5,Skin_208,mm10,GTGGG,12,male,9.803278689,Skin,NA
TS-TissueClocks_Pool5,WAT_209,mm10,GTGAA,13,female,12,WAT,NA
TS-TissueClocks_Pool5,Skin_210,mm10,GTTTG,14,male,9.803278689,Skin,NA
TS-TissueClocks_Pool5,Skin_211,mm10,ATGTA,37,male,9.803278689,Skin,NA
TS-TissueClocks_Pool5,Skin_212,mm10,AGATA,38,male,9.803278689,Skin,NA
TS-TissueClocks_Pool5,Skin_213,mm10,GAAGT,17,male,9.803278689,Skin,NA
TS-TissueClocks_Pool5,Skin_214,mm10,GAGGG,18,male,9.803278689,Skin,NA
TS-TissueClocks_Pool5,Skin_215,mm10,GAGGA,19,male,9.803278689,Skin,NA
TS-TissueClocks_Pool5,Skin_216,mm10,GATGG,20,male,15.7704918,Skin,NA
TS-TissueClocks_Pool5,Skin_217,mm10,GATTT,21,male,15.7704918,Skin,NA
TS-TissueClocks_Pool5,Skin_218,mm10,GTAGG,22,male,15.7704918,Skin,NA
TS-TissueClocks_Pool5,Skin_219,mm10,GTGAG,24,male,15.7704918,Skin,NA
TS-TissueClocks_Pool5,Skin_220,mm10,GAGAT,34,male,15.7704918,Skin,NA
TS-TissueClocks_Pool5,Skin_221,mm10,AGTTG,35,male,15.7704918,Skin,NA
TS-TissueClocks_Pool5,Skin_222,mm10,GATGA,36,male,15.7704918,Skin,NA
TS-TissueClocks_Pool5,Skin_223,mm10,AGTAT,43,male,15.7704918,Skin,NA
TS-TissueClocks_Pool5,Skin_224,mm10,TGTTG,44,female,9.836065574,Skin,NA
TS-TissueClocks_Pool5,Skin_225,mm10,GATAG,45,female,9.836065574,Skin,NA
TS-TissueClocks_Pool5,Skin_226,mm10,TAGTG,46,male,15.7704918,Skin,NA
TS-TissueClocks_Pool5,Skin_227,mm10,GGTAT,47,male,15.7704918,Skin,NA
TS-TissueClocks_Pool5,Skin_228,mm10,GTATG,48,male,15.7704918,Skin,NA
TS-TissueClocks_Pool5,Skin_229,mm10,AGGAG,49,male,21.77,Skin,NA
TS-TissueClocks_Pool5,Skin_230,mm10,TTAAG,50,male,21.77,Skin,NA
TS-TissueClocks_Pool5,Skin_231,mm10,TGAGT,39,female,27.14754098,Skin,NA
TS-TissueClocks_Pool5,Skin_232,mm10,GGAAG,52,female,27.14754098,Skin,NA
TS-TissueClocks_Pool5,Skin_233,mm10,GTGTA,53,female,26.55737705,Skin,NA
TS-TissueClocks_Pool5,Skin_234,mm10,TAAGA,54,female,26.55737705,Skin,NA
TS-TissueClocks_Pool5,Skin_235,mm10,ATGGT,55,female,26.55737705,Skin,NA
TS-TissueClocks_Pool5,Skin_236,mm10,AGAGG,56,female,26.55737705,Skin,NA
TS-TissueClocks_Pool5,Skin_237,mm10,GTGGT,57,female,9.836065574,Skin,NA
TS-TissueClocks_Pool5,Skin_238,mm10,TAGAG,26,female,9.836065574,Skin,NA
TS-TissueClocks_Pool5,Skin_239,mm10,GTAAG,59,female,9.836065574,Skin,NA
TS-TissueClocks_Pool5,Skin_240,mm10,ATATT,60,female,9.836065574,Skin,NA
TS-TissueClocks_Pool5,Skin_241,mm10,AATAG,61,female,26.55737705,Skin,NA
TS-TissueClocks_Pool5,Skin_242,mm10,GATTA,62,female,26.55737705,Skin,NA
TS-TissueClocks_Pool5,Skin_243,mm10,ATAGA,63,female,26.55737705,Skin,NA
TS-TissueClocks_Pool5,Skin_244,mm10,GAAGA,64,female,26.55737705,Skin,NA
TS-TissueClocks_Pool5,lambda_245,mm10,TGGTT,40,NA,NA,NA,NA
TS-TissueClocks_Pool6,Skin_246,mm10,AAAGA,1,female,26.55737705,Skin,NA
TS-TissueClocks_Pool6,Skin_247,mm10,AAGTA,2,female,26.55737705,Skin,NA
TS-TissueClocks_Pool6,Skin_248,mm10,AATTG,3,female,26.55737705,Skin,NA
TS-TissueClocks_Pool6,Skin_249,mm10,AGATG,4,female,9.836065574,Skin,NA
TS-TissueClocks_Pool6,Skin_250,mm10,AGGTT,5,female,15.7704918,Skin,NA
TS-TissueClocks_Pool6,Skin_251,mm10,AGTAA,6,female,15.80327869,Skin,NA
TS-TissueClocks_Pool6,Skin_252,mm10,ATTAG,7,female,15.80327869,Skin,NA
TS-TissueClocks_Pool6,Skin_253,mm10,GTTGT,8,female,15.80327869,Skin,NA
TS-TissueClocks_Pool6,Skin_254,mm10,AGTGA,9,female,15.80327869,Skin,NA
TS-TissueClocks_Pool6,Skin_255,mm10,ATGTG,10,female,15.80327869,Skin,NA
TS-TissueClocks_Pool6,Skin_256,mm10,GTAGA,11,female,15.80327869,Skin,NA
TS-TissueClocks_Pool6,Skin_257,mm10,GTGGG,12,female,15.80327869,Skin,NA
TS-TissueClocks_Pool6,Skin_258,mm10,GTGAA,13,female,15.80327869,Skin,NA
TS-TissueClocks_Pool6,Skin_259,mm10,GTTTG,14,female,15.80327869,Skin,NA
TS-TissueClocks_Pool6,Skin_260,mm10,ATGTA,37,female,21.7704918,Skin,NA
TS-TissueClocks_Pool6,Skin_261,mm10,AGATA,38,female,21.7704918,Skin,NA
TS-TissueClocks_Pool6,Skin_262,mm10,GAAGT,17,female,21.7704918,Skin,NA
TS-TissueClocks_Pool6,Skin_263,mm10,GAGGG,18,female,21.7704918,Skin,NA
TS-TissueClocks_Pool6,Kidney_264,mm10,GAGGA,19,male,26.16,Kidney,NA
TS-TissueClocks_Pool6,Kidney_265,mm10,GATGG,20,male,6,Kidney,NA
TS-TissueClocks_Pool6,Kidney_266,mm10,GATTT,21,male,24,Kidney,NA
TS-TissueClocks_Pool6,Kidney_267,mm10,GTAGG,22,male,6,Kidney,NA
TS-TissueClocks_Pool6,Kidney_268,mm10,GTGAG,24,male,24,Kidney,NA
TS-TissueClocks_Pool6,Kidney_269,mm10,GAGAT,34,male,6,Kidney,NA
TS-TissueClocks_Pool6,Kidney_270,mm10,AGTTG,35,male,24,Kidney,NA
TS-TissueClocks_Pool6,Kidney_271,mm10,GATGA,36,male,18,Kidney,NA
TS-TissueClocks_Pool6,Kidney_272,mm10,AGTAT,43,male,6,Kidney,NA
TS-TissueClocks_Pool6,Kidney_273,mm10,TGTTG,44,male,6,Kidney,NA
TS-TissueClocks_Pool6,Kidney_274,mm10,GATAG,45,male,18,Kidney,NA
TS-TissueClocks_Pool6,Kidney_275,mm10,TAGTG,46,male,6,Kidney,NA
TS-TissueClocks_Pool6,Kidney_276,mm10,GGTAT,47,male,12,Kidney,NA
TS-TissueClocks_Pool6,Kidney_277,mm10,GTATG,48,male,18,Kidney,NA
TS-TissueClocks_Pool6,Kidney_278,mm10,AGGAG,49,male,24,Kidney,NA
TS-TissueClocks_Pool6,Kidney_279,mm10,TTAAG,50,male,12,Kidney,NA
TS-TissueClocks_Pool6,Kidney_280,mm10,TGAGT,39,male,18,Kidney,NA
TS-TissueClocks_Pool6,Kidney_281,mm10,GGAAG,52,female,22.49,Kidney,NA
TS-TissueClocks_Pool6,Kidney_282,mm10,GTGTA,53,female,22.49,Kidney,NA
TS-TissueClocks_Pool6,Kidney_283,mm10,TAAGA,54,male,26.16,Kidney,NA
TS-TissueClocks_Pool6,Kidney_284,mm10,ATGGT,55,female,24,Kidney,NA
TS-TissueClocks_Pool6,Kidney_285,mm10,AGAGG,56,male,16.49,Kidney,NA
TS-TissueClocks_Pool6,Kidney_286,mm10,GTGGT,57,male,16.49,Kidney,NA
TS-TissueClocks_Pool6,Kidney_287,mm10,TAGAG,26,male,26.16,Kidney,NA
TS-TissueClocks_Pool6,Kidney_288,mm10,GTAAG,59,male,22.46,Kidney,NA
TS-TissueClocks_Pool6,Kidney_289,mm10,ATATT,60,female,29.2,Kidney,NA
TS-TissueClocks_Pool6,Kidney_290,mm10,AATAG,61,female,12,Kidney,NA
TS-TissueClocks_Pool6,Kidney_291,mm10,GATTA,62,female,12,Kidney,NA
TS-TissueClocks_Pool6,Kidney_292,mm10,ATAGA,63,female,24,Kidney,NA
TS-TissueClocks_Pool6,Kidney_293,mm10,GAAGA,64,female,6,Kidney,NA
TS-TissueClocks_Pool6,lambda_294,Enterobacteriophage_lambda,TGGTT,40,NA,NA,NA,NA
TS-TissueClocks_Pool7,Kidney_295,mm10,AAAGA,1,female,12,Kidney,NA
TS-TissueClocks_Pool7,Kidney_296,mm10,AAGTA,2,female,12,Kidney,NA
TS-TissueClocks_Pool7,Kidney_297,mm10,AATTG,3,female,18,Kidney,NA
TS-TissueClocks_Pool7,Kidney_298,mm10,AGATG,4,female,18,Kidney,NA
TS-TissueClocks_Pool7,Kidney_299,mm10,AGGTT,5,female,29.2,Kidney,NA
TS-TissueClocks_Pool7,Kidney_300,mm10,AGTAA,6,female,29.9,Kidney,NA
TS-TissueClocks_Pool7,Kidney_301,mm10,ATTAG,7,female,29.2,Kidney,NA
TS-TissueClocks_Pool7,Kidney_302,mm10,GTTGT,8,female,18,Kidney,NA
TS-TissueClocks_Pool7,Kidney_303,mm10,AGTGA,9,female,18,Kidney,NA
TS-TissueClocks_Pool7,Kidney_304,mm10,ATGTG,10,female,12,Kidney,NA
TS-TissueClocks_Pool7,Kidney_305,mm10,GTAGA,11,female,24,Kidney,NA
TS-TissueClocks_Pool7,Kidney_306,mm10,GAGTG,15,female,6,Kidney,NA
TS-TissueClocks_Pool7,Kidney_307,mm10,GTGAA,13,female,18,Kidney,NA
TS-TissueClocks_Pool7,Kidney_308,mm10,GTTTG,14,female,29.5,Kidney,NA
TS-TissueClocks_Pool7,Kidney_309,mm10,ATGTA,37,female,6,Kidney,NA
TS-TissueClocks_Pool7,Kidney_310,mm10,AGATA,38,female,18,Kidney,NA
TS-TissueClocks_Pool7,Kidney_311,mm10,GAAGT,17,male,12,Kidney,NA
TS-TissueClocks_Pool7,Kidney_312,mm10,GAGGG,18,male,30.2,Kidney,NA
TS-TissueClocks_Pool7,Kidney_313,mm10,GAGGA,19,male,6,Kidney,NA
TS-TissueClocks_Pool7,Kidney_314,mm10,GATGG,20,female,16.52,Kidney,NA
TS-TissueClocks_Pool7,Kidney_315,mm10,GATTT,21,female,28.46,Kidney,NA
TS-TissueClocks_Pool7,Kidney_316,mm10,GTAGG,22,female,28.46,Kidney,NA
TS-TissueClocks_Pool7,Kidney_317,mm10,GTGAG,24,male,22.46,Kidney,NA
TS-TissueClocks_Pool7,Kidney_318,mm10,GAGAT,34,male,18,Kidney,NA
TS-TissueClocks_Pool7,Kidney_319,mm10,AGTTG,35,female,12,Kidney,NA
TS-TissueClocks_Pool7,Kidney_320,mm10,GATGA,36,male,18,Kidney,NA
TS-TissueClocks_Pool7,Kidney_321,mm10,AGTAT,43,female,24,Kidney,NA
TS-TissueClocks_Pool7,Kidney_322,mm10,TGTTG,44,male,18,Kidney,NA
TS-TissueClocks_Pool7,Kidney_323,mm10,GATAG,45,male,24,Kidney,NA
TS-TissueClocks_Pool7,Kidney_324,mm10,TAGTG,46,male,18,Kidney,NA
TS-TissueClocks_Pool7,Kidney_325,mm10,GGTAT,47,male,12,Kidney,NA
TS-TissueClocks_Pool7,Kidney_326,mm10,GTATG,48,male,6,Kidney,NA
TS-TissueClocks_Pool7,Kidney_327,mm10,AGGAG,49,male,18,Kidney,NA
TS-TissueClocks_Pool7,Kidney_328,mm10,TTAAG,50,male,24,Kidney,NA
TS-TissueClocks_Pool7,Kidney_329,mm10,TGAGT,39,male,24,Kidney,NA
TS-TissueClocks_Pool7,Kidney_330,mm10,GGAAG,52,male,30.2,Kidney,NA
TS-TissueClocks_Pool7,Kidney_331,mm10,GTGTA,53,NA,NA,NA,NA
TS-TissueClocks_Pool7,Kidney_332,mm10,TAAGA,54,male,24,Kidney,NA
TS-TissueClocks_Pool7,Kidney_333,mm10,ATGGT,55,male,30.2,Kidney,NA
TS-TissueClocks_Pool7,Kidney_334,mm10,AGAGG,56,male,29.5,Kidney,NA
TS-TissueClocks_Pool7,Kidney_335,mm10,GTGGT,57,male,30.2,Kidney,NA
TS-TissueClocks_Pool7,Kidney_336,mm10,TAGAG,26,male,30.2,Kidney,NA
TS-TissueClocks_Pool7,Kidney_337,mm10,GTAAG,59,male,NA,Kidney,NA
TS-TissueClocks_Pool7,Kidney_338,mm10,ATATT,60,male,30.2,Kidney,NA
TS-TissueClocks_Pool7,Kidney_339,mm10,AATAG,61,female,18,Kidney,NA
TS-TissueClocks_Pool7,Kidney_340,mm10,GATTA,62,female,24,Kidney,NA
TS-TissueClocks_Pool7,Kidney_341,mm10,ATAGA,63,female,29.2,Kidney,NA
TS-TissueClocks_Pool7,Kidney_342,mm10,GAAGA,64,female,12,Kidney,NA
TS-TissueClocks_Pool7,lambda_343,Enterobacteriophage_lambda,TGGTT,40,NA,NA,NA,NA
TS-TissueClocks_Pool8,Kidney_344,mm10,AAAGA,1,female,29.2,Kidney,NA
TS-TissueClocks_Pool8,Kidney_345,mm10,AAGTA,2,female,6,Kidney,NA
TS-TissueClocks_Pool8,Kidney_346,mm10,AATTG,3,female,12,Kidney,NA
TS-TissueClocks_Pool8,Kidney_347,mm10,AGATG,4,female,24,Kidney,NA
TS-TissueClocks_Pool8,Kidney_348,mm10,AGGTT,5,female,24,Kidney,NA
TS-TissueClocks_Pool8,Kidney_349,mm10,AGTAA,6,male,NA,Kidney,NA
TS-TissueClocks_Pool8,Kidney_350,mm10,ATTAG,7,female,29.2,Kidney,NA
TS-TissueClocks_Pool8,Kidney_351,mm10,GTTGT,8,female,18,Kidney,NA
TS-TissueClocks_Pool8,Kidney_352,mm10,AGTGA,9,female,24,Kidney,NA
TS-TissueClocks_Pool8,Kidney_353,mm10,ATGTG,10,female,29.2,Kidney,NA
TS-TissueClocks_Pool8,Kidney_354,mm10,GTAGA,11,female,12,Kidney,NA
TS-TissueClocks_Pool8,Kidney_355,mm10,GAGTG,15,female,29.2,Kidney,NA
TS-TissueClocks_Pool8,Kidney_356,mm10,GTGAA,13,female,24,Kidney,NA
TS-TissueClocks_Pool8,Kidney_357,mm10,GTTTG,14,female,12,Kidney,NA
TS-TissueClocks_Pool8,Kidney_358,mm10,ATGTA,37,female,29.5,Kidney,NA
TS-TissueClocks_Pool8,Kidney_359,mm10,AGATA,38,female,24,Kidney,NA
TS-TissueClocks_Pool8,Kidney_360,mm10,GAAGT,17,female,12,Kidney,NA
TS-TissueClocks_Pool8,Kidney_361,mm10,GAGGG,18,female,24,Kidney,NA
TS-TissueClocks_Pool8,Kidney_362,mm10,GAGGA,19,female,24,Kidney,NA
TS-TissueClocks_Pool8,Kidney_363,mm10,GATGG,20,female,6,Kidney,NA
TS-TissueClocks_Pool8,Kidney_364,mm10,GATTT,21,female,6,Kidney,NA
TS-TissueClocks_Pool8,Kidney_365,mm10,GTAGG,22,female,24,Kidney,NA
TS-TissueClocks_Pool8,Kidney_366,mm10,GTGAG,24,female,29.2,Kidney,NA
TS-TissueClocks_Pool8,Kidney_367,mm10,GAGAT,34,male,24,Kidney,NA
TS-TissueClocks_Pool8,Kidney_368,mm10,AGTTG,35,male,22.46,Kidney,NA
TS-TissueClocks_Pool8,Kidney_369,mm10,GATGA,36,male,22.46,Kidney,NA
TS-TissueClocks_Pool8,Kidney_370,mm10,AGTAT,43,female,16.52,Kidney,NA
TS-TissueClocks_Pool8,WAT_371,mm10,TGTTG,44,male,18,WAT,NA
TS-TissueClocks_Pool8,WAT_372,mm10,GATAG,45,male,24,WAT,NA
TS-TissueClocks_Pool8,WAT_373,mm10,TAGTG,46,male,12,WAT,NA
TS-TissueClocks_Pool8,WAT_374,mm10,GGTAT,47,male,24,WAT,NA
TS-TissueClocks_Pool8,WAT_375,mm10,GTATG,48,male,12,WAT,NA
TS-TissueClocks_Pool8,WAT_376,mm10,AGGAG,49,male,6,WAT,NA
TS-TissueClocks_Pool8,WAT_377,mm10,TTAAG,50,male,12,WAT,NA
TS-TissueClocks_Pool8,WAT_378,mm10,TGAGT,39,male,24,WAT,NA
TS-TissueClocks_Pool8,WAT_379,mm10,GGAAG,52,male,24,WAT,NA
TS-TissueClocks_Pool8,WAT_380,mm10,GTGTA,53,male,6,WAT,NA
TS-TissueClocks_Pool8,WAT_381,mm10,TAAGA,54,male,24,WAT,NA
TS-TissueClocks_Pool8,WAT_382,mm10,ATGGT,55,female,29.2,WAT,NA
TS-TissueClocks_Pool8,WAT_383,mm10,AGAGG,56,female,12,WAT,NA
TS-TissueClocks_Pool8,WAT_384,mm10,GTGGT,57,female,6,WAT,NA
TS-TissueClocks_Pool8,WAT_385,mm10,TAGAG,26,female,18,WAT,NA
TS-TissueClocks_Pool8,WAT_386,mm10,GTAAG,59,female,18,WAT,NA
TS-TissueClocks_Pool8,WAT_387,mm10,ATATT,60,female,18,WAT,NA
TS-TissueClocks_Pool8,WAT_388,mm10,AATAG,61,female,6,WAT,NA
TS-TissueClocks_Pool8,WAT_389,mm10,GATTA,62,female,6,WAT,NA
TS-TissueClocks_Pool8,WAT_390,mm10,ATAGA,63,female,12,WAT,NA
TS-TissueClocks_Pool8,WAT_391,mm10,GAAGA,64,female,24,WAT,NA
TS-TissueClocks_Pool8,lambda_392,Enterobacteriophage_lambda,TGGTT,40,NA,NA,NA,NA
TS-TissueClocks_Pool9,WAT_393,mm10,AAAGA,1,female,29.9,WAT,NA
TS-TissueClocks_Pool9,WAT_394,mm10,AAGTA,2,female,29.5,WAT,NA
TS-TissueClocks_Pool9,WAT_395,mm10,AATTG,3,female,29.2,WAT,NA
TS-TissueClocks_Pool9,WAT_396,mm10,AGATG,4,female,24,WAT,NA
TS-TissueClocks_Pool9,WAT_397,mm10,AGGTT,5,female,12,WAT,NA
TS-TissueClocks_Pool9,WAT_398,mm10,AGTAA,6,female,12,WAT,NA
TS-TissueClocks_Pool9,WAT_399,mm10,ATTAG,7,female,24,WAT,NA
TS-TissueClocks_Pool9,WAT_400,mm10,GTTGT,8,female,6,WAT,NA
TS-TissueClocks_Pool9,WAT_401,mm10,AGTGA,9,female,29.2,WAT,NA
TS-TissueClocks_Pool9,WAT_402,mm10,ATGTG,10,female,24,WAT,NA
TS-TissueClocks_Pool9,WAT_403,mm10,GTAGA,11,female,24,WAT,NA
TS-TissueClocks_Pool9,WAT_404,mm10,GAGTG,15,female,6,WAT,NA
TS-TissueClocks_Pool9,WAT_405,mm10,GTGAA,13,female,29.2,WAT,NA
TS-TissueClocks_Pool9,WAT_406,mm10,GTTTG,14,female,29.2,WAT,NA
TS-TissueClocks_Pool9,WAT_407,mm10,ATGTA,37,female,24,WAT,NA
TS-TissueClocks_Pool9,WAT_408,mm10,AGATA,38,female,29.2,WAT,NA
TS-TissueClocks_Pool9,WAT_409,mm10,GAAGT,17,male,24,WAT,NA
TS-TissueClocks_Pool9,WAT_410,mm10,GAGGG,18,male,6,WAT,NA
TS-TissueClocks_Pool9,WAT_411,mm10,GAGGA,19,male,18,WAT,NA
TS-TissueClocks_Pool9,WAT_412,mm10,GATGG,20,male,18,WAT,NA
TS-TissueClocks_Pool9,WAT_413,mm10,GATTT,21,male,18,WAT,NA
TS-TissueClocks_Pool9,WAT_414,mm10,GTAGG,22,male,18,WAT,NA
TS-TissueClocks_Pool9,WAT_415,mm10,GTGAG,24,male,12,WAT,NA
TS-TissueClocks_Pool9,WAT_416,mm10,GAGAT,34,male,24,WAT,NA
TS-TissueClocks_Pool9,WAT_417,mm10,AGTTG,35,male,24,WAT,NA
TS-TissueClocks_Pool9,Kidney_418,mm10,GATGA,36,female,24,Kidney,NA
TS-TissueClocks_Pool9,Kidney_419,mm10,AGTAT,43,female,29.2,Kidney,NA
TS-TissueClocks_Pool9,Kidney_420,mm10,TGTTG,44,female,6,Kidney,NA
TS-TissueClocks_Pool9,Kidney_421,mm10,GATAG,45,female,6,Kidney,NA
TS-TissueClocks_Pool9,Kidney_422,mm10,TAGTG,46,female,29.5,Kidney,NA
TS-TissueClocks_Pool9,Kidney_423,mm10,GGTAT,47,female,24,Kidney,NA
TS-TissueClocks_Pool9,Kidney_424,mm10,GTATG,48,female,6,Kidney,NA
TS-TissueClocks_Pool9,Kidney_425,mm10,AGGAG,49,female,18,Kidney,NA
TS-TissueClocks_Pool9,Kidney_426,mm10,TTAAG,50,female,24,Kidney,NA
TS-TissueClocks_Pool9,Kidney_427,mm10,TGAGT,39,female,29.2,Kidney,NA
TS-TissueClocks_Pool9,Kidney_428,mm10,GGAAG,52,male,24,Kidney,NA
TS-TissueClocks_Pool9,Kidney_429,mm10,GTGTA,53,male,24,Kidney,NA
TS-TissueClocks_Pool9,Kidney_430,mm10,TAAGA,54,male,24,Kidney,NA
TS-TissueClocks_Pool9,Kidney_431,mm10,ATGGT,55,male,NA,Kidney,NA
TS-TissueClocks_Pool9,Kidney_432,mm10,AGAGG,56,male,18,Kidney,NA
TS-TissueClocks_Pool9,Kidney_433,mm10,GTGGT,57,NA,NA,NA,NA
TS-TissueClocks_Pool9,Kidney_434,mm10,TAGAG,26,male,6,Kidney,NA
TS-TissueClocks_Pool9,Kidney_435,mm10,GTAAG,59,male,6,Kidney,NA
TS-TissueClocks_Pool9,Kidney_436,mm10,ATATT,60,male,24,Kidney,NA
TS-TissueClocks_Pool9,Kidney_437,mm10,AATAG,61,male,18,Kidney,NA
TS-TissueClocks_Pool9,Kidney_438,mm10,GATTA,62,male,12,Kidney,NA
TS-TissueClocks_Pool9,Kidney_439,mm10,ATAGA,63,male,26.16,Kidney,NA
TS-TissueClocks_Pool9,Kidney_440,mm10,GAAGA,64,male,26.16,Kidney,NA
TS-TissueClocks_Pool9,lambda_441,Enterobacteriophage_lambda,TGGTT,40,NA,NA,NA,NA
TS-TissueClocks_Pool10,Kidney_442,mm10,AAAGA,1,female,16.52,Kidney,NA
TS-TissueClocks_Pool10,Kidney_443,mm10,AAGTA,2,male,28.46,Kidney,NA
TS-TissueClocks_Pool10,Liver_444,mm10,AATTG,3,male,10.3,Liver,NA
TS-TissueClocks_Pool10,Liver_445,mm10,AGATG,4,male,10.7,Liver,NA
TS-TissueClocks_Pool10,Liver_446,mm10,AGGTT,5,male,10.7,Liver,NA
TS-TissueClocks_Pool10,Liver_447,mm10,AGTAA,6,male,11.3,Liver,NA
TS-TissueClocks_Pool10,Liver_448,mm10,ATTAG,7,male,11.2,Liver,NA
TS-TissueClocks_Pool10,Liver_449,mm10,GTTGT,8,male,11.3,Liver,NA
TS-TissueClocks_Pool10,Liver_450,mm10,AGTGA,9,male,11.1,Liver,NA
TS-TissueClocks_Pool10,Liver_451,mm10,ATGTG,10,male,11,Liver,NA
TS-TissueClocks_Pool10,Liver_452,mm10,GTAGA,11,male,10.8,Liver,NA
TS-TissueClocks_Pool10,Liver_453,mm10,GAGTG,15,male,10.8,Liver,NA
TS-TissueClocks_Pool10,Liver_454,mm10,GTGAA,13,male,10.4,Liver,NA
TS-TissueClocks_Pool10,Skin_455,mm10,GTTTG,14,NA,NA,Skin,NA
TS-TissueClocks_Pool10,Skin_456,mm10,ATGTA,37,male,11.1,Skin,NA
TS-TissueClocks_Pool10,Skin_457,mm10,AGATA,38,male,10.4,Skin,NA
TS-TissueClocks_Pool10,Skin_458,mm10,GAAGT,17,male,10.8,Skin,NA
TS-TissueClocks_Pool10,Skin_459,mm10,GAGGG,18,male,11,Skin,NA
TS-TissueClocks_Pool10,Liver_460,mm10,GAGGA,19,male,25,Liver,NA
TS-TissueClocks_Pool10,Liver_461,mm10,GATGG,20,male,25,Liver,NA
TS-TissueClocks_Pool10,Liver_462,mm10,GATTT,21,male,25,Liver,NA
TS-TissueClocks_Pool10,Liver_463,mm10,GTAGG,22,male,25,Liver,NA
TS-TissueClocks_Pool10,Liver_464,mm10,GTGAG,24,male,25,Liver,NA
TS-TissueClocks_Pool10,Liver_465,mm10,GAGAT,34,male,25,Liver,NA
TS-TissueClocks_Pool10,Liver_466,mm10,AGTTG,35,male,25,Liver,NA
TS-TissueClocks_Pool10,Liver_467,mm10,GATGA,36,male,25,Liver,NA
TS-TissueClocks_Pool10,Unknown_468,mm10,AGTAT,43,NA,NA,NA,x
TS-TissueClocks_Pool10,Liver_469,mm10,TGTTG,44,male,25,Liver,NA
TS-TissueClocks_Pool10,Liver_470,mm10,GATAG,45,male,25,Liver,NA
TS-TissueClocks_Pool10,Liver_471,mm10,TAGTG,46,male,25,Liver,NA
TS-TissueClocks_Pool10,Liver_472,mm10,GGTAT,47,Male,29.5,Liver,NA
TS-TissueClocks_Pool10,Liver_473,mm10,GTATG,48,Male,29.5,Liver,NA
TS-TissueClocks_Pool10,Liver_474,mm10,GTGGT,57,Female,29.5,Liver,NA
TS-TissueClocks_Pool10,Liver_475,mm10,TAGAG,26,Female,29.2,Liver,NA
TS-TissueClocks_Pool10,Liver_476,mm10,GTAAG,59,Female,29.2,Liver,NA
TS-TissueClocks_Pool10,Liver_477,mm10,ATATT,60,Female,29.2,Liver,NA
TS-TissueClocks_Pool10,Liver_478,mm10,AATAG,61,Female,29.2,Liver,NA
TS-TissueClocks_Pool10,Liver_479,mm10,GATTA,62,Female,29.2,Liver,NA
TS-TissueClocks_Pool10,Liver_480,mm10,ATAGA,63,Male,30.2,Liver,NA
TS-TissueClocks_Pool10,Liver_481,mm10,GAAGA,64,Male,30.2,Liver,NA
TS-TissueClocks_Pool10,Liver_482,mm10,AGGAG,49,Male,30.2,Liver,NA
TS-TissueClocks_Pool10,Liver_483,mm10,TTAAG,50,Male,30.2,Liver,NA
TS-TissueClocks_Pool10,lambda_484,Enterobacteriophage_lambda,TGGTT,40,NA,NA,NA,NA
