pool_ID,sample_ID,genome,BS,barcode_N,barcode,age,age_units,sex,tissue,exclude
TS-TissueInt_Pool1,A-1,mm10,BS,1,AAAGA,16,months,male,Liver,NA
TS-TissueInt_Pool1,A-2,mm10,BS,2,AAGTA,16,months,male,Liver,NA
TS-TissueInt_Pool1,A-3,mm10,BS,3,AATTG,16,months,male,Liver,NA
TS-TissueInt_Pool1,A-4,mm10,BS,4,AGATG,16,months,male,Liver,NA
TS-TissueInt_Pool1,B-2,mm10,BS,5,AGGTT,16,months,male,Liver,NA
TS-TissueInt_Pool1,B-3,mm10,BS,6,AGTAA,16,months,male,Liver,NA
TS-TissueInt_Pool1,B-4,mm10,BS,7,ATTAG,16,months,male,Liver,NA
TS-TissueInt_Pool1,C-1,mm10,BS,8,GTTGT,16,months,male,Liver,NA
TS-TissueInt_Pool1,C-3,mm10,BS,9,AGTGA,16,months,male,Liver,NA
TS-TissueInt_Pool1,C-4,mm10,BS,10,ATGTG,16,months,male,Liver,NA
TS-TissueInt_Pool1,D-2,mm10,BS,11,GTAGA,16,months,male,Liver,NA
TS-TissueInt_Pool1,D-3,mm10,BS,12,GTGGG,16,months,male,Liver,NA
TS-TissueInt_Pool1,E-1,mm10,BS,13,GTGAA,16,months,male,Liver,NA
TS-TissueInt_Pool1,F-1,mm10,BS,14,GTTTG,16,months,male,Liver,NA
TS-TissueInt_Pool1,F-2,mm10,BS,15,GAGTG,16,months,male,Liver,NA
TS-TissueInt_Pool1,G-1,mm10,BS,16,ATTGG,16,months,male,Liver,NA
TS-TissueInt_Pool1,G-2,mm10,BS,17,GAAGT,16,months,male,Liver,NA
TS-TissueInt_Pool1,NA,mm10,BS,18,GAGGG,NA,NA,NA,Liver,x
TS-TissueInt_Pool1,NA,mm10,BS,19,GAGGA,NA,NA,NA,Liver,x
TS-TissueInt_Pool1,NA,mm10,BS,20,GATGG,NA,NA,NA,Liver,x
TS-TissueInt_Pool1,NA,mm10,BS,21,GATTT,NA,NA,NA,Liver,x
TS-TissueInt_Pool1,NA,mm10,BS,22,GTAGG,NA,NA,NA,Liver,x
TS-TissueInt_Pool1,NA,mm10,BS,23,GTATA,NA,NA,NA,Liver,x
TS-TissueInt_Pool1,NA,mm10,BS,24,GTGAG,NA,NA,NA,Liver,x
TS-TissueInt_Pool1,NA,mm10,BS,25,TAATG,NA,NA,NA,Liver,x
TS-TissueInt_Pool1,NA,mm10,BS,26,TAGAG,NA,NA,NA,Liver,x
TS-TissueInt_Pool1,NA,mm10,BS,27,TATAA,NA,NA,NA,Liver,x
TS-TissueInt_Pool1,NA,mm10,BS,28,TGATT,NA,NA,NA,Liver,x
TS-TissueInt_Pool1,NA,mm10,BS,29,TGGAA,NA,NA,NA,Liver,x
TS-TissueInt_Pool1,NA,mm10,BS,30,ATGAG,NA,NA,NA,Liver,x
TS-TissueInt_Pool1,NA,mm10,BS,31,TTAGG,NA,NA,NA,Liver,x
TS-TissueInt_Pool1,NA,mm10,BS,32,TGAGG,NA,NA,NA,Liver,x
TS-TissueInt_Pool1,NA,mm10,BS,33,AGAGT,NA,NA,NA,Liver,x
TS-TissueInt_Pool1,NA,mm10,BS,34,GAGAT,NA,NA,NA,Liver,x
TS-TissueInt_Pool1,NA,mm10,BS,35,AGTTG,NA,NA,NA,Liver,x
TS-TissueInt_Pool1,NA,mm10,BS,36,GATGA,NA,NA,NA,Liver,x
TS-TissueInt_Pool2,NA,mm10,BS,1,AAAGA,NA,NA,NA,Liver,x
TS-TissueInt_Pool2,NA,mm10,BS,2,AAGTA,NA,NA,NA,Liver,x
TS-TissueInt_Pool2,NA,mm10,BS,3,AATTG,NA,NA,NA,Liver,x
TS-TissueInt_Pool2,NA,mm10,BS,4,AGATG,NA,NA,NA,Liver,x
TS-TissueInt_Pool2,NA,mm10,BS,5,AGGTT,NA,NA,NA,Liver,x
TS-TissueInt_Pool2,NA,mm10,BS,6,AGTAA,NA,NA,NA,Liver,x
TS-TissueInt_Pool2,NA,mm10,BS,7,ATTAG,NA,NA,NA,Liver,x
TS-TissueInt_Pool2,NA,mm10,BS,8,GTTGT,NA,NA,NA,Liver,x
TS-TissueInt_Pool2,NA,mm10,BS,9,AGTGA,NA,NA,NA,Liver,x
TS-TissueInt_Pool2,NA,mm10,BS,10,ATGTG,NA,NA,NA,Liver,x
TS-TissueInt_Pool2,NA,mm10,BS,11,GTAGA,NA,NA,NA,Liver,x
TS-TissueInt_Pool2,NA,mm10,BS,12,GTGGG,NA,NA,NA,Liver,x
TS-TissueInt_Pool2,NA,mm10,BS,13,GTGAA,NA,NA,NA,Liver,x
TS-TissueInt_Pool2,NA,mm10,BS,14,GTTTG,NA,NA,NA,Liver,x
TS-TissueInt_Pool2,NA,mm10,BS,15,GAGTG,NA,NA,NA,Liver,x
TS-TissueInt_Pool2,NA,mm10,BS,16,ATTGG,NA,NA,NA,Liver,x
TS-TissueInt_Pool2,NA,mm10,BS,17,GAAGT,NA,NA,NA,Liver,x
TS-TissueInt_Pool2,NA,mm10,BS,18,GAGGG,NA,NA,NA,Liver,x
TS-TissueInt_Pool2,NA,mm10,BS,19,GAGGA,NA,NA,NA,Liver,x
TS-TissueInt_Pool2,NA,mm10,BS,20,GATGG,NA,NA,NA,Liver,x
TS-TissueInt_Pool2,NA,mm10,BS,21,GATTT,NA,NA,NA,Liver,x
TS-TissueInt_Pool2,NA,mm10,BS,22,GTAGG,NA,NA,NA,Liver,x
TS-TissueInt_Pool2,NA,mm10,BS,23,GTATA,NA,NA,NA,Liver,x
TS-TissueInt_Pool2,NA,mm10,BS,24,GTGAG,NA,NA,NA,Liver,x
TS-TissueInt_Pool2,PvS.1,mm10,BS,25,TAATG,17.5,months,male,Liver,NA
TS-TissueInt_Pool2,PvS.2,mm10,BS,26,TAGAG,17.5,months,male,Liver,NA
TS-TissueInt_Pool2,PvS.3,mm10,BS,27,TATAA,17.53333333,months,male,Liver,x
TS-TissueInt_Pool2,PvS.6,mm10,BS,28,TGATT,16.1,months,male,Liver,NA
TS-TissueInt_Pool2,PvS.7,mm10,BS,29,TGGAA,16.1,months,male,Liver,NA
TS-TissueInt_Pool2,PvS.8,mm10,BS,30,ATGAG,16.1,months,male,Liver,x
TS-TissueInt_Pool2,PvS.11,mm10,BS,31,TTAGG,14.76666667,months,male,Liver,NA
TS-TissueInt_Pool2,PvS.12,mm10,BS,32,TGAGG,14.76666667,months,male,Liver,NA
TS-TissueInt_Pool2,PvS.13,mm10,BS,33,AGAGT,14.76666667,months,male,Liver,x
TS-TissueInt_Pool2,NA,mm10,BS,34,GAGAT,NA,NA,NA,Liver,x
TS-TissueInt_Pool2,NA,mm10,BS,35,AGTTG,NA,NA,NA,Liver,x
TS-TissueInt_Pool2,NA,mm10,BS,36,GATGA,NA,NA,NA,Liver,x
TS-TissueInt_Pool2,NA,mm10,BS,37,ATGTA,NA,NA,NA,Liver,x
TS-TissueInt_Pool2,NA,mm10,BS,38,AGATA,NA,NA,NA,Liver,x
TS-TissueInt_Pool1,L,Enterobacteriophage_lambda,BS,49,AGGAG,NA,NA,NA,NA,NA
TS-TissueInt_Pool2,L,Enterobacteriophage_lambda,BS,49,AGGAG,NA,NA,NA,NA,NA