pool_ID,sample_ID,genome,bisulfite,barcode_N,barcode_oligo,barcode,age,tissue,sex,exclude,age_units,treatment
22-43-WAT-Pool2,9m-11,mm10,BS,1,TS301,AAAGA,9,WAT,female,NA,months,none
22-43-WAT-Pool2,9m-12,mm10,BS,2,TS302,AAGTA,9,WAT,female,NA,months,none
22-43-WAT-Pool2,9m-13,mm10,BS,3,TS303,AATTG,9,WAT,female,NA,months,none
22-43-WAT-Pool2,9m-14,mm10,BS,4,TS304,AGATG,9,WAT,female,NA,months,none
22-43-WAT-Pool2,9m-15,mm10,BS,5,TS305,AGGTT,9,WAT,female,NA,months,none
22-43-WAT-Pool2,9m-16,mm10,BS,6,TS306,AGTAA,9,WAT,female,NA,months,none
22-43-WAT-Pool2,9m-17,mm10,BS,7,TS307,ATTAG,9,WAT,female,NA,months,none
22-43-WAT-Pool2,9m-18,mm10,BS,8,TS308,GTTGT,9,WAT,female,NA,months,none
22-43-WAT-Pool2,9m-19,mm10,BS,9,TS309,AGTGA,9,WAT,female,NA,months,none
22-43-WAT-Pool2,9m-20,mm10,BS,10,TS310,ATGTG,9,WAT,female,NA,months,none
22-43-WAT-Pool2,15m-11,mm10,BS,11,TS311,GTAGA,15,WAT,female,NA,months,none
22-43-WAT-Pool2,15m-12,mm10,BS,12,TS312,GTGGG,15,WAT,female,NA,months,none
22-43-WAT-Pool2,15m-13,mm10,BS,13,TS313,GTGAA,15,WAT,female,NA,months,none
22-43-WAT-Pool2,15m-14,mm10,BS,14,TS314,GTTTG,15,WAT,female,NA,months,none
22-43-WAT-Pool2,15m-15,mm10,BS,15,TS315,GAGTG,15,WAT,female,NA,months,none
22-43-WAT-Pool2,15m-16,mm10,BS,16,TS316,ATTGG,15,WAT,female,NA,months,none
22-43-WAT-Pool2,15m-17,mm10,BS,17,TS317,GAAGT,15,WAT,female,NA,months,none
22-43-WAT-Pool2,15m-18,mm10,BS,18,TS318,GAGGG,15,WAT,female,NA,months,none
22-43-WAT-Pool2,15m-19,mm10,BS,19,TS319,GAGGA,15,WAT,female,NA,months,none
22-43-WAT-Pool2,15m-20,mm10,BS,20,TS320,GATGG,15,WAT,female,NA,months,none
22-43-WAT-Pool2,20m-11,mm10,BS,21,TS321,GATTT,20,WAT,female,NA,months,none
22-43-WAT-Pool2,20m-12,mm10,BS,22,TS322,GTAGG,20,WAT,female,NA,months,none
22-43-WAT-Pool2,20m-13,mm10,BS,23,TS323,GTATA,20,WAT,female,NA,months,none
22-43-WAT-Pool2,20m-14,mm10,BS,24,TS324,GTGAG,20,WAT,female,NA,months,none
22-43-WAT-Pool2,20m-15,mm10,BS,50,TS350,TTAAG,20,WAT,female,NA,months,none
22-43-WAT-Pool2,20m-16,mm10,BS,26,TS326,TAGAG,20,WAT,female,NA,months,none
22-43-WAT-Pool2,20m-17,mm10,BS,27,TS327,TATAA,20,WAT,female,NA,months,none
22-43-WAT-Pool2,20m-18,mm10,BS,28,TS328,TGATT,20,WAT,female,NA,months,none
22-43-WAT-Pool2,20m-19,mm10,BS,29,TS329,TGGAA,20,WAT,female,NA,months,none
22-43-WAT-Pool2,20m-20,mm10,BS,30,TS330,ATGAG,20,WAT,female,NA,months,none
22-43-WAT-Pool2,20m-1,mm10,BS,31,TS331,TTAGG,20,WAT,male,NA,months,none
22-43-WAT-Pool2,20m-2,mm10,BS,32,TS332,TGAGG,20,WAT,male,NA,months,none
22-43-WAT-Pool2,20m-3,mm10,BS,33,TS333,AGAGT,20,WAT,male,NA,months,none
22-43-WAT-Pool2,20m-4,mm10,BS,34,TS334,GAGAT,20,WAT,male,NA,months,none
22-43-WAT-Pool2,20m-5,mm10,BS,35,TS335,AGTTG,20,WAT,male,NA,months,none
22-43-WAT-Pool2,20m-6,mm10,BS,36,TS336,GATGA,20,WAT,male,NA,months,none
22-43-WAT-Pool2,20m-7,mm10,BS,37,TS337,ATGTA,20,WAT,male,NA,months,none
22-43-WAT-Pool2,20m-8,mm10,BS,38,TS338,AGATA,20,WAT,male,NA,months,none
22-43-WAT-Pool2,20m-9,mm10,BS,39,TS339,TGAGT,20,WAT,male,NA,months,none
22-43-WAT-Pool2,20m-10,mm10,BS,40,TS340,TGGTT,20,WAT,male,NA,months,none
22-43-WAT-Pool2,lambda,Enterobacteriophage_lambda,BS,41,TS341,AATAT,NA,NA,NA,NA,months,none
22-46-Kidney-Pool1,3m-1,mm10,BS,1,TS301,AAAGA,3,Kidney,male,NA,months,none
22-46-Kidney-Pool1,3m-2,mm10,BS,2,TS302,AAGTA,3,Kidney,male,NA,months,none
22-46-Kidney-Pool1,3m-3,mm10,BS,3,TS303,AATTG,3,Kidney,male,NA,months,none
22-46-Kidney-Pool1,3m-4,mm10,BS,4,TS304,AGATG,3,Kidney,male,NA,months,none
22-46-Kidney-Pool1,3m-5,mm10,BS,5,TS305,AGGTT,3,Kidney,male,NA,months,none
22-46-Kidney-Pool1,3m-6,mm10,BS,6,TS306,AGTAA,3,Kidney,male,NA,months,none
22-46-Kidney-Pool1,3m-7,mm10,BS,7,TS307,ATTAG,3,Kidney,male,NA,months,none
22-46-Kidney-Pool1,3m-8,mm10,BS,8,TS308,GTTGT,3,Kidney,male,NA,months,none
22-46-Kidney-Pool1,3m-9,mm10,BS,9,TS309,AGTGA,3,Kidney,male,NA,months,none
22-46-Kidney-Pool1,3m-10,mm10,BS,10,TS310,ATGTG,3,Kidney,male,NA,months,none
22-46-Kidney-Pool1,9m-1,mm10,BS,11,TS311,GTAGA,9,Kidney,male,NA,months,none
22-46-Kidney-Pool1,9m-2,mm10,BS,12,TS312,GTGGG,9,Kidney,male,NA,months,none
22-46-Kidney-Pool1,9m-3,mm10,BS,13,TS313,GTGAA,9,Kidney,male,NA,months,none
22-46-Kidney-Pool1,9m-4,mm10,BS,14,TS314,GTTTG,9,Kidney,male,NA,months,none
22-46-Kidney-Pool1,9m-5,mm10,BS,15,TS315,GAGTG,9,Kidney,male,NA,months,none
22-46-Kidney-Pool1,9m-6,mm10,BS,16,TS316,ATTGG,9,Kidney,male,NA,months,none
22-46-Kidney-Pool1,9m-7,mm10,BS,17,TS317,GAAGT,9,Kidney,male,NA,months,none
22-46-Kidney-Pool1,9m-8,mm10,BS,18,TS318,GAGGG,9,Kidney,male,NA,months,none
22-46-Kidney-Pool1,9m-9,mm10,BS,19,TS319,GAGGA,9,Kidney,male,NA,months,none
22-46-Kidney-Pool1,9m-10,mm10,BS,20,TS320,GATGG,9,Kidney,male,NA,months,none
22-46-Kidney-Pool1,15m-1,mm10,BS,21,TS321,GATTT,15,Kidney,male,NA,months,none
22-46-Kidney-Pool1,15m-2,mm10,BS,22,TS322,GTAGG,15,Kidney,male,NA,months,none
22-46-Kidney-Pool1,15m-3,mm10,BS,23,TS323,GTATA,15,Kidney,male,NA,months,none
22-46-Kidney-Pool1,15m-4,mm10,BS,24,TS324,GTGAG,15,Kidney,male,NA,months,none
22-46-Kidney-Pool1,15m-5,mm10,BS,50,TS350,TTAAG,15,Kidney,male,NA,months,none
22-46-Kidney-Pool1,15m-6,mm10,BS,26,TS326,TAGAG,15,Kidney,male,NA,months,none
22-46-Kidney-Pool1,15m-7,mm10,BS,27,TS327,TATAA,15,Kidney,male,NA,months,none
22-46-Kidney-Pool1,15m-8,mm10,BS,28,TS328,TGATT,15,Kidney,male,NA,months,none
22-46-Kidney-Pool1,15m-9,mm10,BS,29,TS329,TGGAA,15,Kidney,male,NA,months,none
22-46-Kidney-Pool1,15m-10,mm10,BS,30,TS330,ATGAG,15,Kidney,male,NA,months,none
22-46-Kidney-Pool1,3m-11,mm10,BS,31,TS331,TTAGG,3,Kidney,female,NA,months,none
22-46-Kidney-Pool1,3m-12,mm10,BS,32,TS332,TGAGG,3,Kidney,female,NA,months,none
22-46-Kidney-Pool1,3m-13,mm10,BS,33,TS333,AGAGT,3,Kidney,female,NA,months,none
22-46-Kidney-Pool1,3m-14,mm10,BS,34,TS334,GAGAT,3,Kidney,female,NA,months,none
22-46-Kidney-Pool1,3m-15,mm10,BS,35,TS335,AGTTG,3,Kidney,female,NA,months,none
22-46-Kidney-Pool1,3m-16,mm10,BS,36,TS336,GATGA,3,Kidney,female,NA,months,none
22-46-Kidney-Pool1,3m-17,mm10,BS,37,TS337,ATGTA,3,Kidney,female,NA,months,none
22-46-Kidney-Pool1,3m-18,mm10,BS,38,TS338,AGATA,3,Kidney,female,NA,months,none
22-46-Kidney-Pool1,3m-19,mm10,BS,39,TS339,TGAGT,3,Kidney,female,NA,months,none
22-46-Kidney-Pool1,3m-20,mm10,BS,40,TS340,TGGTT,3,Kidney,female,NA,months,none
22-46-Kidney-Pool1,lambda,Enterobacteriophage_lambda,BS,41,TS341,AATAT,NA,NA,NA,NA,months,none
22-46-Kidney-Pool2,9m-11,mm10,BS,1,TS301,AAAGA,9,Kidney,female,NA,months,none
22-46-Kidney-Pool2,9m-12,mm10,BS,2,TS302,AAGTA,9,Kidney,female,NA,months,none
22-46-Kidney-Pool2,9m-13,mm10,BS,3,TS303,AATTG,9,Kidney,female,NA,months,none
22-46-Kidney-Pool2,9m-14,mm10,BS,4,TS304,AGATG,9,Kidney,female,NA,months,none
22-46-Kidney-Pool2,9m-15,mm10,BS,5,TS305,AGGTT,9,Kidney,female,NA,months,none
22-46-Kidney-Pool2,9m-16,mm10,BS,6,TS306,AGTAA,9,Kidney,female,NA,months,none
22-46-Kidney-Pool2,9m-17,mm10,BS,7,TS307,ATTAG,9,Kidney,female,NA,months,none
22-46-Kidney-Pool2,9m-18,mm10,BS,8,TS308,GTTGT,9,Kidney,female,NA,months,none
22-46-Kidney-Pool2,9m-19,mm10,BS,9,TS309,AGTGA,9,Kidney,female,NA,months,none
22-46-Kidney-Pool2,9m-20,mm10,BS,10,TS310,ATGTG,9,Kidney,female,NA,months,none
22-46-Kidney-Pool2,15m-11,mm10,BS,11,TS311,GTAGA,15,Kidney,female,NA,months,none
22-46-Kidney-Pool2,15m-12,mm10,BS,12,TS312,GTGGG,15,Kidney,female,NA,months,none
22-46-Kidney-Pool2,15m-13,mm10,BS,13,TS313,GTGAA,15,Kidney,female,NA,months,none
22-46-Kidney-Pool2,15m-14,mm10,BS,14,TS314,GTTTG,15,Kidney,female,NA,months,none
22-46-Kidney-Pool2,15m-15,mm10,BS,15,TS315,GAGTG,15,Kidney,female,NA,months,none
22-46-Kidney-Pool2,15m-16,mm10,BS,16,TS316,ATTGG,15,Kidney,female,NA,months,none
22-46-Kidney-Pool2,15m-17,mm10,BS,17,TS317,GAAGT,15,Kidney,female,NA,months,none
22-46-Kidney-Pool2,15m-18,mm10,BS,18,TS318,GAGGG,15,Kidney,female,NA,months,none
22-46-Kidney-Pool2,15m-19,mm10,BS,19,TS319,GAGGA,15,Kidney,female,NA,months,none
22-46-Kidney-Pool2,15m-20,mm10,BS,20,TS320,GATGG,15,Kidney,female,NA,months,none
22-46-Kidney-Pool2,20m-11,mm10,BS,21,TS321,GATTT,20,Kidney,female,NA,months,none
22-46-Kidney-Pool2,20m-12,mm10,BS,22,TS322,GTAGG,20,Kidney,female,NA,months,none
22-46-Kidney-Pool2,20m-13,mm10,BS,23,TS323,GTATA,20,Kidney,female,NA,months,none
22-46-Kidney-Pool2,20m-14,mm10,BS,24,TS324,GTGAG,20,Kidney,female,NA,months,none
22-46-Kidney-Pool2,20m-15,mm10,BS,50,TS350,TTAAG,20,Kidney,female,NA,months,none
22-46-Kidney-Pool2,20m-16,mm10,BS,26,TS326,TAGAG,20,Kidney,female,NA,months,none
22-46-Kidney-Pool2,20m-17,mm10,BS,27,TS327,TATAA,20,Kidney,female,NA,months,none
22-46-Kidney-Pool2,20m-18,mm10,BS,28,TS328,TGATT,20,Kidney,female,NA,months,none
22-46-Kidney-Pool2,20m-19,mm10,BS,29,TS329,TGGAA,20,Kidney,female,NA,months,none
22-46-Kidney-Pool2,20m-20,mm10,BS,30,TS330,ATGAG,20,Kidney,female,NA,months,none
22-46-Kidney-Pool2,20m-1,mm10,BS,31,TS331,TTAGG,20,Kidney,male,NA,months,none
22-46-Kidney-Pool2,20m-2,mm10,BS,32,TS332,TGAGG,20,Kidney,male,NA,months,none
22-46-Kidney-Pool2,20m-3,mm10,BS,33,TS333,AGAGT,20,Kidney,male,NA,months,none
22-46-Kidney-Pool2,20m-4,mm10,BS,34,TS334,GAGAT,20,Kidney,male,NA,months,none
22-46-Kidney-Pool2,20m-5,mm10,BS,35,TS335,AGTTG,20,Kidney,male,NA,months,none
22-46-Kidney-Pool2,20m-6,mm10,BS,36,TS336,GATGA,20,Kidney,male,NA,months,none
22-46-Kidney-Pool2,20m-7,mm10,BS,37,TS337,ATGTA,20,Kidney,male,NA,months,none
22-46-Kidney-Pool2,20m-8,mm10,BS,38,TS338,AGATA,20,Kidney,male,NA,months,none
22-46-Kidney-Pool2,20m-9,mm10,BS,39,TS339,TGAGT,20,Kidney,male,NA,months,none
22-46-Kidney-Pool2,20m-10,mm10,BS,40,TS340,TGGTT,20,Kidney,male,NA,months,none
22-46-Kidney-Pool2,lambda,Enterobacteriophage_lambda,BS,41,TS341,AATAT,NA,NA,NA,NA,months,none
